Id,Predicted
19307997,545.1656496076179
20176193,158.39836515298813
19485371,61.50412773055708
13079990,79.8358666006983
22339757,57.96238382263016
7717071,119.55444659293994
19416433,161.59263094513895
28602814,204.61573959411717
3167768,257.59915157816295
22026277,265.1276671117104
20982450,107.7729355449465
16271468,71.48361411650798
14445183,108.09579650563371
6040356,121.48697088497005
11484489,204.1802307192983
29541600,167.17343893779662
2793834,162.73035425239456
588677,164.49454312942123
22940375,189.46488844175917
26126728,87.49382745641135
8072662,133.69746171886825
26250574,132.65423657589497
19568889,86.04701929302496
2048796,78.81688531264172
24938213,100.06365178940148
8555036,100.72383883275889
22108302,71.00436242835627
3625656,110.80019131015996
11238715,74.38201405949677
5041360,70.5904269168084
3989564,119.13595591270241
22662308,259.9469369267426
17728208,103.50126338254279
13597896,72.10510144887256
13083638,146.16535849992042
8760775,131.51746739877103
25518930,147.91652411694125
17256297,101.2423323309486
1975069,127.30620630746505
479285,59.194843413858656
22050058,105.48752863158727
21844210,256.7888607381098
25835470,54.377507781190644
27853108,146.92342640008377
9486111,233.8081667035323
23148095,59.923988354059794
26603929,91.83195642761835
6272181,77.4055116138416
22674576,80.0783564673235
20758205,232.39198021589672
22928982,457.67794223600276
28582815,135.1300651501331
13406622,522.4951110130581
24429072,330.2226312488812
4031951,77.37827560519027
25380861,186.48494928211335
18946416,247.64942614855627
9028856,446.25894574651346
29455324,207.58774596621046
23342877,71.39236571631126
28333465,79.091893097063
29335812,96.84539761026952
15621557,59.17200970250082
22240208,341.8337495319565
14851292,157.18666426105662
13649833,66.5419154561918
6843556,338.57517926282827
4881610,98.61533759203968
14125183,56.9125051302957
13374115,82.11034760173318
12495831,149.97395926519786
11963123,151.82880479280536
16024539,132.48073849342018
4351563,128.49293351076116
27141784,163.81255453731174
14684699,185.6594358624593
5031569,108.27381870490196
9046203,125.47068694495658
16238779,240.49770298455738
4629359,230.7277674801795
3811186,91.37317218874038
8703711,94.9977804182932
26814509,382.3527519244679
17556436,82.83669783681475
27368543,203.33055002536196
16456543,57.52669368716315
190542,133.71576668970587
18753645,125.52114866584282
14928996,73.84848666190403
24918804,200.81489544357194
29569480,93.96226884641374
4434797,71.87128937629195
7403108,158.22217882422612
14070967,129.05436392134894
28624477,102.61484190542775
7632182,173.07956529985867
27507052,65.860359789107
10681555,154.2209633962091
26224149,61.24405729392632
15010339,87.18091685531972
21979587,123.01081017797658
491123,74.13059183015696
1703303,131.09520109381165
13276073,191.93466608150553
10336325,160.79515742170133
18504631,53.97532623547883
12983221,188.33353658772378
28893280,177.61499345025936
10995810,73.45555901422443
29490463,72.65972778984154
19476873,216.48418183607077
11693193,169.9281588287739
3766496,113.27611002346099
13936825,75.72037601257425
9331413,184.91743882043033
15144105,63.816737321949006
25763994,70.86051128410064
18457273,63.79926729840238
10120414,189.17325157396567
26770369,67.79528285189616
26035905,67.13821044865603
7367864,265.6010140857455
18736642,93.03989170586549
21190435,122.62409758543849
3750917,67.20639765845567
29260109,357.16370073770287
26236287,43.72345627797168
23744530,143.73396500543944
22937557,59.94250036717247
11069190,98.76305321937134
14535422,95.58002190856668
29615038,52.786238307447285
28978145,132.07479041790583
9116831,154.85416971011816
4728136,55.93307937333611
26337553,64.81808975554462
20136238,71.47857298489681
19343700,189.78094088634
16409970,125.16231262295862
25740704,202.04291002625732
27604010,221.3903988944296
29490455,392.0045337567758
9429015,178.64570771987246
17575407,65.11297473560934
17481087,206.62447510344964
29391342,159.21727885758688
16163768,116.09522865496285
21139341,285.42068886868896
301372,62.14534837009921
18824754,73.6117942505983
28652436,107.03516963498384
14762427,101.98721325396572
26338854,152.56478147274677
23902815,59.49651125165813
25289041,458.2984880265097
4325244,158.4885226516038
2695372,194.71476755797892
715070,234.65601066671073
21293326,116.44100735794711
4235620,109.19273237001731
27573123,86.75532962567695
5562710,154.67549707456348
6227341,59.704299030147446
9955143,142.64830578951364
22838613,60.214150085542904
8736291,135.29560973727664
22339572,51.63412133070835
7542840,101.27484341885133
11957593,64.65574393013794
25413957,194.80645612959367
8371626,84.18637321343166
13485043,124.03834794783147
20775042,53.192894265111136
15468790,92.0527575641994
7434615,137.70725200804335
26401133,214.53931555660233
7082866,183.56252562651864
9883870,231.9041615473578
13092522,80.21232946995555
26716581,116.99023832091245
18840683,63.512355796548384
13996108,202.82456817221737
26039386,119.22251620101815
27584712,61.2918959820395
1771989,99.48855002797019
13431961,264.8304384333359
14365130,146.50920098290558
23480798,158.81674696809316
24538997,89.62425363901541
20333200,108.82248017186923
16163482,354.2096708023499
294353,76.43983094140246
16214500,89.55146212763174
12325291,421.6188142646957
918049,206.02008298801448
14110144,165.68379728372062
28670804,183.77455217221134
20504269,109.25727210600405
258740,78.85072578015077
22249905,199.93046571356751
29282847,174.43625556166936
14153242,172.27089802030164
6452188,169.62283314757386
22878070,301.96114328174224
14403485,81.71684548743876
12990172,226.46966642784807
12970522,183.37833377749652
19429274,74.78675316039464
13788900,120.61751867247096
21026558,282.6406732242378
15079046,70.10877198335403
20516112,84.00749932870393
18354821,60.40959500989604
17791923,96.48258420730367
25033991,201.004645996339
27283118,172.1777101388236
17790276,108.17654454795017
21217451,97.02464631636731
4244479,153.22229454735
19431893,63.14228699065131
7458297,62.77898339414216
21838658,124.87296581172525
19764136,235.53848734241274
24352306,154.68122488490093
3951363,50.52164461868038
3758296,72.83609724051513
8241894,68.25015784901387
12050280,106.32118200158588
27133188,71.35732440332525
22153425,118.36509168189389
4447524,198.65065716417902
21550105,70.97806018138584
3929669,120.92122297062294
19787238,179.32805032450665
12806016,236.54199687802654
16544473,219.34627113534214
2267692,128.0357158383571
756892,171.73897720150933
17450190,105.17785771767876
83243,102.30524587576029
17590481,366.6055769980794
6919971,142.04711819637117
276120,210.77277722039915
24313537,210.5430520926403
18361399,186.4327493767603
8964308,117.75885501451421
1604488,116.8716125889257
7973484,169.23768233197987
20569589,174.30459127846322
24444586,72.93502835794739
17298,175.3911565530486
26197763,57.26814754038759
2284454,495.6251759288869
16634804,104.55263901317471
2552938,210.24892779275766
26950547,160.8053019037541
25183760,181.11811019634146
10175187,73.32264676680394
19384143,127.43491401323045
8625398,273.68022859139904
6926686,82.71134429603495
27338569,92.53065486047178
26258306,141.6092490888228
6014327,137.57608326529132
26475819,100.29914606872894
13115688,123.64561485192154
3344383,214.93482089638215
27435179,64.5207168842972
3944737,128.252724576908
23644347,72.49823145794488
21780636,142.2313115877457
5682992,72.2417003450847
253815,206.92598234816197
10038776,60.969977658125515
6809332,209.9545100457053
15037251,152.5740141156132
7516992,89.4767021716338
19307798,114.26625133102198
1132201,78.87805981144074
4359703,214.2827137967038
976167,106.0668942755119
20827546,83.87523058374325
21171726,164.24191339074656
26735765,80.4912687774321
15494542,117.49159403836283
10289124,151.15124039699214
24678015,109.88443886284738
9089306,217.9128076021602
21211033,111.30991860681065
16740779,76.26927107409124
8504231,94.39937537071394
25949165,79.45546222937905
3359001,191.40887923009606
24583519,97.83251329196831
3850493,140.16959441708775
19530652,70.50228739972219
19409691,147.16213599125277
17881079,118.72789602504248
23122670,117.56003296382347
16867729,77.38849649610007
11159781,52.89019299981712
16364491,200.52880072018306
22304581,51.98177942124722
5409372,146.81664576347313
23484328,83.8756544059524
5816154,73.38606919221905
13619661,91.87395854115483
16648750,155.9963027095561
19298911,45.44195299791675
21593872,76.67015004084044
23903189,69.25722849620811
14024257,118.65175936117618
25317793,64.4524284623834
1479113,79.92847294887089
13604994,96.18455147681664
10475047,65.80102971703785
2303583,237.08171892361793
16050081,138.83117921833517
27952152,37.32671183390164
17152350,246.0047479969951
19969420,86.21974414998829
25101138,279.589588252693
10050847,107.92942071627728
11888948,195.81872358512933
2127713,147.30828382163142
4948953,90.17920869403959
6297613,83.63493959597226
16679726,113.278203116336
9843826,162.2987971996478
21422090,59.88495581478522
18748170,76.40896084080048
3826037,51.92396432121428
840103,66.02815648568088
13004741,73.01655418252348
27018851,157.2575485294918
9247923,196.45909022198234
7808003,217.60245274535046
915020,138.75853736618814
19787716,149.0420958003044
9318504,80.06532281110104
15412415,91.55941408672491
28302975,214.2851249165342
24538208,143.5907278262834
391948,55.995762019421136
6607833,93.95981155978099
8045421,206.36385095699222
20904409,93.23542798870442
25946172,55.82955781736774
9512419,55.53564764946771
26951357,86.47882574289606
10338696,84.69269859255884
3352608,330.07547809423494
28491822,109.040268101541
29630309,76.56503979884168
20586035,70.69514871577307
24390991,299.1672528765843
29313136,120.77393436528484
28127009,62.64544069467748
26747409,71.259206733738
25292558,103.36061333518721
10212686,64.00120937159791
20741563,63.27570013729201
4482783,97.92169235958943
9464046,80.1457125707078
635282,194.4030920474104
9754751,117.42605940558845
25816212,245.34971673785375
21678001,166.37860535193576
10318675,76.21028662870224
6048412,293.87620272707375
16027312,110.89323752150135
23540017,54.32425367706343
23545634,113.43361003454636
24823077,46.61928882920457
8989380,156.63375084349414
27306234,101.67053822197236
23355364,371.16376315513327
21658519,196.64091704331523
27967972,64.76133521175423
28510269,42.87603712807462
23002371,111.16746381362098
7116670,92.73585014382503
23875454,65.66983910307441
3038614,147.59171288980178
7205064,94.46471956474159
16380258,106.75643482569991
29382702,199.9729146635137
16514808,50.684703188537064
14710717,70.64912454017885
14201811,58.43601204948095
23291441,45.72379553470551
21845154,177.1189543649032
521522,69.70329525992362
11491051,172.2537181262935
13997415,200.53183598757326
1645181,150.42859571911805
6758846,181.4022676872885
27901272,110.15954062183881
18517584,121.68189082993358
19911921,170.5348624788901
13548101,128.3186636700929
25995800,228.59884983042647
18754907,162.0193090751634
13908291,272.49037619986154
27964166,268.23712330722316
10972514,100.40653529978995
19698644,188.50774561370392
29435698,227.42751833988737
1637178,165.44384560338253
8547691,103.01942589437765
29052983,106.44673210225899
259946,113.877818319408
17405775,53.07343745193731
2660576,52.28769095941692
7094539,167.44213529010509
9831392,146.72488264551635
8119018,91.02523415329017
12070965,59.07037288904826
27366434,181.71682156591882
16122223,107.68527519884346
28680576,90.95113112105605
4756280,58.95211073247498
11849017,189.48882970346622
19981889,85.03274723477405
6660373,101.22127405257417
26258407,231.27564536536715
17847644,120.4901411522931
12604187,190.38925061612863
11007370,412.21666505224624
27975725,46.185669218514555
9960135,67.88315972026973
28182409,61.49388859666254
16394193,67.12092449239633
22885310,61.3904143525171
3553679,81.61942211884161
20228476,72.34984239605264
25933116,184.38797014370925
8052841,146.1658967472864
7177958,177.00894800913275
13378643,78.25551062418049
2204397,158.71273586863367
22866619,174.85154971705393
12287479,88.86511573153687
6759264,71.76673628229304
26199962,198.2615953720332
3531190,258.5570850601706
15067291,88.19715509615112
21343278,95.30410464647456
23256946,101.70369610124907
12346131,243.39144608129274
12972320,328.41173622050127
62230,74.25850835144382
25262332,94.86709605015501
19348233,73.53280789196181
289995,135.89429258726452
20786225,82.2772501994959
28471411,301.5198718491375
17269342,174.5510631157274
15113377,128.28552802064806
9572448,51.661196789336536
6329973,131.2229325645478
212544,143.86871779761003
6956274,82.07146055963314
7750282,66.70419365899448
272706,140.22618354842882
26893530,58.53790870832814
16333699,53.9013400269597
20540868,130.16988937505863
1972126,460.7010229198331
6937897,120.83873608998881
6113839,240.42690084403588
14851530,75.20658816077103
17861841,49.936615094099956
887292,162.7217833860532
13258556,155.86886661934417
6168663,75.44594763264728
9280902,112.40884680394414
258686,63.41823674978275
17531493,80.38039100336323
26000559,63.031217727581556
23108981,176.5032750396291
29458518,130.2054578679185
26107882,488.9291720968258
12547357,64.03237348923376
19069915,160.8121723057721
27520341,118.91387573451028
12894048,54.80029802978287
6845877,138.69869728301123
28531920,341.7239519009595
9347368,291.079953174949
22206760,76.26990040551163
20799199,211.37174803351013
14330038,145.59955251519312
18655581,171.67261933360632
29536152,634.5146352633409
21827433,216.51882032926065
28862785,189.56957443708583
29680421,198.93972951014317
19945974,150.84648077602031
7748422,127.52850637573285
14663344,139.74609594639344
9733227,114.95010147508411
19811020,118.33128039521182
18720911,99.20859306786231
11320246,93.44437604104836
16667109,90.86701660159703
27611223,60.880532879573515
18511001,179.0463113159063
6346456,216.81694040457126
19455284,116.78427100860021
13094250,86.13148047863085
15917981,199.59647169486365
4783674,73.57260976018583
18777640,56.23137067774962
893853,175.55303562420656
26934498,104.25469611853282
22278941,96.65349908776902
21081172,387.16449709639545
121473,175.9813674557321
13771885,89.33428555659027
19750474,155.58842791033155
16869999,87.93816594458563
23678832,103.72072426445548
20744786,289.78886784796913
27953850,54.451621547484535
26497309,152.68696419010925
12652964,57.46449827811222
22232328,300.38042243554474
24538544,161.05236070232698
14894267,151.82517859142112
9838523,72.12547689018011
13300113,69.96292183928166
21593823,146.6021038154693
21121688,59.07246373295939
22929942,157.13400222581188
7265079,79.57594533855188
13377443,56.24867000096367
20073605,93.25875281691589
7202612,71.68756748077857
21476172,183.4121190061625
12379298,118.49484998971302
9825967,135.33709652675816
13959346,76.17262176053144
302309,281.32436656234205
19413670,89.1416949953106
14332210,122.14577601077828
16981845,163.20336959422752
16630483,255.1147538120747
3209980,83.22090219690669
29410763,437.9293613916372
20611,86.8448395967684
19785676,64.23901862005064
27544201,156.5303969155489
21610552,71.20431866469475
9487684,141.37451979308892
2919885,70.94477801890372
26420986,145.9597275366783
27573342,239.96810268341378
6986781,287.75464695671616
20009122,94.10231839430044
2730497,119.5832159374906
16321789,73.50649043228178
29521447,59.40998117693482
5507371,60.411664969376886
21516275,169.57408628305507
22531031,108.06066955592922
22016473,84.57310425191127
28736154,84.44935072900103
21367901,55.18948851893875
19158672,269.31370348244764
21921178,149.6057192318797
19604307,163.5222699195082
2641730,83.46141873147528
19624565,373.77019442696724
14175040,130.20425087201804
9444819,400.44057201519877
27857198,370.7202921456555
13190121,355.25338658847
13868137,78.07964277046298
17080093,88.14981789841941
3827442,328.2975495424764
19872862,64.64888670563882
13145377,151.82465102335263
22229817,196.1799653534888
2107939,52.237940334809785
682155,95.00223469567663
3568596,79.16765817845123
6261971,90.92367357067042
6553661,86.5399419333624
5545560,192.53303621471045
24244827,86.37193502194238
26549354,266.2721535626165
21915201,484.7564797863077
20149184,430.8070602323608
22586473,125.82336727151797
26828970,184.81053910324684
11775127,177.85253006882135
27237617,680.9507324738546
14452731,82.80653731670407
25168678,104.37084897320328
22438519,93.04653668869004
23502842,148.36034430607768
21378123,92.6610229955585
21631186,49.151999017344195
20885420,140.6081662182662
8186181,167.52581882855796
24077483,107.323798999257
24779615,75.06003359572135
24635562,44.507912855306095
6576336,60.17207934157036
21721898,158.3410722642048
11148990,194.47419274199387
19159503,65.53032627458863
6923161,96.07535197311249
24896533,87.0335152451177
22971074,198.57678123946346
28175959,75.07143177986686
23917877,659.9781440514474
27311481,289.0278865942569
15984234,594.5953691178164
27936839,105.92907227771866
19861740,244.38329067656016
5728014,175.54738347489533
13733309,178.44873437750675
27846079,159.64485277616913
21568187,52.87298085012327
9078739,76.78524407874393
17477221,231.0725594555752
5315955,160.74546458717455
25475944,49.60807301332641
3120723,133.71060248781382
27053726,153.0732891575091
24289926,98.56451997196378
3387493,175.58564567016356
29654002,124.27040439109332
8107212,78.35244117694704
12233692,78.14226976478237
21736682,113.15496299937938
9219472,112.53479744640941
11165881,75.67043169881279
24379887,123.90248827790386
16368470,246.4655975955559
7272453,132.9518307875226
23614112,208.78085452438185
23145289,194.96081099640853
7742287,70.51788283695711
11037023,87.58170426295725
13308629,120.97437852429796
22336905,756.9942861912396
22401901,157.5032862305012
16839686,115.44631234132942
18988028,69.48696464883639
6731373,57.43556328465083
17795491,103.93259875845247
28673212,157.20003325182486
1763209,67.7655459668059
10057826,167.1333992456075
21825081,152.7213356114165
18423707,164.3938696213484
732700,267.95797116653574
22768701,113.68869748109483
27904840,636.7279737993704
20296968,170.3573389369105
22009072,87.84279881486175
27248487,246.7212827311084
20007899,110.74695497504507
317905,102.87024082329833
8251228,52.29169012700436
320128,106.73323526088893
6849137,78.18021141695341
22518038,157.91446043669944
16123619,468.1730143832935
15488128,74.50215379843858
722464,87.57399620122364
21813814,74.96180453702782
27993666,70.16421548125103
13654127,175.96328128426657
27250504,72.39711390583177
17940009,136.22353363147758
413775,192.3009557721682
23871290,57.49318682398381
14023316,125.4823715615983
11983644,61.53485726263931
4739407,112.77311707757322
15717865,48.68113052928994
19194997,117.65724498543118
26914676,204.8855436199225
16673954,216.26797831436951
21799470,65.41740234446105
16311513,83.5239158605152
13276680,106.92528674333369
23109351,165.6241633543988
21354840,193.44495169484617
29359560,305.3346880467572
14686954,54.1183774558699
29057571,142.96390098208028
11352664,140.5108375184556
17314998,74.37359776999592
24656108,188.3392652940171
9312190,189.96568853074265
18488058,106.77031853477644
17813907,192.46705967135517
15108887,64.3651094768788
1914787,57.55516128409874
25184175,182.77813047729092
6423589,49.02324690179672
3181834,698.0680924601234
14106099,210.67000586301074
325429,176.37119523488684
17925111,170.61757498905737
29588587,67.45704366258173
16323024,163.75092610571832
4700265,76.13728488424022
3913635,171.97080980190026
22051355,108.11635359877936
23608727,94.37635167678683
1813829,70.90601058802476
1984390,165.66151438317587
29232781,75.64805113867497
25777661,62.4397767801388
14705110,136.1793508663632
17515734,60.65592706168207
26425874,45.453907852359684
11190701,70.02610473679776
19430305,131.97953644782754
26423738,197.28089941202893
10075145,260.75952353294156
4063357,133.4890073997715
2087663,126.21400511991992
4126452,249.84869355698052
1108309,121.90961649999922
4891616,131.9282392171589
25680422,94.57079645076664
27926311,132.15842847585327
21514852,55.31793700980433
25346842,109.56516587020336
22045554,88.00104417276417
12964763,170.49021022475802
9596708,172.85692987328818
27464651,165.53822352820757
13802195,178.1459400981105
15928889,63.4468973010396
3662827,283.4612379949117
10040649,94.64737872073412
5538720,64.51319669696112
11435936,245.40418801443425
25255024,124.67279570130562
24366897,170.0305335382998
12447273,78.13359060881483
3168120,192.75472312225898
26874727,61.10443595709187
332525,145.04073665576138
10015258,119.3713621430637
27304971,109.32386969347863
29186776,128.08099384408015
13666116,86.41776590659254
24044039,50.093209779295904
20498653,55.555881865577085
25266169,66.82135756211932
21733997,112.29813226322047
21264068,130.6739146288393
19341760,168.48217094650548
17329090,227.77059019685407
23594177,219.89468271637656
7480229,81.9349778172979
22906559,74.30334783730679
2210281,90.45713586221108
2636762,175.475415646019
18476851,62.82938874519389
18402568,49.09222512712177
17297467,55.66220892303482
13394,71.20718402420522
17623200,421.06451642386736
5040218,103.4419220975655
466277,194.75001063463148
24528299,66.80938156460452
4824146,132.54955006332622
7496203,65.19085073741229
5613334,77.01764846246171
20586070,372.4286349691936
28543486,237.69305594706825
29306568,221.1309719799289
3508355,119.68826073792103
8423636,190.2037459173922
4090748,134.30619479374903
16893030,140.52823176222685
11618854,48.309735596665966
19356281,192.89235552987972
18753406,79.11014833792082
22615158,88.51164031077842
11563821,100.36349067559816
17147561,93.84292182398313
9149435,160.32406975387462
22705115,99.19491769739803
13156126,339.13098424514084
12776694,86.1293242180419
6464070,71.52649145009161
24287857,98.68256772989905
8411164,202.67706335243716
27610608,257.34018047960916
7637047,149.62754674335528
23101845,113.49687410514026
28312421,178.46392804687449
16406680,252.51927473821448
3369826,164.72516774612185
23575358,202.21370018393137
21289856,160.29505947250524
25872636,612.2712577557027
19327508,90.05358364267629
14065821,170.47949503546855
15534686,75.04117022873731
15972733,107.53870427101737
27057790,47.452192935029416
2671926,105.76877056783074
26739303,56.36409087418443
27201257,118.4276647574129
22065495,71.58206699414708
15166520,47.127939401177024
11739698,169.00064990970046
17031720,101.51538092132859
21746100,180.22438985578387
21922407,181.90404764085875
13938420,82.75766235155739
2091367,52.833891196904794
21736808,188.6119851344264
21782833,398.6087152474494
25834338,172.6945011954774
16179120,94.91799829304688
23062969,82.24910005751401
19360201,163.23446545564312
21344762,134.3810050445056
13952319,115.37579796417624
26608031,216.904115108593
3238355,54.303179866105296
29149618,109.69629589396963
829083,157.46547403899183
15529123,190.14291076177759
22020786,121.16934477687471
9614760,98.90275725115707
17941948,90.30660505327057
19980048,226.0546263834624
7025693,72.13539673785239
25590511,212.395721713149
28437023,117.29293392949342
22354348,213.02383084275542
20815456,77.48702160956258
26520935,66.2586405215404
29238311,192.30345844262536
16546876,77.05025313016841
27579844,380.29864732618563
28940279,101.92823144538231
15491431,83.47570861162247
9826081,53.03378079502972
239733,99.03650718294345
13876040,165.6346287258326
21948983,129.63404580501893
10115375,112.29298159988838
22294102,175.1547525044839
20874820,111.53423008001465
3012871,178.35753384720985
29652515,398.98330896833187
15285181,68.51706860412561
15248135,100.37233997482878
9260616,127.06086209044912
9403937,131.492227455745
19171773,74.64401294445973
28894636,93.94907234201683
25806336,64.04617690456227
6347713,108.77496971824417
20212025,97.79636352194308
18721845,70.16752847363949
16465690,90.68536968125055
21633501,463.87355863315514
4744487,148.1504773826213
22706985,207.03621470375546
22191760,120.62125561792682
1251566,160.08719100236547
20933848,76.15354604466754
25713663,84.4444724488763
23480048,101.44373277153822
23620518,174.97951029350762
5334478,185.59244090966862
21961462,223.2965097634252
5936796,73.24846567859151
4174115,329.10748177839287
21636155,66.33691527647603
4128428,111.18867157799953
819893,50.97636537020694
24521322,189.08524156414424
13077370,91.23255007682947
3686493,193.65664319100858
15956772,63.54942046904313
266146,157.5288898381806
16081134,47.77924279758226
22830328,149.87973239595092
4717237,111.931178775352
1502018,61.86557977449642
27951070,65.6701873445998
13670376,244.73980535309798
26598477,395.57879722302664
272044,178.61117156227226
4774658,88.72218117296666
23516943,55.47691740537251
16487559,73.23395227445997
27136639,70.78178188909271
1928570,134.87371722023792
12917057,154.66796006691442
21864747,82.33312854235693
27778703,201.38301027114156
12385794,243.94556889085683
29504721,387.2522404601466
6108021,132.08369373093532
21604003,125.05891538237131
11282788,121.82677021429323
29751478,178.58992650359946
25664429,67.5595929326103
23513769,144.22915876315994
10083580,59.801301954932775
14639920,190.06130956942056
15378469,67.76149024165989
16614713,80.84896120131017
17856672,202.35663424670838
29543716,337.64908440822927
6886371,174.86549041541016
25516958,162.08998518618213
20212707,85.44059522403906
4454400,219.67252282903166
21116651,149.9508943167554
2521380,134.00778382560384
12836502,117.09874251667044
5825173,173.87060270188886
27106892,219.26682354280217
14952357,62.50891801467157
8312148,282.9210775877529
26306276,112.68311075859411
3411815,92.50011320225683
7859932,85.81113045681847
24676554,101.21927959762297
21594436,184.1253835133892
9373167,97.85733438678506
22419930,79.36500915211796
27486387,186.44984537103315
27584413,101.17024813512961
16837628,39.11859357034183
13426681,239.690123381557
23565268,247.14871216045307
4198764,95.4028900536519
27530069,201.4198393389578
25871075,348.14197024164037
22703920,57.225758321159084
8795721,102.78405914573902
3540722,149.59492996320412
13711439,164.5962025406342
9740264,162.10533775306442
11261146,160.2218121027127
5742795,151.96896535358144
26866483,85.22050393831859
21862079,176.4466606173149
20476397,239.63592471185993
3337808,345.1076100226243
24049220,367.9236695360223
26131183,53.44444738936347
14446717,165.270554514487
15867800,93.26284749076488
8666770,180.59033518166882
16735848,62.722761515777904
29480988,84.36621791882402
24750367,56.92883397676226
29058736,79.50452675189503
29461095,206.06276308038548
24495291,63.86287563713959
23913344,218.0329557024586
22400568,150.1624549540698
26948963,64.02213338800435
14320998,83.89788003661712
28610673,63.00203579631441
11438999,116.3171740898777
9118945,52.17583663799494
1461873,59.44394285134329
13813731,69.10966886954593
29413438,115.34471515463242
26869596,131.19928293882262
8405978,92.53311422860223
995169,212.99205794965917
9710117,88.26951864603531
12359146,189.79643937289458
8104879,82.57466649189108
18194482,96.62799528690745
9918963,132.42615838796496
23840461,64.21646141967423
9679720,51.09575042712225
8751691,67.0871043684687
975250,67.09078748182749
4275729,122.20921584439257
23219659,144.53909656120283
24101160,349.3776853032087
8172864,106.97104687270355
29706049,256.13958054130774
22151092,64.31649196194296
23360836,167.70594902889724
3689140,225.06591399725912
24041631,58.31945134546305
1316961,78.12457137953366
11873821,80.54275008912246
3717427,132.95183491869093
26033423,322.6074096652308
2494739,167.44231222181884
14660126,293.04158761939624
21982618,65.17508627005371
4865377,203.1518197642723
12780475,123.05162478461052
23024065,160.18745927280204
3272161,161.77466143983835
16664273,130.2352928205603
18209795,118.50805390159934
19142273,72.36041051809377
24582124,66.27097327751122
8204305,132.21769974436066
12869567,241.01022215037537
2051675,57.949081199959274
15127414,127.43896489444062
4737392,79.59128284436815
29569979,68.84058499121033
26534723,152.65922651359676
17456123,55.83212765340405
4126676,162.58209770286294
17464043,112.93076965792322
24409829,178.07849885177777
27572554,56.96493246930381
767286,85.42911294079038
26055709,66.91075946399329
17118782,145.92909275146812
5883159,196.38735402833152
15219855,184.52213208928387
6560165,231.22975446186624
10017050,53.93859555378881
24391676,324.9965951293121
15562465,122.05804091732047
26438753,156.4827384032683
23808715,166.03590812784955
21967379,95.8345472088526
25580113,409.1896266453303
747316,106.68948251338708
18358792,266.66626406663005
21501622,97.12987079984948
3465651,72.46249551017225
22118980,75.19504841492909
15378960,138.1002973493346
23596011,73.57109052273324
187979,160.55776999157098
25451077,230.14429404473344
20205846,58.55500283511301
4753918,77.54809502115914
64361,147.19270483414928
13658407,201.03735987864252
12342876,177.1460848239601
21365379,191.19499591331078
18267345,83.2550451493966
21140951,371.1309463392087
6258983,95.51298053401706
28086391,115.26896182353346
27261014,68.73494015895629
9050105,210.79841768804786
3376999,160.95891394499483
28723300,203.68576528336996
26098654,292.40742866586066
13061064,89.24490532485795
10635913,203.669002039848
6282629,176.49263889207532
11514756,161.93406564783095
22087030,325.7207628288658
5006113,519.3740522651459
11323125,85.86800826274998
12009807,173.04275247165938
8738438,554.2778184824025
18501885,115.82689928089975
20202971,180.11787190436476
23508956,221.55851463548967
25902370,347.0912344712579
10156314,98.87308384087164
29183445,178.8799254887085
9825448,141.7820828567703
22447855,119.12592267830676
28732842,71.64080465900597
19827778,122.36812541405975
786727,132.84593200875472
20257148,57.48408121731783
16767867,152.0675523379076
13575747,119.18654620129671
19162441,148.02648886397165
12389931,174.48916656636402
20618578,78.2912969413782
7221239,139.36163692546114
3912794,71.82051211732939
690553,215.78391855795667
2254412,383.3821185163706
6239753,65.17985707752275
26847619,74.60737842952564
8886910,172.89052951525716
15806018,69.88290261447132
13235951,85.84497598517737
10342806,85.44205413333428
19933967,177.9975385036572
23714378,59.392417601675
21578513,49.29299332773033
13859196,75.8944686051017
925240,205.12763077758646
9597258,54.98143263401979
25287087,75.29906590032886
5241757,208.63136348165787
21929935,108.58003616463424
21483653,69.63977642290261
20958738,57.25114437559717
10100474,272.5280902895651
5003437,49.63290794536967
9093032,78.73595267129843
21770746,191.37025549325338
559324,240.66774539324283
23302260,126.91644127351385
27466393,94.63529012954284
3426028,88.92000547054961
16533749,65.13060199240705
4216435,134.3042081392695
22777530,62.814383239821574
24734792,74.99918620449563
1520806,142.03485002856382
22214594,214.40231550082535
17669867,66.3405468060129
3068852,150.7669496395882
26810466,135.5806591316752
26275643,224.57114189558237
4077428,179.4878290625505
23121375,142.6774834609169
29209620,233.1926128710987
19787770,57.63748851585493
19016912,70.41196318570572
22066635,181.25610418937097
25127644,181.81390110981224
3302932,316.2330313877214
16163323,132.22788802837235
22245972,46.17491087362907
12950979,113.12211491396555
11377233,105.62487614965967
21934181,65.1455107572143
20994326,54.79694747270724
17192309,170.3097451535535
659880,64.20523135514689
22731353,193.32402224078484
21947039,381.053335197236
29453891,75.95929971508735
13709619,108.47426641187599
15099149,65.04408031692189
28603871,185.95471610220466
3825437,250.8516134910207
27490389,297.1211677930895
14297224,188.24185565580467
21609424,55.093127806162784
28890259,147.05508054631068
8887748,58.54131272233517
28071460,122.96044606887732
23808032,176.8654029538595
16811364,46.20206967044691
21484947,226.1346105726901
19533966,218.49100996268297
26553542,88.12859665382518
12051116,152.72135196744645
13019720,496.75761349703816
9231257,89.70889845251752
4694622,67.03721551026759
28661064,149.99448146061422
18448556,103.65984451847521
13124737,232.0524665039136
1392079,123.4232543482304
16480673,183.33104517140353
20900299,191.8183562087062
15250168,108.80877728252723
26828553,168.34587054145268
15114265,96.09473332672337
15799563,279.6169281204144
4532989,169.68836587006243
11015593,139.84186045052726
18482729,364.9131063360581
21794522,97.23787734462195
29051411,101.25802592076616
8304809,162.44968831759854
20653520,65.20220752137048
20801388,172.46809836654506
23992091,209.9097814754751
4470423,212.28251722977163
12836808,189.99248400354736
1966565,217.7098303945886
24780380,179.59501233465855
800918,152.6166505404495
766814,187.92884391323886
27636227,91.7518618456548
3467744,88.64672104173128
7966943,272.2692569026038
314442,65.15070585275585
26305529,223.92366582808427
16113712,164.4578236221662
23755278,80.83648223074792
555206,104.89126227112398
19454344,148.95212525154287
4211510,53.69437800067019
22227431,57.62300469029668
25869449,119.9202735958512
28457838,684.2072642548019
24575257,118.11964208237434
23550857,185.38215914414857
20616492,217.95453532408433
16309452,103.57477064897269
11043970,136.58599340764934
27761249,53.41945451598901
18692321,143.92663952542978
12404677,97.08004737653391
27362309,63.12910778616015
7858023,198.27330005555078
25705191,65.90224326459328
20033770,108.46291315603582
29612248,109.625735534064
13137970,63.00035722426441
14928336,58.634564095018504
7986666,128.47769600707588
10755640,104.18440528631555
18314397,101.60289827565657
22956809,101.02652136039107
10018313,188.2491176294752
24495238,50.20944166177859
1734724,181.157826019597
19436446,146.49682031583492
998312,86.26304981266605
29630553,71.879999438698
9882147,73.95275886230998
14827752,194.25114628902472
9452124,145.24835902444977
28987362,80.12933955155073
12969014,172.6749297756421
12170991,78.38297020452758
16604442,150.1610016588651
22453527,123.02389851723929
18590415,267.4119027216356
681805,48.33049590759651
10575811,156.09607354223257
24917792,47.05640144848567
7901715,79.7801405429605
4786818,56.09273406441042
2888088,101.43757858958732
24895943,221.6058614376891
24965862,79.77708211239585
21939486,172.93358159436
26329328,61.03723084788567
23623969,150.9932262743327
7086310,77.12936013697238
9576278,71.20913498262287
8993422,186.89774437854294
6449002,188.31739585137052
21972082,52.01579750405003
21698837,182.59829366016598
6601683,61.23717119578445
4295108,71.05406535661844
13208373,330.80828369569093
20284711,153.20694919880933
19472799,133.89216496897492
16969156,158.94654440683874
20604857,536.0006900642695
15492561,146.97632124066607
15478143,246.59139966256635
12796391,112.698083212989
6822403,69.98608333964107
17253106,121.50413257740361
9410042,173.36728437258793
18766657,304.9054660118328
15816784,70.2658243791137
19790601,677.063768572809
27914324,85.090907832411
23262857,126.21649871366061
6538963,59.90971752692108
6407534,157.1216942606321
9096381,138.11458843830113
29626161,98.93407702229713
22986139,377.7989831079313
21312495,142.25583698179182
4581788,119.34206955702005
638218,107.90513778671964
17472887,178.89498952911458
24330034,264.12411883798217
28329261,173.82132681889934
26653712,281.63417918729743
11585049,100.86629409867926
28412831,108.30214039522458
22376903,134.03987707865994
5495026,46.459378011489804
9596608,200.9726582564516
17923165,123.3642010693447
18153026,153.25258005637363
21740278,158.43060174117895
4687896,157.09614917787357
4365765,74.20945376773992
18430588,58.89873613129345
1843891,86.39681731777684
20264224,56.04350003890196
4135674,229.26355409779566
27237609,553.4654649078129
10790350,81.91105517997242
1303850,161.41120172274887
22569493,129.86609619232607
28344462,122.95431807987906
25786000,198.45233421461072
19521605,101.83695152621668
8720488,65.67159631347157
23078073,232.083110297854
4487846,276.3157093321034
12706347,94.10827611511475
3067093,182.131577512652
11553451,224.6587680102201
15095408,82.6747211977497
21884602,177.35624874757573
21186066,339.97093518072546
22085185,188.58689015060315
29166232,78.85630323179477
2432545,109.04244859745843
22277333,99.49984135542785
27929173,58.32078259869733
13379635,106.07639920708463
2066165,63.10841715562905
13411367,204.29190367139452
28520183,145.915345083738
1524711,138.44102386059305
9819545,71.56000942267545
18894445,96.46590865957931
2139828,215.07706573303645
11651283,150.93733768934706
26639054,57.96952441244971
4122050,125.78453718567482
19999160,128.12737350711046
22318742,144.88546331766324
19349497,161.6328071529571
1954429,159.54053066198776
13282779,64.90108255283
24561950,94.40444470345317
7966358,402.90050161712725
13688249,134.65102366096173
780858,139.49830836413818
10540337,73.38896067989792
21524324,334.43309870913214
11755816,53.87229097575268
10588692,159.70652150182727
26594677,250.6553799584897
12211625,63.16557491947973
16996170,260.8679407789585
18993379,277.4207082571509
17317366,222.35637880506047
16485990,145.41833390229075
19720270,203.27334651735012
4705670,63.090809989551225
19343326,88.75035909877097
4439839,151.2507514077593
26784754,66.03820079447281
5692807,238.6164774568306
19710742,104.49616483703062
26663557,203.0497765834865
9133645,228.32434812547464
18957055,101.18840727204604
23756498,95.73244813988295
10068269,80.13922394129008
20686134,113.73146457499006
25085980,87.1920218960691
9238214,51.851802152931974
28431734,63.775496305577015
27546132,102.09414956611182
9003691,177.0606606080822
23654584,105.62142677056924
4359756,96.2262721057884
26679556,145.12665425857378
22462752,276.028932124321
2067166,158.73726468875537
7348959,73.13587934831585
15930495,113.66923577513334
27337454,69.88324036992212
19288313,129.43393826177555
13540233,200.99008710184512
14109365,70.68441377589072
14313481,165.57778936928264
1476484,247.86485319933595
26058246,57.59855446751076
21475619,61.031077592399804
26006344,122.2970620386426
7796446,205.89784671393713
27279953,101.08123692601231
17417619,55.985912644303816
18551084,86.55672537567443
11227558,174.58495192104485
22176782,78.59763258686911
26465686,126.64034092278307
6673638,69.0712462345126
13443722,111.26206921879488
257097,104.89693316637295
5006114,79.58818135378486
23306531,137.51930955172665
17285548,256.72076742919126
8337597,64.70795364296104
784122,159.08222185653796
18422285,913.8468509452181
18750416,394.4598691147284
7483853,68.59241394888672
20207945,65.75967002174052
25941191,52.89189475327182
20845313,117.7432408804646
10439129,201.41902302532174
6609293,148.59323086457255
7598279,129.86779831181062
13515007,131.825495304731
17605729,89.99120298923093
5940920,271.1591663544977
10366041,124.2188305513816
20618049,191.9326543521047
9521009,90.88023288394271
29412375,78.89043814699926
24874467,69.91397974392989
24188926,65.71068981891398
18461296,178.73693047522912
4821786,94.210000041942
29511701,171.67080901252405
2135754,221.2566062168204
28845345,161.37263649564235
16734212,190.850703585891
24942175,184.11738259436888
833519,77.12176802220725
21408586,61.42858407423364
21898567,70.60885421815978
13140389,120.57519878814765
29152320,63.473265464097416
11125166,61.0059878156801
16140496,117.06809513688016
23612811,63.344589894976956
18752307,186.8743811054452
11847014,222.17158789707253
2578373,518.8022172033508
8307946,210.10712599378985
24592583,207.21759461238796
20016493,937.5673152584941
7174067,128.20519796471942
23021573,357.8393271215679
25512622,64.99114336364165
13749509,104.8993189546372
16085546,151.62542070857077
29094342,68.43831266274343
2838319,79.27402251775771
3050544,177.29503084642226
28567040,69.23537986339029
13479511,172.93072059473755
19907609,454.88884551838447
665394,174.32354866031764
28539077,74.04987181991272
26743923,217.94902674920726
8228217,59.205652557092634
13573790,92.80012800319257
21579325,199.5157544740005
21770599,76.806541232733
19317831,84.39970722153505
24899087,67.2397109635255
21449126,131.3892529823203
27779997,126.67139159613231
20111316,66.04742558654968
8881955,68.09510857969858
20968000,206.16353435605967
28792189,133.179754449812
14203693,148.06706707966802
13444238,270.42221308571925
7095783,200.07728362910896
19181924,271.1013727485174
13864224,211.7923804822876
19196146,87.81349384665408
28047244,225.1243104249887
25341465,56.247099911969286
24780796,62.45946450428277
19569054,83.38432749806704
24432685,53.965275512176284
8422085,64.35020326371303
22064879,153.77437544461816
15050044,118.59560688344952
28344821,106.27304431486634
20124372,79.85011456208547
28098799,233.10441204567942
13973268,98.32997399828425
23827761,243.8765518837938
27523963,65.61340084630787
21959552,174.32039182293252
15495356,74.81966476096744
18999147,100.17348553232658
7913426,233.88345559241233
13451379,64.24758516854718
7949480,70.04426659711764
10628495,100.96704633394428
14926631,110.3579808852728
4698079,148.2091964559869
29213886,116.69450344351827
15985264,63.63337485872116
4623635,241.84553387633616
22213508,216.45145946291169
23974919,164.32390172192035
16827715,72.76256513323771
470498,107.2040531892498
8213227,138.361874552661
8219648,66.05435235959641
17343967,712.3771611657756
17629529,66.34132967335553
21851570,104.7532160121787
9794825,104.98951794795613
14199146,90.14741200936025
16650612,170.1283592450062
5849810,57.947820508363236
9428221,249.88087753890395
1818411,425.8301922402209
1013648,209.18030794268248
22302587,98.51238117185682
26814523,382.3527519244679
1186569,49.50339850567696
20690781,122.45837216722857
29221565,83.35723773760456
28209194,234.62599666944615
29681842,128.09664697903727
13641995,76.95970736376653
29416693,102.72606422933931
14153178,187.6984514648851
7355158,72.2576194122637
18375815,58.539051295313165
21871576,157.08887656490867
13488308,199.42618860720324
29257345,137.98404398560476
16601841,49.81001081808785
20743194,102.32342088820201
29393457,81.04173908089263
2237032,71.14470764162665
13732215,125.22980951045093
25616450,112.36413328153218
13556488,65.06019681352568
23135,132.51409260105788
15833015,186.65336926981743
22651901,144.37620685663964
22629696,70.86337148633352
26334004,206.9971339324383
5581272,52.0952107150466
15845077,116.06823034458911
25743841,185.41988246839807
19743260,67.0771670481318
29392612,80.13665943924633
28548195,59.1804995885444
6016379,124.78682730313876
23142952,78.82892929778542
22946348,58.334963741585746
24482313,81.96461487689034
8105749,176.59733836444434
9433234,472.1127875749557
21439269,116.40618963592935
1970915,113.91736520922457
23006296,195.47095188181314
13495499,323.58318905647985
20406982,71.56944515733979
27986246,59.95887642851901
26991846,275.2791720480859
13617449,117.26632277706655
21098980,144.98987591525588
17294950,69.67005910059231
21012991,133.41730023350496
21577526,72.69243827800047
19803462,195.14821118326202
28937520,68.20821467647133
28468229,135.23882671007246
23715388,52.323119414208
8439595,206.22029261121108
13348987,73.59628273566865
7245289,138.7479466885313
29152795,50.38342392774354
28940768,93.34401963514766
2344112,125.47516894235004
8014298,66.35161338219156
4269862,182.87992944510756
21950963,233.65077852749087
19010266,220.53271390061138
1171614,80.72853021330168
25971425,64.7149415819274
10382430,54.76576485121373
28001862,234.14532346417016
28129565,140.69947128636622
14487072,50.64598032597596
19873185,66.9678861799549
2653644,103.7591274119924
8847542,53.02095599742736
6692213,175.36970968365495
26734536,65.64578783746224
20112687,63.62053951285793
4902025,91.07244472065452
16617969,134.25374230257597
926337,71.43499470361564
1072071,250.4194102092556
24500966,193.5591886387629
9808055,87.78981890570707
16778903,97.28535512128981
15591309,81.71910994482057
16005905,86.14297909134483
28477383,53.760502824157754
13916105,157.10700671169002
9546994,182.9767191541315
27045546,115.6416572338588
7965847,56.70861268858315
6652755,150.86116542426544
12956315,75.45577829394237
20469880,184.8457568926727
14041548,60.309663684068205
8341556,136.05852172239528
24780232,216.23789781116207
24229928,54.420739706358766
21531185,277.124182202256
6069703,172.74864727315943
19874046,129.44293561101426
5656639,212.71800254447112
12009779,106.34134547128042
7953690,79.85652446219015
22851242,88.6840514560303
14334031,75.42662321332551
17893477,80.86635489885764
18254908,133.8273659368448
28301882,100.364107939321
23660051,62.56301230735321
20301415,92.61526650541892
10074282,97.77859086172212
26953440,500.3191942362525
28916919,78.30480876809825
4189428,180.0243409721836
23839221,90.43214636338467
20712140,189.67030844021326
13561402,267.1306890373088
8538077,122.75358560769901
21491135,133.82416008301465
2618288,85.61345348374391
9613465,89.10019105889666
1089619,101.24349431768401
27432653,100.24678261725403
21701695,128.18140879461598
5285141,90.46936715389604
5251673,95.88215787300267
13935511,101.50126398219417
5316266,121.36250190945795
7037918,54.61215520107083
22786489,106.33702970146821
12244218,92.25824916198788
26785149,66.53096690236025
12863090,97.32869087618799
8473811,254.08662104069512
719621,66.2925931011806
848087,113.18265070043999
23521858,73.97153008366298
20505979,109.66872783824992
7546944,140.17200633606168
2362306,66.9528040604863
7955150,133.78879493886404
26003793,203.38978938898296
15706724,257.30198703377295
26470880,85.64829237637635
23601676,215.43812890207096
9594995,147.50351625921925
20459849,35.1461615229069
26439884,100.63744498388265
13204919,71.59757483857972
7431316,63.67037724416235
23428475,262.01202098904633
28368404,121.10673329535115
9685114,267.6530968580898
16722760,113.09866555634669
4823910,183.7907656108276
15041647,58.35550907072324
28153346,118.23875390066893
9153075,101.78060196433641
27169886,56.105677490878726
670767,50.18480074112822
8286580,81.55061643836139
4787201,143.5026195230769
19268130,267.6327510348105
9926599,118.33937870675955
13586284,286.79504775132006
22117835,138.79311563989708
11043651,61.31842671607057
27368907,226.66915489091534
22119375,59.164513886203544
2045727,54.55626159406591
1148978,67.37418882943075
14596236,57.44119532165976
6291568,75.83775830647384
4701270,93.65122726585645
4077427,152.4107829189645
736187,62.96710613883471
11791225,67.52873417610175
11360854,91.43777347217103
22451363,183.44089776169434
25518386,126.85126596190482
9990200,72.22291620986509
1728339,84.7486839994258
28083998,83.19166790680207
19220496,138.31962802616553
8167884,114.20384504988156
27370359,153.50270018103865
2419574,114.0445607360292
11513480,53.486713898687015
23629119,70.33419738891916
7480795,126.04636333150872
8964740,181.41163553300112
8719984,160.78301398814196
9299707,165.8774326732225
14236734,164.59965349692723
17411672,129.20324886466028
20030489,152.96315463318288
19266068,198.95802878145278
6051782,162.51733667970245
7194042,171.70196921128436
60864,173.00253352874753
855542,110.38544686441993
7807454,120.02034657819748
205485,120.35423366452522
22797978,308.77025964325543
18375685,168.459818633468
17938337,95.34075021723886
7939074,54.56981828634727
26005933,97.69661193137294
22694177,69.79338875386848
13202374,91.86808027988563
25278248,77.2109041201689
27731269,121.27835402270428
24632879,336.24818051975643
28418722,96.73603508573785
29560285,163.64877080367205
45393,163.9321526962506
1785942,58.3028480803581
29699560,194.25791677165503
2150818,168.42812879036236
21798501,86.28440689687987
264323,81.86622674092403
18997907,71.55280779658476
23377713,52.690953847598784
15535199,147.84161437788373
14443766,96.63741325288974
3783639,88.62847736212531
1937761,154.26509873735733
17097495,138.01584049554924
15663603,54.854255621959545
18341580,164.69661628212842
11362069,268.1340467656066
15071519,142.6989530584095
15767894,69.56624761496471
17764129,139.41656600042393
20016901,85.19718404737408
25457583,74.4341714409308
26501755,159.6046538339954
22846744,144.70585296395475
7006494,533.5450266949175
1878965,153.2272728047457
7661735,190.32522408696877
19093789,77.01931705206135
789298,125.20128901299442
29585526,70.32014400650179
8313551,133.89440989419086
21694133,94.93742607280346
21413528,170.85331551922454
28758169,97.38449680947349
9844593,58.8275354295514
23061070,122.58752006592948
21828071,80.05544293687063
18857790,61.34645045874415
7725042,101.35454679647249
27577076,257.92740589336404
12296996,65.58986813773829
13943523,237.26334076346595
17367187,101.30037468187011
6237065,162.87687562618393
29057463,181.6517858088574
26271688,45.32422607667875
928229,88.07709815462108
5858505,147.12186870500503
11660015,208.95485520212262
22595469,70.49225903819968
11261796,188.37704231935274
27848695,83.22215322004801
7545274,189.0192292636925
12223759,187.87361006929927
4258443,81.04813597202427
21839021,57.928557935440956
29103145,148.11894768425054
21828624,81.73711860112415
11256539,100.90756360110345
25775969,114.40647485767596
25344123,107.13827097808478
19376753,73.07466316779751
10850008,122.16226409870667
8904662,86.97009602675985
22352661,121.9670904474123
29360384,95.13139963237857
18873722,58.823915064722264
23508191,417.64850623756365
15288813,69.40605575719086
3678990,91.72208899243236
4299536,224.1404901905802
19155616,51.39460558050789
25306944,320.89977823551976
24863288,148.3424799133724
13926029,87.81440950034165
25798995,65.96024464403997
311003,227.33353635641188
21550933,190.03955806057675
22638243,74.40102923039737
13688739,86.93614301549876
3605654,191.93873237077628
12764185,59.041480913398516
11567121,172.05688320654113
9874794,299.57136099110375
17941851,57.38578865355634
11136854,102.76889198329543
24696573,146.81652675869938
15805694,71.50114456864922
28958526,244.00580654322962
11850380,104.10424873551214
225887,131.26509997735857
393682,106.10354688121059
6884254,61.10060420951532
17653791,93.48164700890295
26566099,54.733726582381955
7915596,77.24426603267123
11675095,140.75379629067763
17295495,97.01485722964587
21661292,127.17607797482042
1228561,158.93116228426194
19315654,136.59985759909097
27505786,119.77748443445876
11456821,217.5027555993585
14827512,109.47395530578957
29230390,682.5084269764862
21489570,364.78152011085285
9425524,64.12730809578082
16578474,135.63535131506544
275443,203.61431983309112
29628181,251.96229739183627
8102145,95.83201665773272
11848146,177.12171113053247
824163,62.43297121799534
22157982,93.82450368889529
1769357,58.59935898973458
3915042,188.7180925110923
8450523,346.789790230029
15971302,67.92349719110767
2665579,99.27018099719957
20969532,106.19563021747523
12798141,74.30117078517499
21942606,182.907547598552
26818175,70.40397484333701
14951775,200.87342556449403
1645196,112.90412482474453
29035162,235.3564991710476
19531901,238.32186911448613
27593034,193.13145667535704
22862238,146.77271669475303
1304496,63.181465936251506
342965,239.48422193020122
13768719,170.6764895161582
5213963,145.45363306914027
28717637,224.94815957724822
21500449,71.24826176721567
18706845,59.549847161565545
28349233,63.81768095084565
6278513,55.746904885505124
22043331,421.8295427627374
12655465,185.53640769246007
9299515,175.8848326783673
28483502,754.6310770077722
7246159,246.25623946188261
24775621,330.0345468025817
3959369,198.24534188667067
9504657,76.31311194004512
22206207,65.0088866680175
9476774,356.9988081461768
4853011,116.86770806047879
27055213,131.5519851172121
14780945,189.65199886859978
19786757,77.37359517815675
29629465,125.58786293121243
6472275,63.51369659920738
6460927,207.95808744119722
16159901,569.3371341904356
15944470,105.17951271191868
700530,196.61870250466404
282977,171.12417504889325
24823192,53.99245681413128
21476235,103.74285315587873
602765,100.40901938308461
7575626,145.01285090533693
842176,91.46018799462502
27892359,170.88841084623456
22317025,294.710209248556
22341308,67.33027015997199
25166183,68.22701259641735
24010184,175.36546936637203
2485482,59.300440849184135
12221362,70.22172207243032
2210663,181.3688919365375
7482970,252.92871610618695
16226219,147.81779711764747
4667046,257.50241261280127
2978421,143.98281180706002
27573948,122.7685427142654
11852071,79.91880205794212
7264496,124.57181504698049
25314934,102.60405490731608
23388053,113.76837769113486
26895017,208.6673052576834
19384126,211.9902224295079
8444619,88.11016880854827
4118907,176.72603853227739
7116799,142.78475211221016
11721727,132.78105027468757
17509152,133.64594003183845
24101006,151.79978777062678
16785643,70.31184951649571
21948540,306.86780209304925
1658703,123.66717215100293
29591161,54.75331293108727
13725194,62.11876754709764
23293804,82.57110420536199
16604112,79.36498868196576
21152681,62.91692446853315
10054892,213.4381795885923
26985367,142.8410386824281
263005,138.96087190915185
21254488,100.24013647715765
4739703,109.2636082786622
699472,146.28439762615838
24232774,80.73036715962279
21098505,220.06286890066303
25584852,75.98734805114492
23078172,55.97885554273628
3646551,193.0617724467692
23376196,125.04024015148583
29438220,192.2101673610298
16351808,511.7984934292158
23097802,73.67943699393777
6654984,202.15728481268442
24018419,402.81389383322374
59855,174.1137764227491
14709693,113.27883738271068
2060275,113.83478192154371
17610059,95.49041547355775
24518005,78.22182987667952
27599657,150.25164027597233
13757845,186.11002127263438
18635942,169.754296629603
10200715,157.2624828444167
13487852,97.43548335283397
22907753,66.09966822822173
19830738,220.19362314045557
21700414,87.67242105368331
23129639,150.28880620394145
9345056,53.04049208510582
15784598,369.5380567098933
19654433,106.79101107509284
12676400,121.8357735125611
21264131,95.23867038237238
19363396,102.68557989022248
10849426,110.14354230646309
23742000,137.52112517334368
28493482,82.6151621646264
3120957,95.38229478565368
9152965,189.05280193409817
23762605,107.3560057084245
352651,67.37749877843147
19415595,66.58813981980326
7358801,115.57626895524852
20243723,63.881129094350605
20173894,113.88353810279115
19673318,117.08880227100782
16370096,59.59561574340918
24516934,66.85987795315945
6168331,49.99151167460237
13273660,77.8198113918639
18823774,146.4340257842827
6599950,250.50572070625705
8811514,194.09470169357488
22716305,75.61376560590105
5803068,43.72692631240684
24129266,102.16228263254857
14465415,170.3320354465884
24230591,96.5455608193929
3478771,105.71539299564307
3482919,183.37539801422233
23450129,144.8250747164805
16338086,164.8915823527545
25107227,330.96608915164865
9822110,79.10194245460369
14949307,69.56578227474773
17585869,290.45847298120646
10243895,297.7298431334982
20622747,203.53475092314068
21022064,274.17942454195594
2425222,143.9344575103236
7695442,89.34041995793014
15209423,126.34385825731283
23822397,70.53026421535633
23036845,346.6370115684196
26425876,83.57364030574064
2096968,198.87265843262404
29144832,290.3033711466034
22701863,100.95714574317219
2314553,132.0276415521317
5433287,255.15161808899862
450009,65.88176754291919
19749448,196.77351346297777
20242938,62.123133129185
8901064,79.0023600033498
13730284,373.05213091648733
21504961,149.5597950029369
9940253,87.57383187374326
28462715,325.0396523323172
2310008,101.63119751747855
17515676,191.73286365226804
11474808,264.56865190021307
3474958,83.84353276114808
6611652,452.10618350208716
17720274,125.91371024776005
8201629,222.78371542230244
22174089,159.56289830311073
18560301,287.47704722129606
9614785,141.0024969547181
6335490,218.15002335387808
29074788,150.96633630741562
16543032,246.77057386341912
20147628,196.2107532863505
1349187,74.6546280386536
28974152,78.3310675695267
11544648,78.85340461995581
27543590,97.02377162674384
15235535,69.4629231922902
14322869,121.87646768030095
5826700,115.68234111615597
29341038,65.54858256169992
7344761,261.23559842384395
6388315,209.02242023385108
14049192,381.8378075411979
25209144,96.98556639208819
4847624,146.50228306012957
26867963,231.04265999478153
19490499,70.81981644223492
9415290,145.59470213436114
11947316,79.99226565688339
23563298,72.15208889531783
11227489,65.87747443127533
26814986,67.53479447258081
20804083,80.26103775176716
4841187,184.92739509866465
14726699,87.38182168896645
24380794,176.35486520528355
20788666,87.9002529448826
16289973,65.89602855506345
9595836,64.49498056040667
7870442,159.34235283327837
20996372,262.69580899348824
8021914,120.24144233568889
15885228,432.9752798272548
12811459,592.5492707725306
20918988,113.04837965436087
23806808,140.80228481993143
4764999,137.37168294943777
8712745,124.65264782144884
16164699,116.76877637089929
7116071,130.2646861221492
9004813,202.5365761331449
23052964,60.09263806496694
6717607,60.811194177050005
23344243,162.38431257988182
26495289,42.42239473096367
14843849,117.01807366531027
9393005,322.47824753460856
22702906,135.78515875393623
28440971,479.4167534499799
19912256,182.56808739869223
24438564,106.07960757248777
27403622,88.57850214319312
24820955,60.84446140349312
4059620,186.3036683274206
9804368,258.734341495641
3792910,119.75514893512236
15232776,211.92594993702815
19342192,129.71500426631326
7514135,74.49157904551022
26135091,145.679298929846
21644159,68.35149419729484
25571627,188.77279299293707
19359445,80.51869612325659
16050144,65.97301736513586
18997559,50.6688324806346
13880742,193.06734718605682
27016970,63.33034781782573
9531442,220.9069751408658
4681193,107.83283704276091
13450434,78.73543390639388
14069371,83.37710620650023
15958841,117.43929631937893
18739123,295.6467732073213
9150429,46.75634118403318
26924532,117.19521902725887
9093261,232.3707726224669
26530921,258.2492361767005
22352928,151.54267522139347
18948914,149.02851910052436
16414226,92.11016474767727
15398919,174.0558853710535
13040618,61.57262630740741
1130138,147.43944672399803
20597507,99.43405257184588
18471556,195.6278325789933
738588,561.9418835240419
11850334,204.58525477688127
23504408,153.80730736095936
28867268,63.866344482012835
12035584,119.67740056221099
6309328,64.10832448026666
15040602,224.03544620712626
13891670,66.79727788426915
12945400,89.6801670730702
29513616,70.76153653246057
17908179,119.86803069189092
29699681,155.3854244254897
4546153,169.99674880847192
12135691,130.5480566057837
17542694,56.90615520522855
17968140,92.4083762628946
20871641,145.27270842933387
24143,85.57269704929831
13788013,178.4725892942071
19427899,60.448449721868336
21980711,183.03318508426904
14281865,171.22059894660495
3768726,102.74637280750869
21353196,194.21614804714383
24604626,124.30876281306087
23328966,65.40468636610068
4168470,220.23793641473196
10707758,58.07901673798375
12082737,71.15652223402765
19901755,132.33876745975462
21635015,60.90693569157161
20501156,57.487474458574034
13489132,171.58180422760518
5066963,70.92939917014101
29383763,195.09063645399723
9180821,103.52104158845088
3644017,73.585833599314
6461553,144.1128902575779
19154108,177.4438010861693
24883987,142.45158148755797
27956519,480.66101440700123
29277905,341.15101010920773
20803220,121.90115902288066
28390400,75.4635454961966
10291127,195.789667359315
13652851,78.08833799705992
1956677,119.25869105247905
13465546,248.9457949328221
5638917,98.95728547228272
566712,125.55122574465564
13760302,75.03475831219664
25140746,257.0120508757056
8683033,82.8018687040074
2115611,102.11280591723181
7500571,138.6984044870687
22830789,67.04906019709672
13237828,128.96574481652326
7399036,168.63717391176553
1856914,201.9176651783683
28699383,169.28287264381223
13659997,164.95782852752566
23106013,260.8134303504119
9919728,329.23050313701515
27924639,99.00875325121326
3272628,122.64265695423809
22338292,102.29626083666925
27762711,148.7708667765959
21868427,138.94295223005653
24555212,60.35288311414816
46859,65.747173049442
4475128,78.21688073304749
29073911,63.28200638138488
17730313,108.32090977011607
22027241,59.912864912562725
12753434,180.05845836170772
14959195,61.987011314106745
13397167,60.51316079295961
2906314,163.92991345479723
8274756,72.5812628462699
11434386,57.052812473626624
7933896,173.452613577399
13378177,126.70636718379433
2847633,124.42078446451673
16312490,80.99002965691538
22067906,89.03613063769035
690960,62.366127737778044
27551605,155.4428457185201
29533631,70.31753428099131
20692888,89.51888914152681
14377,153.3217373043443
7508588,61.16223534299312
19891590,118.17876709578725
22928463,80.16643763470917
19998918,176.70972703991274
25030446,194.05324409439854
19011267,133.22442314897157
9843956,111.37011108695532
23715915,279.4999523115304
14976368,133.58011499449546
23495421,59.667048459180556
22646754,246.029656306671
9989616,70.64904102445506
21020048,402.59170703545095
10234437,187.5896731362786
14120153,60.14950838750379
651648,129.29331972830605
335820,149.1382999630023
18075511,98.59928889717014
5719742,205.402004405013
7660468,106.1296939110531
15189516,65.82961778764972
24752372,112.05088994130058
19055440,63.04188197097036
28806883,526.8278682827263
3270428,224.91147780832318
21549684,181.49485181128316
28180599,141.1785480896625
9837193,62.82286030971981
27510869,51.52568676845315
6854013,175.53362066864375
24203445,313.5923558602794
26737679,201.7156406591267
12411380,80.80467702173722
19288937,283.96205173002016
8438536,210.37333044090838
29237497,506.1362110423279
8843681,179.02199773076867
9393885,328.95518021104596
14168034,134.25314499333288
157673,124.4083545889768
21214101,69.79514368450691
21878517,222.30345457193013
4639451,61.53451069257387
4129992,116.69343392506079
19670458,56.934507359001906
26225021,71.98923889028372
27873740,100.20452480870858
1918693,78.54565168118916
21386105,117.06988420988843
13209514,144.81186810838554
21881605,259.6322890718493
16337890,63.80310375998187
17512282,185.4574093992354
18507833,103.40893545641514
19521346,212.07121811067555
11826442,110.96851431283353
23147603,153.1194405660511
21825464,99.49764750669306
20698023,138.185277316938
16660379,164.34869661502017
5434754,103.52255047685101
4887727,217.1803236561456
1966173,64.87097571720578
6238314,74.16857624216773
705997,119.9849966585882
22834843,236.1040377475806
8069858,79.88454957910078
22084321,99.02525293372516
26278853,43.91720929557351
20620824,167.8131594322003
18198439,168.96415027223958
5193916,69.94981412407071
9827236,76.34689175711283
4658293,131.12418547680227
22373128,70.86049236054416
23016550,152.1439335229326
9698905,75.91123880752968
296345,54.564726830269514
26500982,116.75545532309054
18519818,64.0265017418986
10058944,108.5878002337132
7975020,84.53388243051533
12827022,133.63482942479368
3462561,168.72864435789072
15741848,80.00377817560226
21242568,94.16678617193962
9561365,91.66146854201185
3867705,299.16849589718055
6852346,63.46289365820198
26665648,163.96834606291347
4386513,337.26033892821306
27760799,63.86114312762523
13150552,71.31485490578494
14125952,232.44485858775465
28253864,104.80293664521082
7054585,79.76049038384882
15105984,85.1412876989573
8501697,64.15066362743369
19603624,194.40362973683798
23468461,61.04577537435514
13308317,82.37214711775077
22194582,319.65518404638686
5989927,328.82560206983084
9808859,199.40291893500952
17514662,235.55668214561385
12900284,64.8324255592827
17516672,71.77769252165236
22454710,214.30564203527004
3603426,114.10204089697875
29092966,113.39572858767754
26281484,288.94055578663136
8540941,75.79868686604607
9788141,70.53100153446621
13547426,123.93930060795691
16336686,69.28330551615761
13607904,72.53111703265506
10204682,197.76850607102415
15377407,157.60901882062703
23338396,120.29805779782612
5066526,82.95883085366505
14290,164.5501769585105
29661515,94.36857761144711
1016819,275.51638205848235
19472085,186.66282777396296
2051352,63.58521606719851
17258228,100.06647850288796
7226624,66.63093228499402
3594408,72.0097568036522
161996,405.4254394467287
17512879,213.76637553216642
16424642,54.79561375315856
26714621,101.82266975155818
6421335,77.33624495047974
23578375,68.09741840645967
7071744,86.34563306521396
5771361,398.6979537346486
7322088,64.96633340765038
19829900,156.32380933455346
18415505,157.35058164937686
17554298,148.42374418016377
6480042,57.36084742789962
4830154,64.70388236926082
21078963,114.68699290996086
22357889,73.52099356495081
4841257,65.3382343475893
13265410,85.7406864277723
21816519,208.8845335629303
12110663,82.72330478652012
14501500,200.7370263678367
8164877,55.376885639972976
4996027,161.52213067527796
1582540,175.7402169862812
1624665,60.584884116371505
6941601,369.3031966573297
14770256,71.9801086963506
24939459,143.8166051738736
24895974,139.29859406815396
24844664,83.25555477661821
17499587,210.06121409723082
19036818,65.83226930155574
27361321,63.32607180809206
20639628,56.9522581365828
11138910,152.312923544286
29437730,61.471873353403645
2451110,212.586293231563
823631,87.14289538622491
6397592,89.69289505073982
20582759,156.49821045283872
25006193,202.0018012916528
25266474,67.22679959305701
4840794,146.6861736092599
13619385,181.03211180587326
15003721,57.87034050007162
9793542,594.1468952150311
19608383,62.66538225700458
25182210,75.73687932346661
5160363,128.50207411834748
27953636,221.5543512768936
7602826,404.39999551691284
28046416,71.72534268439723
20026270,187.63771665857027
16630162,106.93852540891403
20030869,159.54365032766108
24206889,52.2704470533511
3791325,152.44744251037275
10205011,105.12448283087242
13480090,64.09544271792943
7535342,234.57390380801453
12252993,108.57817075539958
15968426,81.4483277256603
13961015,124.22624009031067
21622153,117.66690549132714
1969383,141.88752982088712
11950098,63.51088857518298
21730699,107.82178299249021
14027626,203.69918199889426
10939344,97.51695666460903
20120739,56.54936057450553
15773388,86.39198283335934
8735633,121.05360575800937
29595519,112.18736077787243
19330704,68.78202153667353
10268712,84.56335800493936
7309427,392.83024331190035
29076318,91.12781535124175
19295911,114.87619640083604
9146709,62.07324399847905
19546713,200.16156054592943
25816999,66.36768180340174
25228901,170.1770557142439
17774989,63.83915366499036
22034112,103.43687246523196
23612979,67.55565091761386
20311253,65.70109626107465
26034888,273.82561976572714
18701095,62.724779302982775
8152985,99.93083658793019
15930817,69.88023012299617
602533,68.98583770304087
20263650,174.2436501696453
181522,158.5957499417145
29262903,247.10629217161957
24283531,103.59526076762062
22066317,75.71634418598795
22403201,82.27431139453188
3832774,126.31169970919393
867069,116.86622511337758
23749162,309.7772625306374
19907176,438.7267447983995
24868956,88.50426175808047
19701716,100.4668774954065
16368328,82.25995496052185
4621217,185.1149580176166
26297369,215.31759444089758
7952963,127.57542319833344
25134392,269.39560053020523
10096707,167.539496010048
11351798,243.28030179408347
23650831,78.51971781849583
27552129,154.75218350004715
12067200,69.87153729317451
9343350,198.3474165648328
6416714,66.08142958886314
8525292,133.10204040384326
13505542,69.60908161952109
6929738,223.9769808094924
20440432,80.18228640188609
577824,70.52010651996044
18155852,90.14974294147915
24633539,88.48016151523431
3519487,113.815154103649
6649555,215.666981665355
13902088,101.99792933376357
22764636,87.27029225676773
29561222,62.56096597224494
3760158,237.4302075421973
10904914,125.7816262843924
13000020,153.9142078975067
13497388,111.70638501767839
18023847,77.9816433719097
20570202,122.18669091066708
5107397,104.41391028773985
10869804,133.00720200087855
25513772,56.80320193677746
21997208,310.1352173712508
28336286,82.32868645612795
28089652,151.44955625920423
1150514,128.99026748678293
18433781,53.869236711117445
19609161,113.61523345175392
23222260,63.28624285123914
13109933,186.86450049808215
818030,89.19003943092225
21474885,91.16524549961206
14538224,155.44227340004042
23447787,173.17015797252205
1617488,501.32569999680965
24140343,58.26743156262413
20881375,53.902373536874755
10489896,91.6439911191826
25234752,54.39357160266017
17344027,103.51963940500666
22274247,418.0886183889086
27526504,123.3169811355997
22928115,121.60366938365344
13941998,111.73550685338962
22564725,55.920469168345655
13429298,170.36234007538505
4571518,92.42149179951282
1045897,201.26873374933575
15858922,118.74018075434873
17670245,63.626434943876255
640691,98.4830350266044
9063376,156.14152337259986
3695725,325.3374475839349
16547073,81.78871485540414
28758300,197.73486739695696
18358470,160.13915985737333
6539778,179.41010444426846
25545392,110.61822027557952
22355505,70.26900200516387
23359403,59.08312817324593
20757519,70.35106717479981
6054400,114.71761652236644
16381226,73.1433103853938
25231092,149.7762810859921
24137279,63.08356974683272
16400753,88.27877750173752
13667440,100.50763228912434
22036379,62.76265903453976
4936023,178.76935601217622
5205123,126.63618856522463
18877699,94.32081004275214
11827037,71.497170426153
24541992,173.61879217507058
22760853,153.75638305036304
25423395,40.05269697060721
24523473,228.40152775463926
10545027,147.84481834573316
1334633,205.50302778037613
22213107,124.20071034032303
9652438,62.60918595771091
9230605,207.82450771622447
18251681,129.17010779075824
16701622,64.35055223401604
16788345,140.49100868779138
18235200,79.76714993305126
15761285,190.0027332864602
21990254,68.00142420500818
1880539,96.854167671588
24527051,66.13586289875956
12262453,86.70112288684508
15833352,359.8535193461248
18012028,84.32938143458632
24525356,246.96584030145186
29625962,177.9584284002358
13083733,719.6371569371657
15918889,83.39307366741168
23336678,63.442827937884225
21055192,74.91354764266073
29309106,321.7597104384003
7054468,90.22289388203541
28219460,142.0486213461667
18597408,66.67464856210023
1530386,245.33737014724977
22585529,337.7325423889011
15903188,52.93349733774206
8012334,326.5214003239424
20376152,73.75292304527314
16741935,121.85248062109191
28462562,169.24643110460462
21536927,44.663260438737495
13941017,143.45867513369063
24624581,262.5766543961436
11842127,254.77674479540974
1807106,135.0860000799557
27811127,582.3003067594706
25944708,110.70614243976156
26221423,179.262003590141
28742647,100.37960283398661
25289156,123.48144045572668
158913,116.66716945424196
9629672,186.3656226201546
1887874,76.25296808047271
544039,145.30618424799636
25481197,124.58880434361988
509989,453.0483706718389
7927466,156.0044526894887
3372925,151.06864351033838
28608251,38.53007735979306
18961150,149.78712496021737
29762648,209.50705648249868
18342661,221.45092211173642
16629401,139.46670043120216
5849386,56.64208207432981
26431251,47.411954129603
26296479,191.25695035399386
20567712,287.1924719897984
4084603,233.84148460161876
26596287,100.84454287147025
28010779,188.7440799221274
23626886,204.11282814762657
20758508,179.973477210791
20995630,73.07773253387855
21256268,170.14392030822097
6018947,157.9443946803651
2748064,205.3052530787464
3482707,393.5756996968209
18735631,96.51400317808672
28073750,75.07143177986686
23110686,119.51659469980443
7919803,186.5466616258959
1913864,53.824865412724655
13902725,118.04864094617973
13245726,73.15740629018738
4116403,78.33744088541287
20835690,165.70166872579514
18865446,110.57728550832968
28245313,193.08056829494197
8100914,173.33302637693967
23902905,97.60077622708313
25948225,70.34563574860589
9061331,207.24185904598662
5524950,135.6156712696258
21311676,51.10664947020725
4430747,105.60328122889052
61167,227.5264103510268
14724181,92.57824530957191
9837051,113.43558129313664
13414,117.01351411132642
18432636,60.79995546198754
31994,73.11762293088425
7708934,78.0712595088176
9541514,145.72758620629827
13938508,68.15216199390717
12324274,163.90177475203248
7214586,160.0567775877241
6718383,50.46220639362284
13292687,107.23362930722074
15925212,242.5791524044704
14292249,101.79197779942416
24554027,57.29869822425213
15205941,80.98331946032941
23289674,157.72138798538995
2087970,229.0729263834155
21934465,122.63168537052309
26806257,60.672792505311484
20801864,66.55480933642109
29034522,273.3289918253021
28896237,71.17422663365085
7615409,168.03967018946759
28751660,181.85055334308336
17549299,394.3462010360391
29159624,223.1001800879669
9662070,71.03339402537134
8192768,151.6141284133412
19541423,211.86648149052212
6428913,443.01875505554517
29158063,122.84751392622083
29417262,383.02086954723853
25353054,167.8816590859373
24260464,46.348240873417446
525293,206.52698811407743
23943945,147.8361276752863
13864221,49.07788093960437
19226278,65.52755440433576
24260244,100.38760723924815
19779217,97.17896622753665
486350,181.9598913750997
13787558,528.4565172270032
8553197,72.2530253302187
8742625,113.11605530675082
4241028,82.8057800068778
20598040,168.3476368630869
16023497,258.08161682452027
19070964,55.16147075178535
19249136,139.29070642286004
19791460,145.81708323032262
13621211,170.99134992351222
17771762,60.17928760234356
11602485,112.60900417092665
24947076,243.3012605049904
25209619,98.29876876466824
17342599,70.29744400521426
19475198,78.57702124822623
255957,428.5205794391418
26669199,103.80019909208954
9405895,276.5936991700384
22142447,409.2633246331436
11335874,99.68905939045071
7331070,251.44761484208934
7661218,174.71188147588995
19589726,72.80055773093996
5717674,62.63875052178137
21597684,102.67838256744635
10252499,97.05262489225554
28811746,53.04102314285614
14138706,143.07996005876498
13556607,85.99955134192014
21907240,129.85193568551094
2818471,186.00905146747928
2136293,115.40267289015303
6783518,71.62228802905027
16099666,629.5596520549565
4474843,72.58245155232144
14756273,72.89854496624604
10849750,125.81952155092192
8867253,188.96720083084074
434792,123.86511639000474
14161086,57.198738590479614
3344509,215.80477006998157
21477816,74.94081153784332
16585566,71.53729666703042
5028478,68.19845602970601
23921983,52.993222672651974
12669490,106.92097717463554
21503899,77.01640709969861
6973463,324.511553235756
9578639,377.238026095061
7933773,124.43731916291598
9856995,70.52962748476271
22146861,70.45384274271504
21501507,201.43192291945834
3760824,89.92945472631762
27470676,357.63623224969416
21136805,229.20352750069364
14838808,154.11571452058584
27639832,60.431025391695385
13782654,76.57760276440756
12310556,119.399771616
18353019,71.10749223118678
12285861,261.26902147010213
11309973,280.8156761040447
10126128,56.284981649894284
27526369,181.7999601721358
25339672,87.73731022063157
6200692,84.07186327291072
12333601,122.92423380245616
7515281,52.710075500463006
6611419,74.89496313400748
26299301,203.72489820643432
13272022,46.91955339330985
13298279,87.34184113449145
25190223,243.34298967829474
13130122,191.55274543358436
22290967,135.41978331348113
4753182,109.28432644947208
7742889,66.07948893671455
9895587,54.51573245497628
10830834,175.68051873220716
7556587,72.99189686063578
15357493,106.42247269202198
1975999,176.72873684263848
23275013,117.57492910305943
18591904,48.49347394718473
13577207,232.98882550676504
19323563,382.8810351309915
14198179,51.866356381264104
33223,79.65968797681076
25103135,79.99652850436065
22064262,156.43630745439856
16333353,56.64629326820194
15437906,87.67934468768595
1965281,83.78490529760866
28028018,187.62115735837804
26920881,74.28804682601454
25281618,224.1903636227204
29421722,48.77084446454566
12915928,278.6652648351872
19634230,77.88525424492938
2508024,123.56245178018908
11707920,57.70793967838588
2237063,172.75287337508902
20288527,258.4207126134665
6327222,53.60049769240562
15215887,119.91812606709539
29364512,151.4294919458992
71812,89.2317274690293
16252761,66.28800805411176
17435128,170.03129553766877
19380620,77.85944427423095
15253883,203.51147828186245
17380887,85.54510498830128
26895623,208.8890503102964
2570561,85.0488684166104
24724872,187.674264569518
15936167,69.64932018227854
24609203,64.46997671071597
22699919,65.85974078950302
23522400,218.60357672104
28635769,79.66842920050999
13957427,200.60068631266958
657727,175.1667629671674
20452330,140.26274657844917
19964244,90.21783515624531
15222673,333.2716818383096
9104876,193.3639369183472
13761125,75.18251031503051
26154069,72.86190204975499
7987971,73.09936794421492
25263472,159.78222661389842
28861629,103.87331186425938
6259989,70.88943588897577
10426358,293.01704546546443
1457505,104.11722295761213
6968737,158.0731341256859
27287158,204.15907752722637
19063118,82.30487108869828
19130344,146.8826260601136
18700004,99.19232965006061
20634950,118.83806261984485
9022118,120.03206364214059
21694035,343.2230991732897
21322742,131.86134059293946
29149377,241.35517901934108
28492651,739.3413034751624
8704348,104.55813284797074
25688166,92.3821705863403
16161888,141.94591014569582
17510556,313.7193303201866
16858868,58.80344141911004
27366401,148.4675971915764
10992335,104.87630627080193
19821206,160.41693765717204
1786408,100.45256301931244
26257823,50.999071816030714
20603008,66.09286285538379
27227269,68.48948113647737
21822768,275.67039213324097
15964536,155.89205527041426
5866656,59.93354929439305
8738086,231.59185810860086
12397447,72.88743715056331
22164073,97.76886955719176
13998223,580.4068389272735
13565060,85.70863831720858
27299600,379.1188999245574
8254640,157.34443001249403
16477061,173.81858562337354
7699037,80.4588897655353
157431,60.934493247835086
9920607,297.2010066619081
9340975,178.17874552726258
19282,200.4111514213354
11567179,70.13724479293207
2493039,168.28643074170552
17280847,211.5846499435438
15988695,67.30322340174133
10699072,140.72740782238176
19662367,108.06956418857423
12005922,365.4797081224456
23353909,61.45857822748433
16087737,45.00752953339369
22142173,122.08199672630678
498859,148.89176312462268
16000365,136.2855677376088
27401819,130.09738020211475
6909615,78.27541030172036
7019534,163.32093983361392
3816450,261.58496691537897
19261252,311.42970663554075
15218342,156.76379865772128
16392758,76.816676878711
7557546,144.02175323668675
3688197,116.05935036973403
636391,175.0372847718996
28579624,289.44493807777314
11754084,158.8177256302238
9233883,190.57530209963554
26783332,69.875065061844
19664338,71.21698296100527
8759876,204.4284944599432
21800445,330.89137606184113
1492286,92.07273716801114
14472317,87.66845310220663
28842166,125.67701553792091
7602426,243.63313506583904
23357899,167.95093790341687
23359277,64.84610444684503
18229274,133.86071540298607
7222504,78.77845034598407
22421636,108.6008129466763
6228461,58.6102747026306
15674821,95.87884801923649
570797,107.3793252695234
12302561,156.35347767476713
6719207,47.711009928842095
27435989,103.58756654724608
27169644,136.1152296163298
2895820,91.39807076566031
17095925,46.4712737581364
15745537,285.1488173016038
6611592,131.3899926951111
10066662,170.4606528270676
22904958,98.86817633582824
27203413,95.16791006188157
14184335,245.9621662628615
510454,206.04771927545153
18891659,91.38221859576032
24655658,100.65103164753685
106647,147.97113424394664
23827460,58.60706232689952
6914387,243.2616871358889
26516849,61.23726021574305
14451686,242.60227572585498
26188665,118.81077821571239
29485424,58.59102716386432
2183423,188.51659657129002
8626843,91.0163464277315
6545163,121.51451571943703
26836577,60.324058105136054
2084817,138.02465049017243
9063266,166.85406363088214
8052243,167.4826583825851
22339390,129.27253517509678
29262039,131.3067487357658
1958765,199.05638883981285
28054489,126.09803803418127
19134850,116.11473426755042
531455,107.51164746611869
11462440,86.98442794024999
7262439,59.80041283552009
16147471,89.51506876133567
23989379,145.84850529467235
22109629,191.27492977437205
29049358,61.20406736579178
1475631,65.12927263011534
8593656,72.86036862124156
5998890,245.50231764729006
14161103,134.18677862259906
15470951,50.38219927690469
26102878,58.84380625324354
6013186,115.25956648995401
609559,120.68107789579166
18587083,126.90555301683533
20778074,88.52995174578774
9515733,131.97818395744343
13769692,83.33400966592433
28717093,70.16229415220322
10702506,170.70143404746364
27982303,224.77261771709516
14134105,54.836947645514634
7460803,110.49174515097934
5326138,84.97197348599384
2323502,61.48565655775467
1336984,75.03080172103743
13375898,72.18520799883032
14027065,121.80605679980822
24853574,203.20375504127617
4308798,143.34463172994268
29592296,261.06953106039555
17843852,107.63641959223649
1240530,70.77980666392402
24266063,356.2829766586558
20249492,529.2805919774215
864981,54.214180419691246
12830905,99.67963523799311
583224,167.17695513431354
19651861,131.821421448991
25454892,108.13689903726623
20459818,205.60805343620225
4941141,119.54828919727208
26366300,120.1313582683775
9908400,211.85361872161494
17268340,130.0684711746241
19635693,70.06787139166424
20539089,189.73047681341356
11969810,62.91516029507924
3874870,196.87159905278517
20493318,63.433086002078504
7561686,123.39648054105608
24699629,150.65147098276455
22131111,62.82811765338048
7473909,72.97677317754386
28090976,101.22191946360533
11532518,180.50854030994358
21948222,138.06830686458864
8111321,105.00530529094748
6730582,156.07751458197507
28613174,73.3110301757431
20269743,49.85501702951354
1586304,291.4521455226943
3357882,267.14187381500614
17446640,142.70024848407562
9793465,172.94034741272822
16314763,77.14050977932641
20227482,155.57484616333326
2265778,202.5367255977702
3604145,103.33622226154567
585300,55.28673205649727
4438029,225.42432694342713
2817302,111.69818769806314
21608855,68.63631827192735
4738271,129.73410857436969
13431471,62.4608430917414
22810195,207.38970599375753
21975096,54.67526005505372
15715485,129.94923371908038
5161173,329.1900734811811
20486011,88.24515333011499
10253377,113.58790714382214
21901025,58.869055911473474
5804451,112.11353952734652
26895469,86.64765781616724
27647168,50.92044752020589
22361604,83.51690089131979
19809138,52.341378043510325
16780519,56.025524613456355
373618,100.46744096200439
2454281,68.69539012195564
19980512,227.59644303302716
712260,125.4815668640482
25592778,110.29595149877703
7043817,289.0492777643522
5320983,191.3382863999639
2872288,263.6838124806207
28471510,61.62967395590427
532288,128.89399433913772
4854552,110.93806698672279
516916,63.58783060269523
21505608,203.61381598017445
8427028,178.00510344362692
21450672,52.665893793377286
25979753,221.37428786787999
1130855,79.11102968511561
6348770,251.1309362697538
17495518,168.22475018020359
16553353,52.81808422142877
15800923,168.8945844955786
12723523,167.24237754962058
9091373,66.96675968266727
21937306,65.49805371417709
14220943,98.58531282662346
3642278,185.66685120078807
21109039,143.92476209482433
21730367,103.0864306357701
20282225,56.33798320999923
12948486,354.5967265027159
11758988,131.7183207777828
26571706,204.4850559232586
13077988,244.8307930444356
16219145,133.43542963180343
452068,225.64420744614847
3133157,88.42755454712687
22207770,302.1488759455388
23199732,141.36454618627488
16134194,172.2451840625081
21970350,49.306600932305194
26994401,134.31459881504227
12368099,57.77128383170659
14841128,145.17930588666897
15721685,122.12291917700627
9348111,232.29531576429136
4082357,72.08106721700041
20788831,68.77786095304127
3424355,97.46790034956933
13685807,190.2231149598073
10409905,148.12615512352338
16814083,1052.8195942992431
1303515,203.70724949932116
16423417,58.41797209425355
9861747,110.60820295807514
20115612,77.86102875945586
8255964,115.43623781380477
16807416,170.32556359456098
17866455,86.49274845435859
71010,280.3725715161573
21816384,55.573133910426975
23537956,86.85680305345791
29411308,205.55067448338218
18772566,96.9473724956553
26310218,42.907119372722015
26815201,114.80605028364319
14203912,68.70869735315343
7711451,91.72377799772083
13993046,89.73955222202447
739930,340.2392756108749
28135177,117.99868496797279
7861113,245.82411455314673
2015094,56.065916882168075
1225303,154.98871382071243
9015649,84.11244856376472
21589646,158.2781361410035
9328355,92.29994930341468
29037276,62.993532471721956
27748069,91.80773088169951
18702075,52.756512185071834
25813322,68.69551385190904
25464945,109.81855950792665
4236725,166.75890744059635
266351,112.84807807253198
16227469,103.7661443675853
17122914,102.94886493805852
29419113,119.72495988578534
24691912,136.19940701551818
15552862,167.85081225956102
21877805,201.65560840262256
13980280,119.40851441945297
22050400,189.64378504329022
19049402,233.5336187049348
3907279,284.73211248101325
11716677,185.78598797194275
16339175,157.32603969226216
8001790,99.05405470462024
25115061,65.6851377866584
4183664,61.75829705644825
13215733,218.60870160233935
19532157,113.3911488030876
19433585,67.3632130854521
7125990,133.41028339991828
25492295,211.29517409999755
23980622,96.05348603942214
15233134,246.10973722849477
25104274,83.76650060864112
8443516,74.95251735798175
8420572,74.63287285079585
456336,86.33108552117064
21225002,141.70402664712572
28335560,62.0718911221737
28636873,253.59079264803043
24033132,132.59597225800454
18841687,612.0828799666843
14111092,81.82422798495146
1552242,198.91751977300734
14883818,118.44215093179463
13395362,157.69546788311558
22961758,75.90370233073237
26447297,70.85486952103643
24943484,100.00953327751205
8650800,50.889892401277244
18729985,56.31152913004618
29588864,628.4780237694537
9446716,81.66574294957962
4823959,60.65016798007793
9760751,57.85227491727428
21260956,709.9499742012805
10675218,107.13354196022233
13125552,136.39664963335997
2238300,98.82696798692047
21852466,147.4414847382324
13282553,189.70002752878733
29307957,56.01808443773276
21877231,102.73849975178477
9975451,164.21857029864262
29567252,150.91816784161605
5247202,143.01014701108497
11068187,146.4899668908906
27676268,65.0854975801971
13941308,137.37959127893558
27832132,64.4363588248195
13209317,73.0993991591968
22204167,130.48359356852916
5386580,62.15115080017509
12955281,125.84041410066364
26866997,64.53180275585686
26739023,216.25601939164412
2465622,256.8643818697944
12513217,80.23797465145365
4438470,97.67483395597428
27805071,202.68362153815733
7246757,175.9538230173695
28429291,314.41483130982414
20799032,383.6390850052726
854396,157.8645649065014
7064148,86.90797266889871
7728222,53.4357876725476
4194010,101.16191225647323
15307093,75.76954479344344
28534405,88.58724678185298
7381038,75.95247798969933
27174650,97.03683473604679
15098153,151.3615049107727
4308991,203.5123958389686
9217592,126.0180437657196
15286307,106.73167156127205
12606676,92.65275163014498
4828336,121.45006899970258
20632678,254.8767524429427
16287895,101.15202241256634
12453944,210.61110264354406
23488220,65.49479209109427
23150046,111.11817525659812
19204555,56.85203629994999
20010930,101.45903969456954
27290448,73.39886772996266
19524232,59.851812882611036
26980448,117.99527107455064
182727,145.70721176554775
11378564,291.92521095559806
22001621,144.12908306513125
21730735,56.24271318900614
465277,175.87228129992494
1761101,152.5764316443361
5141171,86.37827815742651
15341726,73.97502817049308
18997283,80.3262929310054
29515290,291.14461254951516
2237851,226.5330754897442
4775278,66.91764379282408
19032449,679.0863093666093
21680914,95.2515955222907
21649651,72.42721888571782
28004641,144.40801932782406
10605897,207.23699012401303
8842793,218.92413235406102
28030637,54.86510527189977
19734117,151.1456721635016
23061203,95.61184772021824
21382292,219.69147303269662
16995743,69.13133136982377
25397054,75.83236076293387
18077742,120.05481452436452
26646785,339.77979332643105
777141,94.46648308492153
22533734,180.2304095986367
285716,42.19219582210503
28049456,74.68732558779226
187566,116.64598636392361
19284144,91.83483888241686
27989142,189.0973521943107
16528554,136.63983139830682
17301466,96.31185388101193
17700802,66.4604237767889
17172375,239.70677339024812
8029217,428.36040458642157
15390942,233.0344918777923
22208060,85.82642127466177
12158543,92.68420394113274
6646365,72.54364454861923
23859834,110.13512915328351
28986154,135.14433128403496
7084130,99.49196583595732
13880280,93.81648407696314
22368370,128.5137086775487
22204668,86.27882480864135
23018551,129.15471008558214
19982436,64.56438440981641
16792642,155.52241382207285
26175503,247.80554296882178
19593760,61.91692187946503
15052971,215.23035215305038
20971407,56.82606730315985
29164527,65.8473870670454
11884317,436.04099452723926
277133,134.5414734657164
21909291,227.04919691508607
22015654,240.56458626734639
25710052,50.513005670649676
15887617,88.34430555686286
15955961,241.59116868235637
27551619,66.46078866959158
8301159,67.7127326275222
25103113,87.01979686518416
25420704,67.50810848735905
7831486,90.76005544071899
12955346,177.7245804688764
311343,82.45021525682303
3251901,97.29262707261235
12815139,138.30273952638933
7555283,211.52685664798446
13917029,45.918641294519944
12585126,217.13440463891905
23102299,65.87883100437027
1290336,217.516115903616
6359266,68.09018192668591
13192601,107.16013812125148
3826908,105.50481564526729
14568136,145.28286296894876
17831929,61.34338093474761
10268663,425.42551070933024
19712405,66.58389545785376
14191921,551.3198550851322
15420038,93.02443842965312
4632795,69.07392485945887
18568023,72.22188202892193
15951107,128.6776802793688
20623171,107.13328104904765
5316908,122.8269984793729
28411657,68.13153022827662
5061178,97.55213883083519
875036,211.80796134819354
20981954,66.24767368990945
20425579,236.73229292146632
16917171,184.69028883149494
23454631,56.81775014868675
4436927,65.94623854337375
17366174,107.60775525044318
7744805,233.61889509587493
23842950,291.91887444587525
19737449,98.44603397010212
26281121,97.85332343045626
25449154,189.93952639691307
24873530,105.14742752820057
12850186,158.01217588675226
5857519,74.4306034247918
61509,164.0188662235066
21823874,318.7139574801224
2100887,371.3258130072704
19714091,165.75764968402675
27159664,82.67279768052721
20330435,178.757455184306
24347831,62.0362867917114
4537389,523.4049988000097
13199294,130.0775424293124
24286606,53.977854609256816
13411759,125.96467021616816
17210021,114.95777451302156
24496212,118.89540283016255
18564012,566.4140711263668
29617415,75.273985186161
23340977,74.7786780552391
23506770,309.88076364449444
13123665,221.72042937395202
27395978,75.07143177986686
20013033,75.40492153830705
24334422,90.72544796731681
22395320,138.94471193173183
6638377,140.86336841896795
28259702,82.61067551390006
19659874,92.84368457592416
14949914,51.97732712473444
294717,91.26296352221432
9496176,322.5786172449879
19760008,99.31872274436017
5028135,140.6954320679882
22417683,655.5794975212103
22189962,146.28611237378138
22309943,58.108606471006176
29691673,236.72098773663507
19843040,116.65001975058097
29563829,69.13592993314266
20758606,163.74485973937118
25970187,81.76094892648409
19142557,63.04147665838462
28736324,123.64548808143284
21214909,322.753644794765
22899900,95.61282364717061
24580129,57.972832490498256
11014002,66.13692001608617
16098020,734.4854139412205
12015378,119.49739859302639
15203803,61.265537743697756
6225766,293.969580831886
21723403,106.6350322802138
1076326,189.17872695542084
6680201,50.75123390823822
19333703,110.32760857733899
23074259,78.62724417955656
7760204,58.35007660744875
19910952,197.5987428766875
27025344,88.13750398015107
27016931,89.52751910888897
22616360,159.03786426802404
17220307,135.4551474664648
19862301,52.18886950815107
14151551,64.18974515068317
9576812,326.7404747010374
1702032,140.22606725055132
26441519,59.11939764698885
23973852,156.5973915475416
14330755,306.25631594899784
6085109,156.64438598617699
11651455,152.20748230725707
27752128,153.99203357984376
20780871,104.38474897841824
22794168,57.94967598062436
10842610,97.67839030277561
21884025,57.69016368716381
18050567,63.53607044205129
24835343,204.8796216370657
16678888,140.48463656562282
11255432,115.61682734742465
8145339,270.75988000435564
12828338,90.80533492232064
22579551,475.55041965029295
20899758,115.18007334085905
12560110,120.6348396312859
20277166,134.3515158084315
25476032,126.7136908106843
6812270,53.07682390214049
1702694,61.03621313172946
23797505,111.69645711752224
29338253,85.52028974764063
23702317,98.67910060947753
14680999,276.35840309639246
16546903,93.2124223523579
28050441,111.03205445056294
29518429,254.0915552328175
22232444,126.39983967954255
24376295,106.42490939751205
21005994,64.46249459472392
6072842,59.02362426802524
22389883,61.15395615027055
10995738,62.04416346568314
19219431,83.45129212018217
16636214,59.332319847019654
19015029,106.63795513670003
2569466,76.29028706194893
21589780,125.39243112664467
20188858,113.88053466733436
7851219,83.83410693970973
4593939,121.14172227593059
7491626,111.17940753019109
28330508,179.19233555555888
12941306,139.6721976398501
27203779,280.66315469618667
5276704,152.1491723988805
15954250,607.555137935391
7053502,107.98565856571088
12003048,227.73286470288716
13252064,91.47245146049777
18615054,56.746854832103075
24247797,107.63878041342464
19655651,129.6538410080044
28540537,108.49703451028334
27489247,210.14045870778014
9823806,172.35417357507995
27736749,102.12139859512752
4566256,88.65972551414502
10414065,141.13921886513276
24756640,68.32608723649213
9755074,121.4908807202407
23997663,80.43972864523568
12147723,218.73549537077793
21771395,118.09233543034257
1131804,158.9116793316684
27706017,150.44198761442237
16191540,287.6225833322958
25013333,96.80890310916
8939341,148.4704420153732
3291286,62.99486572509196
13653343,155.73502054940434
25012263,298.8556253420348
10674836,99.36067785330665
23881587,204.56255388340776
25841417,56.94293523914114
12292255,169.3801644540031
17191124,565.130313548562
7460009,93.47146784233871
14499377,60.90407183094613
25991899,68.49077490634004
11526590,179.89290679052337
20572398,75.74429379130925
26139678,81.90788366380188
6594861,265.21767837393134
17496222,98.12085585925668
15552674,310.99701806021795
21272115,123.40621737399256
7805051,208.28351137244428
28204927,72.69510254645567
17606850,129.86001798813746
24105640,92.95196499935754
27570463,74.08075510944514
10429566,181.24908986213225
23293273,177.279024357414
22529259,108.89513852214584
29184026,67.87664856061198
3701890,170.09580535711623
11800108,165.04526094451555
3249078,158.8744778780596
29565064,517.4578152785822
17299,190.27176256676725
12547481,202.2318483963144
18270841,132.66731821826355
20914119,158.4842203956077
16506179,82.15888862354103
19356518,92.94658223135586
18222455,198.45965621842538
20458769,79.63739666463125
28693418,170.75264598511467
3261569,271.19743324381193
12414144,167.09224647856874
10187402,257.87732224755615
4252172,80.16735567308469
19315686,306.65252307758954
11903561,225.2809538297264
5695509,72.56215311762772
7854307,84.28354166448649
1072481,99.11207836257235
22597744,69.46622956812882
2932779,92.18589241572768
28030282,57.351058971029346
18152217,77.18186001504903
6157102,67.94494332322535
4847666,60.990868893836925
2298373,107.8254120105667
28751318,77.5183386708247
6383557,190.18195240198133
15464934,168.61520956219252
26082096,271.77961481992537
3713233,88.66358475741505
735752,318.79559723510243
16380794,133.5231421324023
12004174,158.30073994827072
15079215,116.13631649435274
13493430,143.99150963306477
29762011,173.56394596819163
21356649,66.56292143185993
1170261,84.64844097116998
5299045,183.53798513407364
3816424,183.1108147039191
3116279,78.58214140867972
16256546,59.65470303936576
8654929,80.23788048566044
27480436,217.1321810735241
17191366,248.07467779217168
3661168,95.32654471492856
27524142,57.47233806806745
1696050,110.87483407911039
18890521,591.3919670814137
27635012,106.33673027494764
27085850,117.56633279643283
22207468,67.9987455850836
14633924,125.09856267239941
28937536,211.6700837877033
16499622,85.57838474017893
5803875,125.75616948496967
21437432,91.9327559597469
23064260,192.53505731640135
24887028,84.83353734710278
13808,79.8093952543274
7652877,184.725757082895
5589914,81.65907282720168
20183883,275.42367682288983
28660492,155.381655064804
12210730,57.12113276844202
613556,206.6443886477192
1947400,201.78850682920913
19743941,230.31704085457977
6746003,55.568149248127575
29736927,66.96645193431537
20190053,197.09701970624772
8563025,105.04808043857628
21260326,401.24384056051707
14414440,46.7675468514945
22902837,434.9926730597949
1654738,144.95437036119372
4440611,100.41179747527748
13709910,96.53809159142759
4866049,93.29819415480132
21562678,113.84255761245429
5207973,231.42007410328517
19945327,167.2528397716344
382524,145.80339371816146
2500087,168.37894983398363
8993887,58.07047785756018
7858824,248.62789787581616
29138894,70.36493820198682
23922304,153.97394741487625
16027733,233.744675970891
9882012,97.43683090751445
29309393,77.85822165248997
9736123,207.01803825883223
17766580,163.86381317024782
3970701,68.36003339537126
28461528,260.226107358197
15507375,109.6491940866474
7043947,98.5720271952029
28440073,55.20465366231607
21264297,89.60388144338522
26142708,68.51257585250791
9756996,195.93389995874588
27401585,168.7880917664904
27195302,103.05694894916923
5401148,211.97125242570405
24024456,129.6504893602207
24748233,157.8418981020917
24473230,188.10106358934323
66974,157.79049660914384
29759371,150.62426134909032
5144689,180.45340991619855
20651451,88.75681967861033
13881020,68.76950285780451
15597266,68.2369771911117
24543448,100.34197182962744
65813,72.13536910213885
19143826,92.60052175037443
12110777,88.15394414837328
2967631,126.77915274084243
12683378,295.8164945677526
13584889,92.57964548096771
13968271,239.02078615207733
23216832,74.76618257119321
7611169,107.0591861338052
1998802,186.91564553989156
14858190,201.89838802022658
14538891,233.08296327142511
13889399,179.0170975851744
14540453,160.76238320218394
16346527,40.99775495220038
23647159,56.95467888882607
12518766,106.90993352370803
1320550,165.21180202456006
5251719,107.17481494704829
25959558,100.88168690898829
29125857,75.13204755767914
21695338,143.7239697063524
28312557,122.05465384062977
27457583,178.7711594529823
17029902,56.72588929067859
24717470,157.26620258472602
3959285,391.1900723311268
3739167,61.61656852673108
17625698,89.39874901754165
7182243,59.97967307855887
10647977,175.5067707282565
5012536,185.06353536322047
23611465,187.7722240768917
766964,54.356821699943545
22448794,147.75421557515526
2165933,201.71360967005958
26356226,198.02227812051748
12892861,118.25170501101155
29434308,133.37336715553005
10105606,222.1944703422057
3412893,104.32715259476527
9171140,86.97324403404144
21665031,128.5371768720577
23842310,73.89227912347764
1117349,177.83012272584372
27219982,118.8520752281518
7308118,101.34187375864987
26642831,233.9743218588254
17534186,169.37769251288768
14772701,141.5044518560817
14065448,185.33619344101123
7438254,81.532580616428
2041143,125.93748713509926
22651509,194.34081762578424
6447797,96.33869531476945
13687060,192.32840710497769
6936794,618.4958815455068
24657328,165.63888542387795
21216778,59.106475727692064
28031581,186.91197651676634
21777252,215.8284152706192
6161282,191.02140072702954
12782370,272.61121536435985
2201398,65.68969124342505
26979053,63.205227421297046
26529591,43.3292256558011
3334616,151.90133658656885
15447148,91.16753642627036
27285454,58.62177393727689
24626439,109.03717302993965
19121086,80.32134855859384
17637439,82.00967090228546
27405333,206.62078035114413
894093,66.1068018496202
21011466,184.79098013439838
11324531,87.07659034342448
28103408,338.5142812265644
22266286,57.25036539356744
9096478,62.11880165439146
25350452,130.48182386937404
8984018,215.5222688153922
14161597,181.3458685999448
12342979,117.09180136764063
19283246,130.42562561283106
29588528,67.45704366258173
21782336,244.3077617940214
3963137,260.44635311642725
21309053,73.8021751904733
14421383,48.66816645080504
22321252,129.1849183015593
22366842,57.707422297955134
19116128,124.2516626044223
27531,91.04976309410377
21578592,111.56135019491677
20557017,143.2294307740344
13406294,92.61373751655803
20697910,187.20147361939237
14864014,148.9258143577766
14180226,111.19409951621533
18033251,55.17350529650275
1215802,72.9707024255748
23566549,244.30884802148475
7385688,171.68676040957925
6515562,155.88306312781842
23070395,119.4211253939663
8055582,62.318685143230596
8523910,262.6392551656815
9915508,91.94770061128669
21340451,64.04562517542635
28715282,195.19785758977932
13451811,50.04416317760109
812938,229.56245644289842
29147776,214.35075602920264
3970345,272.9151018179325
21896537,126.68364690998357
11667910,237.7058145010952
26953727,450.30449806727785
3291212,78.0442918184
13150028,118.80056534064492
21963723,115.25570577486768
15234201,390.8012956203233
24304515,157.31062871792383
9148875,182.96995569993064
29421627,258.9727837536769
5871372,91.5585246013236
4248788,148.9510821872334
22361598,363.64667666155555
5550377,193.1217868856354
20440630,357.8262330647444
10334395,63.9677470076104
562478,169.98366886601227
1194508,84.32213287061013
539350,226.1433656518678
6619187,109.61549681479698
12965883,89.44862533394512
1084328,290.77858562490206
27957668,510.4720363053754
2500560,188.73869704286855
13017303,137.93211653803675
16113842,59.405661648443726
16162621,207.8752784310926
32331,158.04810264730534
4965526,199.6455580770229
23522330,207.46976874093738
17210810,216.78267345715759
21895104,103.08167538195028
23879304,102.18543097243418
21038103,182.09866350870934
27455308,86.63771410493551
17513238,209.90366742288862
26247578,256.9578568286084
27139685,92.61226363680039
20729892,72.71005246299596
2065985,55.99606019488735
19737629,76.4208061905944
20480983,126.9051200069478
17812919,224.23989342587845
14006712,103.27225451978966
18728,195.23972275068465
15659634,179.06695493373925
22120954,285.2208545573454
387377,198.50205471781828
1827723,320.2871470548063
27650624,332.3174447089046
28250228,103.36310579545712
873701,144.207804035166
960210,69.77782498010794
8369895,351.6527822721705
27656752,462.5155553040297
6670191,234.66057274421954
25834743,57.80952883850759
27249259,176.30200943595148
10864440,244.68810031940438
19820148,73.28511332255165
5847793,60.61574165155764
6438456,98.9738469058366
27055191,53.15946865380344
7886732,210.29086806757894
19471948,121.09859916530424
26496505,102.76748562878322
4885673,109.34791550976392
16666902,90.41876540286161
21714930,260.6460959012814
9662654,160.96587890725345
28636497,66.26460702444335
3939974,104.31319790574632
1940534,72.18061116428316
23867035,280.49704089749486
11372267,140.63624866882904
27655194,93.9153225641236
16627548,92.17798204410171
21813179,163.74812881490843
9577296,219.78980408242285
14917765,54.05341681788483
27542872,107.99306353410897
29171435,212.5171466262641
2215677,41.4929277534007
8505035,65.94281441240683
3068145,131.7706186595813
12810131,103.95326813687102
1886978,53.95226106580093
3967945,100.32864254697988
13170860,219.69501101652625
20008527,71.19755532423089
6970372,211.07099951158102
20989659,239.76365060775888
22999953,67.09341239944794
14409723,177.34425014343427
10234090,136.83530813135602
22862877,107.95683092879456
28636920,80.67978139368266
22281684,96.66935818664554
21565383,59.24381523771576
8161540,82.62742864087393
21446560,132.9736180572149
12155460,196.24420467691448
19339770,139.64692035941673
8236539,77.13774656101208
19080665,69.2379005217208
6260442,258.5547917494882
1786223,132.6304561049037
14212273,64.28770245270533
243708,203.17165292979755
15585329,179.27146441481662
12106348,215.68360807143725
16602499,134.26269533786643
7662160,54.226167159577955
11006093,190.77622208424916
4717267,83.88244726549306
24611661,103.96862867417924
21589992,60.47469547287118
17822462,120.90392950033288
28801015,312.2832274107487
21715749,108.77560233990089
22307938,136.241252848169
9391430,212.1919626056525
19528396,121.40279778143686
1654929,121.7147568045555
25935054,248.1601731613588
3782441,109.16204076984535
14358402,61.77054768462224
8866335,186.84335405882248
23258602,80.39633610901134
13379688,94.16197330681581
9715891,184.65021500733351
22883383,80.95103015057589
2773754,156.4931319249388
982188,78.60980854452971
24698087,393.8280900993713
12537157,70.45572969137855
20920138,89.98913022561318
4694480,181.1318803499897
9528733,321.2778852799711
21230280,62.4171254593442
24384986,228.2032498789024
29218719,58.753365318110184
12343098,490.9372640530503
20421016,109.82730517295056
7361457,74.28722055498805
26338609,66.8271062973067
9266394,184.2619780124264
25931882,76.59422941432229
13956480,53.35320539088246
20048646,68.58524277663896
18889038,62.47289624996538
2687480,75.50630915183916
27453506,111.63326448185451
26934153,53.349619252239314
2297951,91.90996003060987
19959742,112.13614504131927
12711153,59.68291809616729
2113934,95.75028813867094
27675430,94.81886614016639
2862900,182.01560714610977
27562712,601.100534553619
18229365,96.86112037733328
2253397,165.13027483253185
9901423,49.867513878102365
26062418,120.3930769953131
4197614,57.867892700202425
1215122,86.87449182102739
24553891,188.39786988613332
29705936,244.28139989886844
22192417,250.53524726964952
8256930,117.19185053493065
24498977,61.23011913222217
13192379,61.206685724216214
13619314,83.75280260847335
12710904,80.71650808678787
21725963,86.341429976784
13004484,70.75518920623362
29180542,216.3607682370157
21965717,115.9630244276949
27375107,219.93316316346662
710040,70.49954586564769
29533754,100.68922563644723
18573121,189.28136071604266
13115616,217.21735753128755
22159795,187.05812832763388
11239207,102.63385480194528
27891385,72.65481435981407
15769964,239.32185144548814
11043540,191.89010517327313
704793,245.20846911306282
15034752,193.49302814683963
1974685,149.22514858115355
18288169,92.3228731958133
17583460,92.9965166661218
28587663,175.07171951017406
12653674,316.369027802561
27432767,58.92464601394138
11123031,84.0586665420705
24672150,207.0539419675424
25982839,125.17708799827024
10564375,169.78217280047608
15452971,109.47107278873057
1763008,240.69053177380292
16240441,166.0715497285341
21160191,377.7431997970857
21282304,204.77197863993922
7678743,73.99664063374915
174668,174.62000576919976
21011427,62.20822527204954
18617227,72.3964710607228
19484105,60.39799242110803
4846199,138.88710265216253
14931156,130.74465784010172
17835503,58.53197467692713
29704561,237.95177825757267
8740683,266.2649428848102
14802396,220.13686184288088
23894777,90.58854532181215
18516072,104.3014980593738
1427084,59.79224521130124
28098182,280.42431297185016
13276525,119.45435501772197
7064,69.69543911019043
2994536,84.81732155764227
2265827,78.00503210186687
29515558,70.2119219572216
13618148,77.32954461065746
25263861,167.90998493713408
19439068,147.1733197844657
18631396,243.18467376912147
1860838,87.1331197221297
19431100,128.38677432391378
2336995,57.99740409446526
26388601,189.85547599535332
24476310,142.83940579425845
29189092,242.66242222335086
20780664,94.08048236920048
18357865,142.50833239663265
16054732,84.71180432776814
26076302,55.477521270674394
12339838,62.200408159453474
18649858,227.53672762645033
20857329,106.26434761541105
27238918,63.48353270275087
13727949,63.100991623967104
14426680,223.48039552635828
21776974,56.47215773351286
4174049,286.81998669546783
23749724,73.7646095137013
151199,120.01490829179257
18348802,58.976669402722166
20659824,48.856652198845815
4667146,75.68268246649032
28181620,104.59400630852211
6602683,51.516392135034685
13540224,57.48025782483208
16366928,67.02426093091711
7970450,110.21947490678986
27089357,112.87353249114524
29087654,135.23011896771956
20990770,71.22071031321435
28429572,533.2184571628043
16283830,186.65303518114976
6403485,109.54454617898875
23725274,124.26415936459706
10733505,117.00729800442305
24349922,62.63121474721001
23369528,167.05886562813723
4247890,90.41587195024165
23628818,90.38436494087243
13057103,47.70739499114899
16813853,130.6649689693644
24606241,187.20462287061795
21281641,168.80795611174165
1960358,103.9508766526372
29608685,68.71838407518584
19602515,220.19117496149258
17432051,171.6586361104368
29411518,138.23021456489485
16633571,152.15788801806858
22878715,110.98273280925063
18806323,210.3551131224252
6769535,91.58645848758239
7677595,113.41610734815224
15485880,149.3684423865946
15009618,116.65867745988044
29102409,111.86206780781644
29705207,91.01287760061687
29584362,204.32643827742757
15799983,203.36318415951652
25296394,140.81018595718953
19876292,237.53189419603743
21741106,120.9906302050179
18124043,157.72268214948835
22432497,53.900441339983445
21539835,207.033124667583
23763073,153.98214300563282
19694290,251.1947753525201
638898,139.2894728302442
19124093,82.41444048616408
28807852,114.91853598481036
2926247,195.95569189088826
13857312,172.52198529101943
20234416,156.50135408744708
5543210,68.4170333668376
29242903,82.1732944511241
27779884,117.11968542107331
19979892,123.7063186246149
23899015,121.09182905049408
13881521,135.7941800745865
27280952,199.54069147631535
29259421,362.35829332385134
27964410,121.30322626722695
8006119,54.03531980702274
27287372,192.03961436615904
21943322,64.6053893290769
4545882,159.91908192402738
19055136,50.91247956826794
12396603,63.83358700423316
14385616,120.2293251453403
15256150,187.9822387796795
4014739,77.07339145717161
26681364,81.46973792601895
419200,239.1726879579647
2932263,167.60915185843746
4295772,130.82581286516313
21067805,65.51731419732221
10702489,51.39913853785705
8485671,156.17987027117297
15160268,124.02514763728271
13927957,161.4858884598468
12243290,56.35420512843123
21667658,171.31103802688835
9373544,119.42256911261548
28406352,184.83690279834423
3811639,166.6446937956332
596442,210.7601441763253
29463102,124.33889296941523
7403613,246.84548729282338
5846654,177.49035192307747
14166695,70.89085285226611
29320834,200.2683036043121
16082923,97.83406338673926
23435772,56.80005857621256
23652896,607.4142655871851
1654301,73.05042896120496
18682763,115.9514340460393
8055721,62.585650710231526
19504570,56.64683082029839
3578158,165.23979774278857
25834570,88.45166875149617
21936073,184.68993718201148
14181211,127.30584999133082
26120136,152.2194350120633
13511359,104.99743783233542
16176333,77.89605150254711
8984085,57.376483710432176
27026461,57.56856297331108
4429337,106.91282522394074
23439484,56.79402882449693
7526715,86.34173522782028
25430123,232.0369707232029
15268792,202.09028660140424
28439332,258.60812723383214
28077531,272.56662422949796
692383,115.6902000723972
23100862,62.47794127259106
3400739,71.83133158925698
18610544,113.54488947667956
3220115,121.60097120109106
4885240,306.22235687956305
20455415,274.50251005619924
6913795,105.86460347489384
8474806,99.48174311992825
596391,209.53894294112828
6716020,350.52550151809095
15342164,47.2603921279778
20300,109.31569703055187
28935219,79.80465664270248
15771318,219.73606095828347
29160487,119.29701131483453
23277442,203.27958899123527
19948995,76.58671401509525
26944477,85.96061180558098
2125999,162.48033772222658
16683957,100.62614517713261
18599814,172.3103682259284
21254023,109.94507473937729
25950448,112.02324564091755
4864856,145.7227495868062
26353457,75.98791151166465
24156857,193.4609756954255
8775324,84.95719383546121
6464014,57.58018220500126
10497886,81.23020566163764
27820443,53.475662704919934
20096504,131.709176565405
1138455,203.86338099757117
2589917,80.10199565006154
12071038,160.29256068091033
29415137,281.75532450922407
17792856,73.11119136855588
13688670,121.07317919230597
18655886,97.71675867703055
6705606,103.83838852823582
13018811,74.09300778202267
16353473,61.93356030769814
18005835,127.44844105911996
7105913,212.7007231957281
18646653,151.10517758423643
21007281,431.64110203427043
22123573,270.05397801562816
29456379,84.84323587233466
1948591,213.71305584749345
28514848,186.88155722339843
6502954,95.38863734057774
19035295,112.31404292552156
27255855,78.50205262159803
4628571,133.4015422479784
14482103,71.08838263650935
2462451,63.65306033553416
24139165,171.65485518933033
14107431,59.055265725770646
10729454,176.24045785180738
796232,113.12922999217578
19129307,184.2191127985063
24677798,100.66674745779359
19033924,88.55940083326317
7599621,68.19919549214603
20212531,65.67880257731744
22880457,94.1297433156533
235876,212.79876686770615
16449891,164.26246221755972
2201154,229.26745100411972
24522128,96.60445111437247
70279,299.6965484634537
4143510,68.68730908064184
2695367,86.9896660862903
16214981,102.71617842889337
9350645,161.5735095676132
21824734,122.77114568683389
2060768,423.13266707625127
1049224,391.25581767425274
11940117,181.79104783127332
19681256,411.7598485761935
20364066,287.5710250319475
13766593,234.90049364672595
23047216,187.32129004258036
8111575,158.19526862009369
18221952,100.26758778016291
4846122,80.8827777640477
2739793,154.87258228005223
14627817,100.94972162390708
9539912,153.32466888494685
7434316,81.88475243426365
7592289,247.49919162209326
14624128,79.7655157550155
9681391,274.6956276854448
4407026,74.55618755105576
22245842,72.89905084431065
19626561,69.92510454310103
1092760,139.09532337901595
24133060,59.67679592069058
6914459,159.18600517491606
27529655,65.61854893798015
18687775,74.06044191458251
21678246,338.933086955114
21849381,122.31036969216031
26774253,58.724675519468214
22654987,63.5521660856626
28432700,124.14958185447267
28958474,41.35280202956883
14261883,57.669245402510825
12629865,68.73625218672294
19694938,189.19589974369478
23703357,197.88528751128328
4873690,75.0068065583673
18602201,78.08776986662333
23647670,172.5859877256822
729310,207.5895608335843
16776959,92.60721394216057
12345178,71.62664893815412
2724993,106.07212710613096
2489920,90.49873669464851
12353119,568.9848056084386
8709326,110.93638488979695
27237615,660.7780992304569
28510048,410.4173568806068
17712998,180.62045553277122
26836426,493.551992047719
19720565,248.67070712769237
12223866,94.00121257613513
22805947,97.24777038933611
28536172,603.5594451659714
17866018,85.02542045014584
27939557,57.98878262891983
13117160,74.79083104297855
253842,201.9273767611284
18322008,97.11067947375562
28635684,125.3914625249909
18993091,73.7072755799659
23748179,189.11192833868813
15336596,70.71892169116715
6338068,76.56812055260345
22085616,106.95040008197456
16706521,169.80448322248415
17750238,74.82070204603265
11257690,455.18130194277387
28215216,94.5185776277682
27360766,134.2489140711796
13576340,443.7466374800054
24043603,162.75451949957733
6452019,161.13129533109642
23463825,114.50302013930839
577243,65.89806220333513
16191889,96.5235124280779
2208545,179.20752409734732
29204274,73.96785349161253
2054899,282.65500107596836
28434594,95.98000291335079
26205265,269.40055041953275
10021301,124.1333269248433
19160371,225.50011821595714
2069359,60.64448272467097
24956343,397.86703317566116
21275075,280.4437638049281
1748189,195.51800307233694
9531221,82.29179886547405
810346,60.587137494762345
18617195,151.41635107348682
16134654,92.46536001168481
4244174,76.05541209060522
17617905,111.03968781912862
635662,68.49049143837755
16193921,301.0978262958054
717922,65.33580756546003
9733280,176.31238066248685
18196265,162.45788913043165
360400,139.087378756476
20957381,74.80565146104276
16360417,75.27713408943465
21251623,285.2455575761775
29486682,383.0609599172035
14417798,152.33902140330216
29310612,63.49659543407623
19242821,118.00141975447501
17013623,78.51876396574797
2432622,205.92854201830892
28582897,105.14399184400725
28285760,136.19124306383605
13236366,295.4885908924246
8703355,213.2332551413539
4020957,64.23621697751543
7680504,125.89721454622683
7729804,69.92631010625685
22479784,243.21861598436735
21281525,212.504706329352
24390101,65.67857699349918
13528649,140.96461919065217
9494965,170.358875114718
9714479,100.32335106253998
9756612,92.33964924687109
16936036,71.51645970258686
21824023,67.14243640098847
9881516,119.59985048537958
26836174,97.05869429557934
4142125,130.5392291016386
21851368,137.40831918124937
24116245,572.4057534144885
27103785,161.80005093153673
1221511,101.25550942657475
4720783,83.84381625049635
546383,55.555053389021616
3944625,103.30199891071864
13686022,77.17552507289359
27877998,117.99273276518154
1409947,252.2554360466065
18592160,171.25753858976836
24729252,154.14864483825906
9758751,72.20403134044206
29393599,182.20869945839
29364279,71.19867429148708
9168954,56.658184800331505
13900692,71.36300476148432
28471992,326.4103059530053
12647229,109.07294821419042
18950091,76.02133776391092
15559457,53.554684077827375
3603287,92.13001736426486
10207847,182.5042857817201
2244103,170.48337886680812
28919420,82.15951166331631
18551196,53.750603121886236
6598376,60.379987507315654
2640467,69.0097367077725
3185840,67.07542938227311
16300101,49.05267847786876
593320,115.21111559717394
12755138,203.50586024446758
16220406,217.91984430653974
4891646,64.81563579283572
22321796,121.4878490534702
15858747,131.23569320700946
14339989,204.12887499727947
13395513,150.5386331595567
7034787,68.87997974955259
22460848,456.792599736365
29117381,60.4825164249238
13530190,69.0160178369802
767983,186.90654836153635
16069925,81.25409266011069
9343313,96.72063548874218
28180101,80.00182415757683
5525206,177.84106365314287
6314148,285.95103840722345
27523631,61.67602252433094
14423024,65.45087151439877
6693403,120.01615235539442
24992418,181.1314357922181
10544439,111.64923431166189
26063550,63.44218156725905
24826533,80.28187763558464
20194791,62.23856495318085
7881928,187.26470888279394
26789136,140.21007765613422
13684783,62.691349158525554
17254706,59.27767771529245
16530947,79.7007442524134
6863691,255.42799397421706
9025602,233.42967996995256
20205288,173.39115891611075
21195408,68.33438997122694
25399452,220.12869524845203
14773741,80.16669099204825
12343,150.3560466119778
6326959,102.63772691956153
11324565,85.06974442177034
6924400,155.01982581676398
21782158,72.03957439953713
24896472,61.29593075574157
5840936,201.66345690491585
4787527,71.06154227500672
28368870,62.9011575885879
20141920,183.04295846102013
21480503,75.14249279914168
27933429,172.07258345346997
23563112,72.8528497658253
25997752,280.293557464455
1439162,109.50030818305378
24043211,210.92327159280686
2061367,118.82302940549808
28919421,63.801226266566026
6885805,67.73445586940996
2745620,47.50538100223029
18913001,128.81301784375617
24372235,128.3778211848635
12831088,194.05798097851638
20793502,71.41402231209382
2202858,174.98680100833795
23876337,177.91873448416325
20565481,222.9223080187961
8283693,203.41801520644842
24873724,153.35423626895883
13440481,108.63959603436847
5991434,115.09196953341126
10065831,61.78391455179854
21836056,65.15833698283669
1434010,427.8420806044657
13467433,90.14166710550614
13437219,67.84447667626402
22410964,354.3858443321903
16587776,86.07014150275971
284855,174.76162331302507
14014128,79.03396814423803
14594286,60.97179179110619
28614344,63.546533332045676
16337590,60.039078926993
25673527,172.9722297158031
26986955,851.7162413191867
3739864,51.95830632840099
28339248,279.3997867184488
2322189,128.2770819666979
13237190,141.29590513138513
5029703,302.8510944375088
24821389,63.86875666356522
16504986,70.54896369584073
29334063,125.47226068934133
6674363,132.74005292822383
13044519,74.16000430270161
29492316,158.47339941176142
7412452,83.49966959996827
26735127,68.31473824834562
22387975,71.23244448497088
23253551,232.82958523943876
4199782,128.1215920600742
11659008,48.4270913534119
8632393,85.06704385885199
4357134,264.8935048762628
6589412,289.69799819864755
16916292,209.24357471718199
18812330,71.04967660257496
6758180,204.6947270999987
908923,167.83295005386358
22336304,224.77340615241124
5904098,187.28252069366894
13083020,59.294073713176005
24082591,319.01992313582065
4734544,147.55050526399748
3767156,190.25574004198378
21892812,305.9352950514976
5191965,70.37169894408125
27678012,75.53268139085476
4653642,62.67237928389968
28134807,40.990235367928506
17093180,167.37641075817376
20682015,79.60772008226171
26417158,140.96611452191698
11589895,142.29367760525903
4144849,151.15318361869274
2821079,171.47680602859296
12109533,120.17224039108929
7021346,120.7952326108392
10478526,110.29411530155049
8307479,167.05029386248108
27744041,304.14178239406834
19940866,106.5395851860046
4247883,248.56710880476763
6398715,90.85448525650826
16337106,57.22946500511597
19209474,320.16052842226475
24946142,119.6986606194182
20761095,173.58898957165547
29424138,264.493378559612
14743469,193.26152734796187
28741369,60.55535250395857
4354764,114.51635834388371
26388810,206.3049108039545
13478445,221.44524416465833
763956,98.95826013923744
26747415,50.081928869820224
29314204,176.47350174378298
15149187,82.68990379462828
9578683,99.91680946856127
17120582,194.2700504489096
11999777,163.19436274804983
8013780,87.09640809206881
26357145,153.3299291033157
568661,105.70238128633355
953746,121.93279712581585
28988684,88.57550880924505
23477972,254.7782328816685
1292428,104.73818496097307
10036313,335.0404051104288
27078109,168.52086198446764
6375331,166.032461863959
25425106,69.66377122602988
1171955,190.40276547905293
12000676,227.73286470288716
27458803,179.53882797472593
23717083,77.8143151552149
671544,110.63595128341962
16530962,162.30871895027212
16052890,56.91640008845317
26058634,482.6119586281382
25208166,119.85547962015566
24833117,202.10864386742332
238119,81.73362241772668
6951102,172.01691759046093
23528419,60.560572855969156
17778147,80.48161692877687
24010291,69.28928085796231
15697947,89.63655399817314
26158157,226.96619938377273
3624380,87.39794894496613
22145846,80.39337761657298
13167661,70.33196400367257
6557289,72.10345159079795
3635092,71.48693493615907
8490,167.8724946026057
20944771,77.79988172064931
18721078,50.77634520765678
12738346,127.46281198308132
10853162,101.2572884780584
23340824,177.9847740594971
5885373,83.80109181316381
27172827,163.1700355203474
5285867,100.34125835611025
25327001,142.80929760337457
29027424,123.21557894779842
29052179,697.2607067147061
28151027,64.38054587001638
61224,305.1268209451286
12054516,152.299626259416
9827941,66.60893634075973
29755387,135.46884186985764
36240,102.1529734943157
4069228,117.02684870889497
23308563,58.38944413900739
10080979,284.0260944118349
7433312,87.1737784173201
1925519,149.48602368385977
5204719,123.63801066798537
15985221,80.03088572627507
6237974,114.58236139308217
16130658,160.2882277170086
9898538,61.82531902467954
4024582,171.0619226145121
9808151,163.87319214134519
19382104,51.77195952014031
8793166,109.61883621321238
17297340,170.5296316375067
18449954,104.77240036686669
29420903,156.60034202801526
9512472,144.23424911110288
20167609,91.0954603517094
16014657,68.4825453595735
2645558,181.2975494889736
13080002,69.65876409425164
8681709,122.49295414615817
12432739,68.42840102268991
7482767,82.38174746810056
1272550,230.8814659057612
11738831,167.28281369218934
11827175,151.05764061551784
21473761,211.08788096968803
23122549,209.09140520118248
22714571,170.6364945165166
21604766,296.741250805425
19344750,81.98435749328301
8554567,147.06417505022307
23901526,288.79053771175023
8608793,138.31711058189475
20136870,238.4735828217235
18752314,160.04813759352612
1761940,56.791860696944106
20850678,137.76262897128882
6505927,151.27269816596387
6179073,61.37305984922312
19397414,57.36226845162681
21836176,105.26390794301062
15453573,237.94326617594834
4558499,65.08646343091695
405025,178.21072079555552
531662,96.69986374873751
17680363,109.87462111400914
25229392,112.39917652109654
28976135,61.11647647885766
29652130,113.21730391976094
13936824,128.33184653992734
23045850,52.74149552925817
5851054,73.93664304476998
22010459,218.80676155907472
17694873,168.15875123577902
7383804,95.85560985166069
21311520,140.07293002063633
27926383,159.74152403633016
26947508,286.8078142642859
5444404,204.93603201379756
20857788,356.32930464388625
799484,289.40137426413463
17459791,85.40360610325217
24376081,188.98708209117135
24609530,257.5930858856496
25226785,77.69180714184732
22226156,182.91937947224653
11675279,152.8884878577036
6947017,94.85517614194823
15956883,82.43871884918092
25865118,170.83952056236402
29591891,82.73276477313219
14420353,210.2919587697556
16331974,88.43047147375621
10575777,118.82744499665527
4509664,231.8677327663612
987329,68.50287789336306
29645258,112.24151706745378
4840977,220.90962345502626
53469,84.79197985574339
12027205,140.17237011429134
16659292,127.76374960300389
29238785,165.15469202031753
1337124,165.61524936587216
2416191,84.44509481231093
978582,109.0361490017247
3611620,56.866491862060364
13042637,160.28692696172766
12359611,381.57658968822915
22840839,122.14560715581926
20552425,84.02380647996627
18314459,86.109033430955
25746584,200.4875450658577
13264522,249.54619489648596
22247923,237.2174900088652
1521318,71.67642191972833
992508,86.03403353471809
872314,62.266962557885684
28073120,75.07143177986686
118061,140.51785226954985
18756112,215.08101159530884
21684558,129.63303009693047
9693107,90.269146037474
9297230,74.40567947053319
6384275,185.792833306269
14725304,146.8985897020184
19050995,107.7357361707094
28957049,61.40615899817006
10619886,187.95463475796018
17826717,215.04553956729652
19802994,88.54246117843513
13098701,327.6594225218125
22187253,117.19876187970861
20192860,73.38432674908579
7304034,350.6373494415059
3457034,88.7798331214023
640990,94.27472844260733
22177219,79.66358970568139
25734018,246.93407663241695
2467879,77.546378798124
60164,427.60224607504705
21251041,73.09970305211924
29119411,160.03234689663356
1763956,116.61162448586147
16295080,207.58282073249367
19011068,92.83537374557004
9185291,72.4336306351784
15178725,143.24028719129953
20145152,151.70618044826105
21549554,65.59846750106868
10401534,179.04189908067096
25313204,159.89134522468598
24806110,128.8461480231554
4717296,137.05386432626776
20243875,145.72628793069285
2155128,72.34198139601968
8335539,78.78890831723305
7541444,77.02741399570014
45936,109.08586547328268
4983264,71.0146539368677
13503970,80.721440609852
19768219,57.04752522581962
21978281,48.791480032479114
26520475,185.64244509663345
15956780,66.57262743573365
18543009,256.8376833958052
12602408,63.424081833650455
23765108,102.55606529548902
13900695,53.391588100078884
16014791,143.61248157831565
21406998,51.45197271753873
19414154,59.23847349714449
25674244,236.67554994872887
8819442,191.48471499723757
8293802,220.52979297141732
29760869,159.51717312671363
15862199,104.14269938281734
14382598,240.59198463845232
9458150,121.93779668462291
13636946,149.63661290061773
9175286,142.49182227920267
22262419,281.2495405031773
14798850,61.43215857878817
17431995,206.82419917696942
21926386,110.03404422687709
13998049,181.8370452533417
6245792,50.93514216933898
13674169,169.86202060341506
16315405,184.9167112662407
22530764,68.29847594146669
18871297,60.30146359298783
16389820,80.55164061702891
1682963,63.702475885541595
20046553,53.03392292319759
2695159,80.83448987496827
13291853,206.3984988559193
20830032,196.24511293430336
16545876,71.11147723631284
2792632,111.03389696729117
21313240,755.653501412276
25870448,149.18756999271633
27795695,204.2171941188042
23004845,142.0574594195945
7881023,246.49091114739386
21426368,81.87018762385856
7144981,194.46274824559418
25189853,179.17105736589755
24083746,71.04863021990322
19317733,90.69146294072169
28718185,51.734777157331536
27139321,73.20045924526566
21218878,57.565703207045466
17239287,194.6801204209784
23963981,159.84983719617398
13778951,85.6796836818812
25160226,177.7457129181048
22421752,171.9686464460747
21375941,483.22901042593463
14471017,75.20963892338672
20405662,64.54349437601434
27295492,103.61643788117533
10017561,197.62093718069832
15998138,264.66170568937724
24893756,98.13071798746186
11371099,124.03630338405327
9050144,61.281180470886646
449130,96.90168974300103
2379865,63.28118018787952
7911249,109.42299389147092
25971307,303.7326294677212
4424405,140.22885474183485
22202491,119.3898799294012
12089661,116.58265413168427
2088918,190.90563473889605
18616180,43.38379306446196
16086039,82.9661575264763
13274705,65.18777140499124
12711351,69.96912043279639
27803759,201.98572812982889
4772987,47.85849538141946
294297,152.86211360705911
24607261,232.7005675033594
16947113,84.04438140838066
4539943,43.89008343573307
24695406,109.89782226109531
9228974,239.02298512310668
16560593,62.03833218569821
16780469,86.49676325111254
24040279,82.79929344067206
25447820,65.48080226800397
26358989,190.5129255359378
13585835,74.9202548769593
7341406,85.2776652869759
26025308,66.95906853915665
26750369,81.29778445288855
28606853,36.39670485786277
6405859,79.04999828910975
20688359,327.74428068549804
15341,163.04435740691403
3262238,188.32500725108721
3987599,176.50087725597083
25978286,64.2153026954694
21279140,83.83412154666534
23787573,223.90221373914332
21982859,136.43632289016992
24822928,275.1985892212166
7175595,73.48856587396847
23307503,62.223503507964345
12472531,65.14633601589789
15430972,88.80869477712059
16947399,62.857154051513135
4795390,44.77421575730083
27505253,63.94848529809948
29217026,88.04851700783824
11979417,138.6462778406832
7973730,191.99849284928192
21514294,109.04711065035674
27957027,54.86717525830132
21934868,78.91170349754428
10566341,119.007392906156
9728739,162.06514758814708
16101961,294.47278270319003
4279260,106.88734728712815
13857003,172.52236537451267
20054293,73.68883182817616
28672201,93.87535641228892
18180504,59.09928579428504
20746543,86.03440234163287
16925647,191.90659250347517
6493288,358.2657834890531
20120848,168.20268446289367
6425850,142.72670614871632
12630411,75.45063133049815
13452799,65.50161806108385
23044617,68.05174094884582
25506360,57.232984237658
6402553,76.0485200115638
26336522,118.7573273700156
24664173,97.84284180133801
26786123,78.04375015577118
20139611,74.40410535963095
7261121,130.66748175468635
1965103,172.25510738702465
29454622,121.33108282539494
6799130,70.71131697252484
19019311,174.8754847996287
29635243,128.55375892095265
2674267,111.04851748467611
18823963,186.3738747648406
13222964,110.90224903500574
17667639,202.43431343710424
14246251,210.69674173979277
808836,220.36327243965664
10050536,170.94176930009448
27677513,104.23569997925797
21798411,42.11446378582912
28964136,104.0496530602532
11505981,140.8678600492225
25349077,71.04517305319474
26526075,304.5148463812723
29312329,81.40490940611005
20130471,69.59169534763085
11521447,204.6339116291479
26063053,155.38953089575207
18240904,60.375924001736536
22727063,212.09050814327728
21976067,66.35114787902239
6414645,240.18223038493852
18616234,99.05345647627185
16080436,63.039333311478465
27571163,140.08869912284374
27579255,58.21845896079708
27079085,118.98987907787256
13997412,97.36559509097788
18120592,58.421342123667436
84480,198.00320487455807
9750432,244.53521405847096
26892245,51.26639350907161
23092823,103.74900847222835
23684916,257.141902577318
25723838,264.13289223821215
1856599,91.84748255756172
385190,63.30955791649472
6322937,120.42267131347212
7035051,101.15070116879924
18459546,69.00857096172159
8534697,185.1789321859551
2540173,511.5003666885223
29657375,94.39825928735911
4304346,76.4988063719108
3808119,136.9922780426276
7763869,62.391302420560315
20532490,180.9824006077538
15990592,91.02696420887675
3186103,300.7486179488649
29543788,67.69445363825594
14991887,111.0828369007534
21678034,107.28388554644748
7051938,164.1966832088957
279857,719.1985615142294
12562075,127.83013320791052
9291870,180.11388997709523
16808375,55.17427606368792
3860762,76.71809210453327
4734069,165.0247787168125
27217190,369.8673165003713
3325584,172.60453428930927
17044038,106.49620346968345
1825949,66.2972177090918
13601777,386.1418456401306
21014105,148.45470116294948
16363434,366.61850466968957
21490835,147.90150705787235
3147439,186.5739129417484
21920178,156.23421162761898
570011,154.81328106011276
23613688,388.97069088313657
20914711,251.414112408958
19162211,42.211202733796966
15239577,87.55915931948685
9250374,179.0905290971582
20828838,259.87283034031776
8269241,47.10773118528203
26334347,55.09468935465355
28287065,99.77543934474176
22958122,59.67913920656961
12218763,149.9608432018717
2138787,92.61402447563876
5298299,99.10881704210328
14084323,88.25338493969078
20979453,206.30548152463123
20714517,62.716433644659126
8735399,178.08995195238933
27747379,373.539080841895
21363936,163.095956318993
4387019,69.68022934855054
21161561,202.93320776629972
9248558,145.6654105969792
19945408,177.27160333057284
2897714,229.73951841351064
20526480,185.62562396970964
785508,95.58399260387903
24828689,61.22190300413615
12505852,180.5015209048911
7646092,89.29881213635251
14607289,58.62265859914524
27507299,111.15552454847507
1856803,204.32266203434656
14959206,145.1897902863382
12973363,80.04950255309099
2323714,154.45042523771426
21803969,96.39597846248478
7734995,177.28759525185987
730480,159.85119931820404
23917760,85.664592649278
21528650,198.39126035448552
21816757,90.09192776124029
28938342,75.41492601520149
28464767,64.4660978054314
13812808,79.66529688685726
25072401,192.26125562518186
29702521,139.84920965202383
19532448,145.6540920172556
27519912,47.43026421500235
12231304,69.89505168764202
27282824,175.46797664053716
23377365,109.34207849566268
8840563,124.53685472314572
26428167,85.70919522047585
17962656,164.21553541409563
24171777,302.99046972367677
536985,236.70645125802523
197176,477.68748341509445
22809707,79.08979960459615
29258871,53.86792590964723
12135856,52.20057822161775
24992968,320.56390719694355
13466561,106.13436229735892
29756128,73.02779857670305
11346541,132.4592617441257
21835336,118.8824081247602
20902120,416.5527097553309
6253399,82.89867686906729
11782585,159.8042903879493
3469115,117.77710070776034
9518,116.88186082282932
22541697,148.613391578933
19227562,170.9260326113189
19144106,67.80249823566558
3942731,209.55084996864903
3790118,58.60347499578747
3628553,112.09353567607558
19329897,117.43281784302651
29754835,197.86497381800282
5774245,109.22306941371353
4471513,410.91026473731745
22701496,112.28270173420374
24630767,176.08757128703584
7279081,146.3861239663277
20193058,205.55149574236756
20149903,83.93842141833626
854037,65.51700574362124
12644989,140.53135105060747
16514949,159.98483247250326
5602369,294.4712740613896
21051594,140.6353630661413
145994,174.39885405286853
2120619,164.69882664153354
6129158,236.9551598324548
17946044,109.10580565133046
11817212,73.27598057729075
17510143,196.56856491561007
220739,175.18426994624292
8426584,63.29199356285256
9914098,71.89928906147367
22653782,546.9393085735611
27922834,136.24315635278114
14369625,201.3715085256849
22904809,147.38053952883035
957002,154.68986227871304
20401541,219.00914530370218
18155063,157.8585794128204
4860430,87.6261411290966
1117516,107.45447043902038
19056212,286.6615128101614
28640338,295.6889161554496
5874326,71.06444044259682
20234321,187.96644030101882
4365491,88.22598426662881
27483961,53.163014702542306
15620833,193.7969137088046
14037159,125.99436209972502
8861340,196.3977927309145
24676410,242.5151484558337
28361556,346.3943502954532
24521752,180.01345204507575
25770425,140.13712415932514
6292893,161.5446540572135
28207627,67.70257919762791
29495933,264.2770926311593
13235840,168.1622789601023
15134876,93.03697726038575
23537317,103.30779581565224
23810398,69.2342054264814
2794725,128.14245414577925
28714008,157.81251506748913
19890602,86.40721090023261
19086281,74.56335992893342
19436602,268.96922066296474
25138975,156.74861069426694
19489138,236.28369633804263
12941586,148.29658535807724
15713028,60.06709740960525
18141809,160.8171039506381
19319184,90.42089178557319
6420850,68.2409024594774
1525602,96.45733650184594
684991,175.06231539806058
29632566,139.733269858845
9449718,119.84222612075605
21967332,238.19963195319943
21728670,76.30197913207097
18788980,70.71617361596533
29702774,173.94084325096915
29419129,98.44136588691516
25449860,189.2447121856778
1978078,148.54372344746966
27725844,74.39811588091686
28718812,163.67726694313947
7021851,87.32443863885764
20504573,196.51529382985322
21965948,55.58669511875325
14294585,109.01951248474974
1745430,150.69148319616087
6477558,201.55853241517846
7331850,70.95057515072614
12903772,180.8288940353856
21213095,97.71841062023772
26991807,518.3385298462916
4808690,155.76401932978507
21781648,207.33731407999645
27784556,108.58268156583615
23862292,63.77784800584309
4175829,170.740746674353
19221595,182.1072382720303
400431,56.33797807410622
26635476,149.78352332597288
19678231,262.1464263079467
29636953,71.34099014182307
13998064,169.70340767221055
4680840,140.02171908123435
15790071,64.34381759912962
23613183,73.05559134886107
12965288,70.4793744056207
3687227,68.29102873700161
24933530,124.72758347320887
19450121,96.9096068450569
25135772,211.8614771343732
24896067,63.38952424513574
25545821,85.11910531576338
586521,138.57966390254154
6385039,72.57901059239339
21176210,64.39496632650709
2461540,89.75159557172039
6763899,75.06828690630006
18916415,225.72093013773852
16031639,237.4681253761737
21666229,87.7361172491541
13142258,122.28278574460181
24809024,69.15395508297483
23784719,101.71083549539549
13067176,222.77202541225174
23018280,101.99976407293799
20283488,53.74671147539606
7340902,119.85424458970806
18544441,111.96983243129877
28658564,195.3789273140833
4225569,117.64748450231401
24541125,157.64169347467967
20753678,96.55375815632675
26128160,70.74063654441788
21201760,95.79465767293046
2887581,101.4088397495746
13151673,82.0625681116082
933861,97.86580848290873
25512469,300.20904312159035
838070,136.93728759536074
23416802,59.045265638577824
7618832,223.68430840822217
26557266,94.27323668403318
568743,214.6157473655127
16986674,87.51594540894526
18090927,201.67166613987263
13221788,59.48930364507862
29075705,81.62996460571259
15234773,100.69474727442366
18423938,193.81480490520343
26987149,400.39162778663587
28901045,78.88163377944608
292954,120.63568827606342
11455372,346.4637482763125
2160982,144.2866812587819
10686350,239.23269443258232
12186697,76.80658998081331
7143587,229.5654693841369
25804819,244.40056446757535
21055320,53.348477106711364
13714575,62.71662355095597
3840127,129.53722930817747
2214831,165.2240627715655
8257567,202.5175488715153
19382201,169.94315755868857
27931465,258.4824301965394
24603841,157.60488737092567
6171382,130.79508962585405
19749379,112.6953259198578
424192,182.34241911127904
11611298,102.3876941598284
19010699,126.21019289399209
5481978,75.53546045715781
29421920,646.8025379330252
17223725,70.33433676389092
22580951,214.27965192954392
446367,154.817889724813
24965167,80.93154233006742
13912725,75.43491748437857
15454216,101.83957697540609
12886198,250.19750599068553
19721338,92.68765360454422
10148955,179.46922079152614
6004659,194.93494320716783
26468823,214.53702053604889
18942119,174.31249458579464
19193664,167.08283639080858
10812612,188.48947500286735
6286253,71.31376388920432
2256268,601.9418433511835
25480516,453.0653312990715
5770483,182.94553974604173
11871932,193.98625126184285
14821756,35.90397504219749
11474011,175.01545466394097
29730754,118.73734932435457
22656685,79.10741495514606
11562327,219.83084932051648
10020060,171.08856111807677
19889906,136.4354285994883
29316598,268.99902138496697
15883099,235.38641845514664
16732266,139.81779392056438
748656,49.29209299406054
24936179,162.53473786257328
22146533,70.33368758126404
20383788,59.632354308305445
28306661,111.09441290992937
23858655,273.8712171515503
22465507,195.18796685486754
21125533,119.00934043099465
26419487,63.615588057276604
29215600,85.59631388574799
22144231,235.9621165387815
23378828,94.33259375535887
241588,79.24837483922447
15327611,182.0843490322794
24349504,103.67721127398944
22811453,224.99556566408788
14826817,81.49359507656798
28341280,91.79783159371705
29042787,201.20944202009352
20013531,63.06698218979637
4865454,63.461056962866905
27282297,72.66417255193691
13431552,194.72285078152072
6056028,201.41191353207932
28830379,62.807633590510996
22654527,202.9034677361109
272738,93.67626242487495
20933943,188.98445576358927
25491443,378.1158843229382
9079335,202.75228406542257
16575174,159.96759352509733
21884557,72.33251451609355
16546557,104.71171103925367
20215323,99.99079339570523
22376920,122.02369005038258
13135904,124.62450898598719
26721080,53.32603897473731
26782684,67.99712704814922
7616102,183.00175952456541
22118011,98.90586353402965
29513249,124.64871117642669
29092083,204.9176582326122
2093064,177.8057385303456
16243923,186.0844880218051
23782566,127.97806898864219
2687375,93.03867021434392
13855164,185.47604305202026
12947670,118.41741187928267
21709891,64.06613234415023
8353055,258.1150442929915
27166241,102.86036225336186
13019053,205.0860301720572
13096146,127.33954569276527
647580,167.6096493341499
11656396,146.10213758165918
15834511,205.36521920199098
9414521,117.03567116371732
8065705,88.42427405692638
13491503,115.3300886910016
25520013,242.23676715169861
23222091,142.05231747175776
20054400,129.38426273280663
22125138,54.9265282934529
21253000,43.600239247440925
24885241,429.48055390903545
20441507,102.11096653692277
15757745,64.13943519288064
15086143,66.10332847605925
8752714,112.54335742551525
4965152,146.98165019800436
16191596,63.26747107467125
26948562,489.29433200328435
23703345,114.92337656997732
14214998,74.88050766002415
278090,66.99021231950258
888905,84.49397980636125
25000971,438.94032613549354
18946091,123.22165402070705
15615535,157.03791066102045
26272821,88.99762905406111
7417520,253.53213120124187
25383265,67.17281000190266
11672400,194.8803668961631
15192362,51.66471897343544
24313701,96.45737671977135
15581667,111.34800856485928
13634496,125.6978360471528
18507671,89.77279959754873
6846227,660.5140952939422
4469650,649.9073385482644
797972,195.46055127173017
1731365,373.8141261817081
10039238,115.66890680828267
18286232,123.28832166410666
7612456,97.84187366643788
24873980,90.17272373268803
8668701,126.45604365832135
46544,128.82212205702226
23823959,65.29135007376755
19296503,74.63260121921553
4257078,84.8046995022823
29287351,128.7426477536606
336220,91.3332437733447
23743988,154.1631500909675
29191798,135.8515928613157
7547750,112.57883405147341
7062987,160.04595772450253
29028761,90.575934148818
26036646,796.5427022900689
29289098,88.52174919474642
26236275,114.13001879303413
23106361,76.64487875023042
15980715,61.64795501415645
14963404,71.27766620455778
5784179,101.18290078018536
14912574,161.57998991257236
20458372,165.6952606579849
23996716,247.65273429043887
20783657,139.896650445733
4916340,208.8651330294273
6467264,106.81864620481512
841292,113.30234837119406
16607054,69.07833019068174
1256536,177.49280368458494
8369857,77.58835975759398
2223628,71.19993983839782
9563868,241.60711817975826
14554093,164.47609662455625
27788038,57.76531788546466
7257311,163.98376611631986
19289583,411.87353674453954
17826827,118.46519804416077
15343230,574.4501551826023
21097166,147.34432304713587
26834208,126.60978348586245
27373599,163.7768612853201
24581516,152.99912958461775
9926628,53.13090272600337
12281070,274.76492232514244
19251255,111.36951499338547
478385,243.24685850483226
4849266,60.952636230604476
27933622,78.15606049098733
23168904,71.32350851937571
29232638,121.5134783473394
26532094,235.97229940483044
28899532,204.09857092371394
2501809,68.27113193533353
26769087,121.68879670776305
21982630,140.73372012614735
28711966,197.33715175691168
12190495,60.81035972230961
14443401,60.67000296846686
3039332,205.8802736713493
8306427,145.10756409140257
9273010,254.35990451295763
3036012,65.87497762693165
22049271,150.96102891422058
29738867,80.21785935125384
8925082,230.62241169382864
27289382,107.70961383854944
5337757,74.10661471601354
9525925,139.4378343312134
22165957,128.14471286624234
19036290,71.37155856070166
24278511,94.4507556663787
14163220,112.57525685729577
16627834,64.29033611315532
24751067,78.12615217039813
9684503,69.84404327380254
6450240,57.973121927480406
26277801,200.45160284226264
9720768,160.9220214141889
4816830,209.8942578913673
25618970,201.92160136696577
16741278,99.4303136189227
4491140,71.92874141771223
27010728,145.9541241387063
731293,254.11380693258107
4098271,95.70846441461352
29331741,212.09341512466747
7954940,126.70180054993045
14351787,78.21641563912259
22489609,75.10574350076571
27265568,176.92757258154072
8063109,163.32223555511612
23264421,217.47675218800273
24770333,194.22310899000163
7573221,138.62694242167944
13862932,108.59632176109847
9842117,143.0120531608404
14738709,430.5385269935427
10137108,73.98191937829799
27023745,236.48387956214614
28661866,50.68952556048628
22972832,99.49208769213034
2062859,157.14406309451832
13895156,227.9833947879744
4956016,101.86744961903922
2210277,168.09563702831608
21274082,272.504965596962
21933243,217.0447311303582
24694397,123.40586537894296
10136980,177.08743161909214
28361060,147.1839910398884
2067688,250.18648998880607
25011733,188.58393383448808
745037,188.73889854306458
23308580,82.37430656669623
20638154,53.1285090500534
28739830,70.85325151180537
25335433,154.30957807373636
20831853,180.2536143641798
18056405,85.68471892627225
27695623,130.10607121843768
28667969,79.40395938150586
21148292,180.7569729114989
5114347,78.23311310632953
14069103,60.404343381417014
25263845,70.18112759412041
9365502,208.65002182380326
18176762,124.2382240486819
24355169,92.05454797619457
21294704,95.11449437113554
24521630,216.0621961784457
195989,70.42391760950068
2600199,202.18426774931865
29658517,110.89593925505686
19100971,125.99461713015671
8110973,159.11903138430208
22483110,130.74822674747853
12009685,114.57294898867237
803835,102.61303900722379
22000255,64.71278195639087
25619849,109.56933128565208
6002889,160.7421240826557
6077178,212.00032787702276
16377144,135.43862356158473
22436039,64.26231880327988
20815250,161.68404535446805
25083829,314.9075564795391
22671517,172.85637367159552
21121039,88.20047281159377
29106572,77.06561028425865
17678601,158.430035125137
8622803,361.7802952559594
16311527,127.05033281801491
14056526,107.44826544616645
16467731,307.0845039534939
19157910,98.88392033364526
24595332,435.47295696698
28510491,96.61377027757362
305245,252.88308499660798
10469388,95.09019319052798
26630310,120.09769686261289
12022739,366.0488332323473
17753121,74.78156614922224
25124293,134.15552651436602
19983644,227.73208023386687
24199249,73.35616585378004
28436441,119.87340961199668
8742567,204.11310047928455
19587689,87.76360680433363
2294663,372.9343403507408
23870798,190.72049414186617
19587631,300.6050950780448
4181598,167.2758144302786
27139801,179.49412077782986
17979132,84.58419814610032
26108550,53.181004088472584
15028194,179.2568412080254
8713635,52.773016880720284
7243287,112.908471974088
13763165,273.56457154627714
21663040,175.3885021992287
10244876,96.9755293442931
4195712,54.54534434247778
24886390,496.63612519078947
23628526,135.53298964871394
9609049,206.16926716842022
29477786,71.32313708028487
8045552,90.36417164613123
24851466,182.23298989798903
6359812,71.28103346378462
2440173,184.79528824031834
29521289,42.86920242129319
15582683,99.75584766379393
9514193,156.2412090500624
28699887,122.12381222275398
20055311,84.29597411742743
20527717,222.63856914054335
4168660,74.31765275633988
25721734,254.5943221548542
29384057,138.09870845373237
7862762,179.1797736093125
6477586,153.75159267901063
17666780,133.5440587988127
10318976,99.92823752280314
28897267,80.30134193204995
761835,76.88686300797791
19698772,126.70773377871821
4725251,172.22104767755047
12283732,170.55731131638376
1415853,95.81259624142524
4565734,213.34567399051062
29103450,82.50446507301237
197155,171.59113300213482
3808683,53.16660255388936
4500897,108.85525623007766
29131070,70.8408476406995
18471944,66.26545155730564
24540842,264.24344733457826
9737975,185.18986087550164
11243953,169.88680411442263
28048070,647.1392547925312
4218499,128.0077059990073
25288767,59.675283368323704
14127687,43.42469843169501
19458462,164.51328699843387
4600556,188.36159738243293
3924646,90.02296320138613
9595222,173.3268897285734
1640700,203.9464464434427
2110821,72.48807044119319
22406251,83.79893451548803
20740322,235.42628162273635
6723207,103.14164388205468
23434788,67.5671489925966
13789876,51.47178513323897
23371427,181.10047024203138
28988668,69.53584306778818
25102910,97.93246443552466
3539618,153.29542199893078
28339747,81.06688361761985
4699289,201.07850591919927
1682258,192.41856115239656
4296291,71.51231058662485
4574189,109.73553531375404
19588190,203.25230420688183
6509750,282.3332963491353
939724,70.77887995342287
24944474,435.8026450106776
14394217,113.77049923511612
28132225,223.6638437394257
22266913,137.3153638616566
19785259,149.18471786087184
18043457,91.00117417361133
21369232,71.56352309837247
18139095,286.3314228522633
11017101,95.2267040094135
13058729,60.0109137889641
20305451,142.5671590970844
753935,165.21963840206666
23002312,226.6422054951379
3738815,184.32377026336667
655472,110.85464997380787
7819704,70.90038422068666
8873479,106.13735713301848
2186138,587.4931159843617
23876348,56.65135392359275
8522756,100.20444407911539
7823722,247.19625320440272
6751450,175.52773632719152
6950074,122.45473929816148
13386360,131.00164195085097
25873736,77.35484901871955
559511,126.48920303986067
7711899,58.933997859484386
27693410,46.5194207285846
5803,74.64533756657809
16378809,68.80427205808542
21666641,60.75015256468268
16236157,197.9267471905771
7385568,75.33274341107449
21922071,59.64045668623578
5816145,74.03922002769109
12433302,156.58840913776544
28959156,94.00592800620517
17779504,54.865697329049624
13545733,120.58521215262421
5522518,237.94030705326085
27292853,49.68361428038266
6459617,222.13298110581738
290123,220.80753481506676
25455986,253.60030309839695
25890454,103.26162237397091
29131535,121.1907846165182
20896281,181.3654921166176
14571148,185.78200934459963
25430164,135.71041264129158
23748521,73.60460670937563
20145813,163.50857839940025
8519400,195.23965326247765
16315496,74.06585919559247
28880910,360.99848350553094
1824808,288.59337009377833
19951265,98.1453850361129
9323550,231.906516721572
15857453,82.0605948909572
14092236,73.81246875779134
6692633,404.84381435022374
21305125,91.04489923118767
19122483,685.7420018162866
26191664,107.02025531053856
26421040,191.18936588358815
17728927,189.80089267981205
28179328,80.25051774580213
21680639,206.13989081943794
3891031,110.9882378738846
322974,114.71087281948321
3677769,72.54372178501696
21184012,149.81159266697017
22683799,46.210005283736564
13564452,63.792986147276984
23964318,101.74942842248028
2210088,270.8238428989066
22266183,53.58093985229839
16725576,96.07281026286519
20828097,91.37945381929171
18197946,86.5856553620031
23826817,116.67585146807352
17306128,71.8530168513438
19789620,60.691171051959564
24845250,173.585037682373
26337439,351.8386789064078
727547,200.2667332857712
20815736,78.12232422776826
24176495,136.25499697900713
6225935,92.87994224161146
18541736,218.24696469348223
18523182,57.174214960914384
20031317,150.66231020850432
9350479,233.21491119144457
215784,123.85025228617009
17514665,176.34467535213435
3272778,570.2979478870266
16227237,161.63898944488884
13532669,57.44314955811745
4343401,49.496970565821044
20872250,191.73711228191897
4163742,103.65973353317041
23905099,67.76028344190323
18396197,209.08831833473673
4047791,147.03908010509682
11419898,153.92553757666312
20281420,126.9386507879168
27257149,61.02446505630966
21022856,201.21296952760952
8114639,68.11034600447938
28015891,260.29436955600494
24175050,107.33589503909639
27259887,192.38514453381893
28491645,55.53627704540247
27482592,101.33018613267069
4509560,172.22353521571176
20522971,255.0833076954428
26668703,73.2177017834358
16737042,87.21649172811847
5153500,161.7542019004516
24958931,256.2382723859494
20803845,79.78644843007383
27454297,43.00742881159915
7694418,167.65050869988997
19531760,132.0630725227609
26771830,552.9458865649052
14868857,122.00451318420126
22268506,70.98125413556009
7638133,150.25098348597155
221618,166.45125511555713
6985434,159.37951427196762
25683363,164.7897778761263
25404381,251.73309825396186
16701087,53.976728638039845
29037623,439.3314590312745
1157036,49.23603489518731
1402084,167.4259481449486
2175827,80.59352576968709
22000019,68.76274939099763
12245906,122.94386917405326
20485253,116.11874745074421
17512288,191.9191482666082
8407963,178.2517461071706
9491126,116.93172160925889
7559955,61.12844866310454
21155115,214.9303103377722
13926549,159.06669238645873
15506009,121.25006690240802
2206115,179.5827029864546
4632542,86.56179613735345
20798446,322.1950894992803
10307958,135.16354331817487
690914,125.43262324324472
21577066,68.058765145047
18449942,182.38652817527927
11496968,138.19027288146188
21966498,105.71572500045289
12710215,70.05986927981543
23236661,63.74875559838343
1118031,102.77863500422374
4374523,61.21069121684629
1440363,166.0701471909814
26526151,42.37787494308418
16206383,67.41383292903112
18499074,59.203526618923384
587058,250.67654305704605
10984999,129.92658544172033
3533741,205.2618375950445
19011527,236.6258283019497
19929209,138.83694834080046
13183047,179.6868865281302
29613451,62.7938815621582
423015,61.45128183322723
10386936,121.61992093290684
23884096,271.2164801263746
18171814,63.017948166649326
2611765,160.99755223118956
26039660,162.7613165239396
11701404,134.6448519663422
2997377,123.01272406675359
11378048,122.94155805457642
19507235,125.47174176117159
19487831,385.6812924023399
20874344,149.83592613963006
11185068,160.0318637884094
6636993,76.19352532221535
25054489,359.6944859097319
17129825,87.13229829869834
7581611,57.47375605200645
29191862,111.64736995232344
1640995,154.65987166588752
5557097,77.37816043725117
18427786,124.90537165926189
19273138,64.47058122077122
26110133,130.30594776733415
1745358,131.40012189406062
11710327,73.69728471172816
22674767,72.46704153232538
8052046,53.201266100475095
11564448,137.67687126260384
28333895,169.37570506665097
22054258,90.49941821488103
18704012,61.697829367931824
18624243,124.2066455772461
23598856,244.22976071464225
27961738,56.047604964510064
20696291,141.96617602402242
21618858,81.1550317244777
16224408,68.01307120477587
7782176,69.63144855871798
10404638,174.77153493878725
13600398,210.86152322544527
29562750,189.21887169880415
548184,72.74070917323219
24736626,200.64285423085724
9358066,161.99608381380656
8145441,150.95192654197135
2230762,114.06544339362027
27930062,182.85814386228517
18734320,59.04772294840193
22241696,94.08166949656216
13186374,408.8486068230129
806040,52.66282246992125
4282998,210.33293546559375
25679709,99.27564864744507
21764245,50.75864883424408
13444902,74.45302064115828
20236495,101.8110773553942
28222364,64.33910273068533
7201169,211.64777874937963
690849,188.8651650844416
29074124,108.3399880296787
13436258,97.21480917331674
17515672,174.8844242214914
7276534,74.13110315804079
15421719,244.20961119687468
23714666,164.8955913124597
6437262,71.97132541417132
1919896,155.7863092461584
9634588,140.80764207938554
27500496,80.88796082576387
13107627,66.15696149497178
22571205,237.03610271534967
6560459,64.17644234066317
22514913,117.24351235895917
1567225,379.68475971788877
24232309,130.7918167750936
23072894,63.95979090506217
13001671,160.779568276869
24140556,138.4462121866876
13264690,72.49103000461632
16570631,66.50708197378304
7562552,120.19548753083211
22691625,60.62142532292412
8595149,224.90219961599314
26228457,88.66510037582567
10650813,218.1082599034236
19154733,213.92141611412944
25725262,156.57746276214053
9588828,205.80130744792214
27002075,112.3148013349728
10018549,109.71123630245496
20089597,167.50525295393342
9086629,71.61032351949213
19821160,396.8980669548787
4749192,77.69488358172188
13783769,121.8529506613112
25400996,139.20875726246766
22958051,63.62913451018229
21428791,103.38624408008019
5115534,143.51239307966796
15783216,234.47998768430395
6262536,160.78233446518166
15745269,80.4050741502323
3202590,213.39944070354795
9115318,257.50668305111634
23300336,47.8905538441662
7856476,69.4940604499094
6478503,83.18816802371612
10134298,108.97292139401316
15191740,246.1808317011943
510218,187.49381626835086
25210171,110.70156318657376
26255080,296.3040101419272
18835820,169.15543990067124
7265331,68.81948218888975
21150953,193.74118020136916
9997702,61.224723174346565
17750513,59.27479700196125
12912510,223.92849824476502
17252480,144.50435229620578
19282178,157.311364694999
16084875,128.2363401419003
27281897,61.12354265658325
3563041,407.92751977123316
19798810,61.36339050691953
1739847,55.64387038695126
14071415,78.77412769352736
10417282,69.09142820090165
29506320,174.08337406591636
1963975,81.34685222573546
3207986,149.4467581649911
17750661,86.33175831200889
1782667,63.67711392821837
21183312,152.5590731732331
22340808,392.1196015921699
14126303,87.90564361167488
3693901,64.1630651183571
5374226,193.04982531812914
17824129,195.69676111468254
15840089,180.04074323185128
1363336,175.25057463795284
15620835,173.5718845863123
4284158,92.30541091726343
28976689,84.01315447114406
18958355,61.750535011180716
28509709,62.52225176090519
22107023,135.5807377765218
3420648,204.04348679894574
8071607,64.44549072380465
7132520,73.35001682879435
27086249,96.59319190961283
29334786,151.82094247139221
17210984,74.19615686237974
2552105,154.26484435493708
20624541,146.7079200022536
17904418,154.13804816379
10860601,296.9324069539674
19829773,58.577188094079986
23307047,165.50764259723238
25972542,303.69285614070026
16511493,91.55346176549422
23920387,69.13527682971699
13606677,113.25142393553546
23494093,62.555469741979834
28435716,90.88137621700919
19805603,145.27765870091653
18811557,493.6248736787837
6808818,58.201220372707915
749896,174.8543145361065
18023284,170.55381516459926
2940729,90.18853454474737
19744691,68.0449111381324
6636389,281.58832747122256
4892675,79.57717530420068
9594568,158.68057021852323
19094358,179.7180834592301
16315292,214.1246358254967
3924820,94.11918836408337
16544552,145.65083451504174
12887457,147.88315318537255
17875002,146.89941037241493
8468662,174.59497036420052
10513228,73.99112261856622
16086382,171.76762370702724
9108110,187.7347912457739
29573769,137.4181465224821
24314633,205.870821602404
15781521,69.21541012260606
13292453,96.28709875014935
18464355,267.877698011614
20861411,120.22188972729286
23824537,89.31527616421873
23826391,61.78754681733606
28463654,298.6084870949979
1948494,126.37527867076585
29585551,64.30645872575569
19153081,363.73625205625075
12749156,131.03019704592572
26869767,127.9965725100518
24779801,160.8582784424851
25049092,133.96483936679027
27573918,79.02207533056317
1142034,319.0247254540405
22529714,88.64812773399667
23857159,73.33760990101013
19269676,257.5331600153906
13222347,296.87344274945553
14787013,254.05801264481406
26561968,202.86087514021426
14091664,158.47382276507832
9300634,163.63055176483581
21190325,63.86435149108115
16570490,86.63283271247992
23729632,85.3610279723884
6880990,77.91910178391068
8106902,174.11980183507876
24733560,71.12293399466158
21815842,162.40579927114783
28696394,130.336539484739
28220772,186.82630543168534
17840284,66.41210537281634
20689395,134.43939807325884
9137941,185.19762584006506
22307861,140.3623987812297
29460203,71.28687916047816
4995993,287.32631156524525
28840175,304.1547506363191
18648360,389.74313861793263
29763219,115.66688478972993
266437,270.7522003260046
15345313,58.75292884209608
21551787,115.10655809191644
24263957,108.91618801495731
11153954,153.818027730391
6200613,88.67706895480455
26915118,175.36714404715482
27215273,260.5764587232852
8200729,154.73298596551848
10787823,69.65151794824835
7547439,88.33924404741303
526532,165.51271877363035
14774459,212.7794786981158
20723015,110.30392226994273
4878737,75.10439073494886
18985595,106.24438621131003
16673016,59.49637241523769
12601278,171.3034367629517
8438775,104.22206747400533
8693545,69.57570930827526
22339967,94.65831615232656
21926432,128.36935838257565
7790911,66.08246239817187
3584528,120.94058742208529
12874666,99.89008793296962
11067934,150.0358804874347
8358047,78.64938813321261
18650087,313.3127950920548
7141549,101.30248283911243
16177970,100.74565848479752
7826411,174.64262018013233
6711840,214.49308005613193
459066,150.60526969579425
6628117,102.03906576969361
9605039,171.95593860154818
23965460,67.00267590797549
19743272,79.20767867364206
14267222,109.58953973329682
10247072,79.0257815643766
18274492,89.81908609221092
29157211,136.62940578691794
23629960,167.56934041838676
26468274,170.09853924731007
18456751,102.28184020263221
25629624,125.80747789276522
29075468,86.38144594457907
22879903,83.1534598536155
1831227,144.86581329239516
16396301,83.36114645313963
24327382,181.68167600202824
21950138,364.994198682024
4194302,83.0770096026305
21524675,161.7775370184327
11987376,72.75602597002802
2942129,51.69160657295007
23225547,156.32567569323385
1129105,139.02380913767828
5059104,55.561424171249435
13622647,85.28416370415795
1835728,166.478955477938
19122738,173.35462969031582
15569399,55.94903622310178
19738289,239.97549115362798
24734527,410.3145864642482
25378614,58.172250201799066
21562548,144.3396647792123
6065778,131.40273617529274
691049,66.21490852115086
20350786,80.99628980119381
17640413,73.80039977825382
24891651,60.519224230377226
23877625,156.7273924757202
9603611,106.32369354682284
25090268,102.72601726183764
22657560,184.23582932339673
15297194,72.02105649316894
28514974,68.40947914177703
13112601,67.28400896333386
13998293,175.76728748758467
3717749,70.75184758481596
27273414,78.17487079428514
1056865,111.77797565318006
20946833,290.84691435093373
11156918,205.27838224918273
842167,162.7178824194631
11486357,75.81344650871988
18715285,217.93483358085527
29632401,108.42672227164037
25471265,79.53101288597314
20714088,64.12452354829439
21694743,86.97051650720657
11543453,118.52768198090116
15026590,71.41304344184412
21621926,60.33072221921395
27235864,68.11093515880673
2935456,187.81875931759714
13595786,172.15002194012018
2250372,741.9565336930618
5760776,215.17204461174367
1138052,94.66308839979668
14179691,66.01097420597631
13824091,179.72658046280148
9386678,100.57422057399212
24518802,114.44813619341271
28717721,78.60531477407197
25428161,172.85101084877058
1908852,242.7741871207726
13309667,166.27481125716352
28105301,168.92403439761188
14555322,201.93834922152564
21682476,304.25655251446193
16577819,161.23960966281106
29706439,90.97581964117207
27557992,68.6391912775665
24178083,84.59950845562982
4824211,97.8487372678598
1042416,139.46893978683264
22568033,252.59120771275397
13299532,113.90502846541928
20832768,115.23219465016716
6779136,195.1068996769832
6590197,276.41246528295284
28913606,289.77966655055076
13785383,156.50085812174783
1753671,86.3341822743193
7634327,265.77581051983447
22282513,78.89645667994871
16368233,62.76446082429889
188803,80.95730764725111
3531018,96.76634673999615
3093616,168.5926866511348
393479,258.5567733316966
1485910,107.72854342938656
22268166,95.6408477418022
28683846,164.3613308221368
20819221,223.22567491315382
27225719,116.181123090759
19103843,59.702681058170185
8342009,79.48474345515412
23811439,48.183558881076074
783341,106.93205996514841
12955262,227.3760053596515
17821912,73.64457304097412
24335376,59.5696594533887
28836023,276.514623975447
13376886,125.55716702896704
3848324,215.78728858000355
21801520,64.13376598634038
29122308,111.96721329632764
21332370,166.49712000392995
21879202,300.1986748728732
29381329,68.27247129053958
4081707,287.33735092177346
19861088,132.10362146515158
3575859,82.74751174128117
3052904,227.04826156299157
16132114,47.36525533743791
19229060,463.85749124128097
28960455,170.13882327105344
21967378,243.54796458098986
9282032,212.7145903395319
19248044,313.3196795578934
8700510,206.13877136259737
7026258,55.84232627227879
19547213,78.89286870645923
10784550,88.511832769695
11415455,196.5319794408496
13770490,97.15323199012595
24405674,289.5278761528967
23729711,82.14130142134864
7226069,80.5154807266669
24438437,60.089588225852374
23526128,144.91903656032653
13508567,114.62695244846236
8130551,104.01267729494738
22204580,177.53806626575283
15234771,183.82659129402086
23650568,163.6451084996062
5319150,147.63354818952607
16726217,104.63054934581221
6494256,71.37323285495485
1971570,79.81315118073702
20688793,173.90792741794607
22350243,83.09138073620824
20675355,86.95886782424303
7289032,187.95105315624014
1827525,58.78657622712175
28387719,659.1100772774058
18312765,162.43388207074818
6106445,195.53477290294234
4466780,91.40179946754512
23311756,77.00434323010045
6092535,197.1530528112163
21326953,184.81236910495542
28545685,77.55629203296273
13669161,101.23535498613403
8326389,80.80323079459484
17730939,47.211039744286985
28890229,123.32451572316752
9409367,314.1026546211151
16393657,80.65307688346697
2291084,256.0679428635879
23738229,145.09288219060957
6662418,196.7274511803639
3442152,167.15507287342498
2526152,84.51218857947397
18224659,68.87078164506654
22188609,125.13542865981891
9412276,210.06672935953554
9901546,123.84519117921474
14202967,70.11885551332107
19696972,59.0728913272115
3739712,97.82357335827074
9184688,226.66971007830807
20812587,80.72227055917448
11678719,130.09458304855286
29037295,70.15735544318278
5268432,651.3636724504632
20523741,85.19900916454007
27903283,50.124690776602726
16478482,169.94042589955333
14213037,72.80753171671522
22502171,91.86840723596303
20194042,193.76910553556817
10488505,333.76014943984666
18944697,184.4167606794665
9529089,63.859127520796335
24963166,55.63371873845341
25609974,66.17862891037528
1262392,118.28003366937492
10135104,90.29587146971107
8995610,179.2528953822641
13590200,234.39988739710475
16414045,131.405132833596
22433593,56.66399215172489
14297036,60.45505333346289
20796595,79.7110444941997
4623217,151.52999312117112
28776675,179.48870884950134
7230002,60.025855679372846
14552533,160.94435575530827
18272185,170.11251609002537
361803,112.21439292001021
27602495,58.7816120659665
16449480,127.6522233311632
15327600,254.65064736838994
23567990,56.39928009631984
9146175,271.01319512566585
8367125,85.77825102344134
15165888,57.41669627353415
14055370,75.6499459054982
916311,126.18208895224592
7114286,116.37282225577208
16916633,192.93892712212934
29155895,185.2885097773276
15133923,88.22166945472236
18612981,32.943769858657284
3765357,177.82537600937584
16855676,81.76035697589099
15615374,51.03681001326154
3248010,134.8090237682708
533625,216.15522533160018
2794762,126.62355623156651
19847655,66.5937132394425
28108959,104.1328778683332
18976585,57.97073624678172
10156441,167.81753112251033
19141391,176.92048364847702
18549136,239.94382679716986
6194718,86.11648899297789
22120433,102.57151424598125
21788734,88.42182759446688
9550714,130.00419917320988
9473760,161.48666350727984
27193090,153.33273972634208
5267542,44.8047811732907
18120573,139.58259550458834
763527,77.71500997498656
9505047,86.05255656712563
15884523,100.41419005740242
14028018,167.78503019810395
18112181,137.8918439569219
28982325,68.489652924834
16437333,206.6435383317346
3952328,147.88957353150707
22098209,75.07123903661493
28284832,99.79031671301443
20435636,75.26719737184959
12145887,60.621137784179645
20651136,115.45942121500764
24933820,73.07820731274752
11971212,68.29618152106953
7345443,225.64465917040016
29455913,100.68922563644723
29486971,67.18742925279547
20056034,105.3497881402983
21908184,149.95801883127857
13879679,194.76645695986306
13671936,68.90838424728956
13020158,199.01798369905745
22247895,63.53688099138685
3698111,92.8920524629582
1151209,142.1852124930724
23455106,63.32187180829161
25096173,292.1621146654491
22451798,142.6498453325561
19544766,248.2292757495087
23772926,220.07981220077707
237868,106.53574823546181
9272493,263.9615854398664
23235101,157.71241216589277
10491594,128.40190820347235
17514660,185.11846710649505
19328935,123.3296686303034
17906601,181.864225739651
1475084,150.03006502314722
25022759,99.48813642530565
2391803,324.79173314374157
22635815,87.04068481055087
3808093,182.33093892690565
17512303,199.31158238196645
21754221,187.22999948452636
16838957,204.86701388757714
24111578,91.24355563678989
20830442,53.272884203637695
27334857,132.68143179713468
20931306,424.7675179438614
26123841,214.6550946225742
20383986,348.0912752074758
29059334,81.4324716901033
16568191,131.66696718803462
9732356,58.56681661664221
27685550,153.67544995384932
21739952,48.34544094284354
1787771,127.58772029937882
88329,189.68159982158065
9684366,108.29890732983769
21701821,101.89124890307419
22514364,76.77456267621383
16085206,178.7412306766618
11904191,152.63891003958335
17326533,224.86392527218024
23940145,159.3280498497271
1772568,157.69713987717446
26277650,87.24459295308525
24961964,117.48364741181216
20590664,194.5232684229986
4128603,168.89442775535926
752289,187.4805573281886
17745504,102.1427795228999
13153286,170.06370393371895
21769436,416.81264149290377
7293506,237.17151205535285
18179852,189.45138127694176
25455499,55.21056462771994
5697371,390.4376130292535
7891403,210.726635716412
1164111,99.20421079518964
21897694,198.34577880465488
21891783,181.52409913976814
19751140,170.0822472935084
19914250,118.6369668417106
400039,103.50597569155103
9771893,163.9893504975415
723709,81.33016298672436
13935360,165.0218025297338
19947167,54.75444991985248
10142867,100.89555022072973
4645831,98.56779083164729
19799489,189.0698543663898
13748851,161.88324892793526
19287758,67.54343456835174
24497815,207.15451604353098
15924820,60.6653443978515
19361884,60.30980870080351
21635457,148.58210450477705
16148355,107.44229272269634
22438742,176.2148019487793
11589713,68.26998283188765
859023,156.37606126655433
29080463,171.9934402279771
18023482,221.54234089231468
9487497,168.53300385905285
6054864,129.99854613761488
825486,201.3528127575046
21395527,146.39599871104417
249414,203.47461186433705
29131516,107.57895168795828
16427395,277.335762122283
2080709,79.959095152281
29712339,59.71659756399012
21981036,181.86302531891639
18794969,135.9604105709374
23685385,113.1147388582533
3849460,61.827438701997806
27827834,70.44180384233415
27637053,173.8338050896946
9588992,50.211585486412936
23184752,71.7380425534733
20552995,96.29880183742777
28437076,85.61040179421632
16708692,107.35839823105276
24140119,53.87989195660555
26442966,224.11964050979745
16960725,93.11578467338047
17860607,163.90576986769477
23955297,61.062643782373335
24066510,91.74370530641166
16258754,85.46225592647119
11888026,330.34322036594637
27438452,151.90518947634752
21982096,75.81369539943836
20741058,522.0846433600051
1847389,148.92210130644577
26942420,242.76920931042844
9186894,67.58854617951053
6512929,151.92175608801304
19929723,49.6554596539256
16300514,175.44307359018362
11909028,159.98205197224272
21160332,160.30568246591997
1814010,207.2695663573195
8636811,85.86156409230773
27541985,185.5168522886423
17611001,63.7649256781722
471712,89.09280123516908
26255072,68.33663344321607
7040289,78.5045671940863
20810529,297.02027530696483
4297952,175.13366064365064
28100877,58.39332074875728
8589729,240.99730570836857
22308624,93.62923399484902
953951,231.8264626975829
28030184,53.85251602429702
14009768,53.31022493899769
24717033,327.22355361688295
3526122,341.5498755201823
20284068,126.20186173471946
24422014,74.0980725991485
7376952,213.94473080437558
23767758,90.42649080164362
20761296,61.012679188526874
4710310,133.9015278074788
1337148,183.0163736968724
27628103,139.76683736581938
20395266,66.82284393913125
22341014,79.53618970869688
9809229,242.37632568930272
6550596,147.69233060222848
19174,196.0794229770214
29073584,102.90389341138318
12388494,241.5170905076999
11604005,114.22228669358451
13571350,175.13958249563882
28816970,183.63835143777737
13218139,621.7784249730911
233189,148.80766967548766
15311154,54.576889562110665
10232039,62.27733751461496
23762153,55.194222946624585
21772083,102.14956326704136
4693338,65.31594332816422
24021028,66.3264887896302
9750308,61.303812342650225
26640294,71.04313865564565
552502,93.49243013939925
26735217,173.789473883739
15549056,180.40391820430693
18225702,104.1269537270281
27807007,158.2878356524626
28261459,143.86669705453704
2874932,138.8958438113079
13396969,165.39854217803767
13413622,236.0962753929622
21950487,127.40331069502766
28737541,97.4749035630502
6689548,249.95307401867754
19114014,830.8159913627152
20033157,93.68799830114745
351530,130.89168054503315
3924092,166.2121582765468
29506634,57.281785725913295
20814067,57.722787364373545
6449238,92.47543321745563
24733112,340.83887119627667
27677746,122.5023353401008
23249013,74.41144169296238
14301951,63.73357963432412
25031182,101.43888465091256
3663984,157.59375894722749
28536340,196.10929028615132
27335390,203.182840614146
6412693,71.29349793024848
22705516,75.58785995292435
23751923,272.0238485627843
11866751,232.12027210136338
22203103,112.38787319985022
23946148,105.18234583155738
710284,365.19456406764397
16604023,110.8485854344936
11039478,179.08440748681252
23322737,90.79706558774511
8614751,80.0537496653114
12854022,83.13029938160292
696593,135.13100828939417
4956451,62.06201337175046
7694064,71.68893986177066
19414813,199.73672480250298
18110654,68.18638073668488
23144059,109.82365736092491
26273200,66.43549615333693
15500846,248.0963804468405
21802051,143.1650386075774
4504049,47.51518078813988
23435916,133.56596873941905
20133468,64.52203238908056
29312613,77.565720129533
13585495,114.20636104625669
20692462,71.63316961232422
9586130,799.2429579895643
28096977,185.26152598018746
23788475,108.94960156877376
24935708,72.43844335456167
26249129,183.6616442612818
13900901,53.905591144308296
18344824,70.0291702718582
23449907,210.70540167132972
24352967,62.9468153825423
27494734,147.50083950723635
29413218,397.5787683323276
22339521,128.2813216767627
5810581,198.26339707606226
7842597,73.363004288153
9271742,118.18290207601108
29519813,78.12190791873273
6476333,78.6946460858778
28959578,97.40804934038567
4786139,203.58029799000852
19717572,89.69912183466629
28489803,242.72693942667107
24653572,92.30450998179246
27249050,175.22702806251027
20049161,91.90976337694627
12112190,130.70041716136882
14547628,137.5766489923703
26295450,102.92557798134312
17829947,191.81160570691043
24958209,132.6443778100189
22672516,151.390099291245
7302762,158.7653533885858
1284189,170.96301302351193
23903960,329.2734997483907
20499040,39.243108087848675
23336354,29.106830551830015
12088134,95.43488737809851
15475362,226.32296898436766
28021959,58.50243517411939
24545438,69.91557004123366
17009057,164.45767160689604
18822021,57.67415674199359
11881208,237.8515934840083
10367884,122.14770281945941
28918211,53.23102268344616
10011509,116.76411959146786
29538751,46.95737118362962
7559064,136.35468187609806
17255555,71.4553662793539
18608652,389.9946901398958
5015281,211.23540966155477
12017066,59.98821911248373
21610946,69.10288577762826
6042335,229.38314664118238
11927624,197.02814851274556
26868019,59.67570149639203
10020922,122.66783911011328
6897911,76.66543535591899
15476794,102.94655386045257
9444324,180.77398388205177
21412467,85.32108204142558
9698250,78.88200196340927
25796049,475.2463042946753
13378919,62.92923052821743
27977682,59.491365347093584
23970993,133.99266146681856
26360690,111.99999420438907
2586794,106.65085406042245
26837745,438.2652262717927
17771936,201.3255345947443
27585752,149.28663017551483
11431526,137.51116758430706
23896110,186.53064110923683
24118529,156.54850621717762
7790858,58.35971064220081
19334117,54.09083415379494
20496824,177.40153120582235
17887871,161.77603481369405
6384741,99.94675621029864
26608589,225.39100060956625
5136833,108.37073182622106
483414,66.17680564410038
25401843,100.70508528971298
8761292,36.84225499170401
21452348,204.0115665811163
25288989,108.71163712140486
7693040,130.60271903848903
1616540,110.60913160698242
14340033,293.505712670388
10133534,103.3241182148928
12156007,208.1158755512973
5382628,91.96263236564795
28187614,170.9530210653712
24783060,249.37418704479637
19389911,98.10854206485642
25405799,158.94383491571503
959791,118.2956561107075
12022083,206.90128270595258
8809420,52.3908057977545
987049,299.53427954078836
13496318,299.5521145900011
23861538,82.3352758223178
21012056,201.58766679659425
24710755,122.47043507771572
1935109,214.48264285333633
18927113,102.68487115107443
7682094,150.9803169563959
29129256,161.2882640629924
4550557,57.691674990695994
26290174,145.5449736682814
14571451,158.36138311993707
11520967,69.89235091487377
20245130,536.13797130891
5102132,52.64457256033123
5631916,305.88722723593764
25030090,66.51617641388384
24607677,129.7594649243063
17944802,274.1536323564987
4218742,82.75934478125467
21892351,62.397496864171245
15665152,133.4295508702462
22705059,77.22303173978646
28391618,150.21668350702512
24284018,53.042514184678
26887922,61.24838150140832
248713,109.00073454648832
22492103,74.88815893218218
19018157,102.57169926381368
439750,79.96042178312712
27854933,216.02040534815868
20917569,167.4211944082723
15552127,353.62178718139813
7366831,78.81430673700667
9393993,69.28390139773452
22667641,176.4007813034879
25970374,112.8698204279677
25033659,149.46362926880988
28696861,112.5730513638875
15509546,127.9664427647616
25350971,141.6490852069368
26665885,235.35477585784633
20482231,83.7729090048269
10612199,73.86951898982859
8994197,182.73761625928213
18163050,156.65680509251914
18023876,95.59799499535127
27061969,58.81761648844213
16133101,60.82643624303336
19532789,75.93037026399108
9509831,155.16821348806607
5274268,115.84539048872443
6640642,222.0597827015508
3204428,140.16062974591338
19413675,61.89986944478979
2743624,365.2314085809314
27437046,100.65909436268028
23628745,105.02375003374486
24279771,231.92422887322923
1331231,321.6617259182262
5148878,298.6488198258559
8034665,140.11685685459537
28478957,54.563771572647674
8108376,134.64250478256113
19653895,59.28920785943553
18662619,351.6000897593701
12485134,170.10124929627193
19619159,142.70916765365237
8753649,145.20438792747393
26721653,77.92319566909855
16189517,61.97441551254659
12653981,100.60569021392223
4743172,73.47329266599917
20518456,192.04498598651563
13344039,169.83003105206956
11417863,103.59536015829262
19388293,107.84232175632901
17525806,294.2962932014007
25752683,176.05722699613239
26990501,53.99098388731863
23377829,188.85497181949745
4350952,67.03329185928045
7593263,229.64218156721108
3089577,191.2316357669708
137671,199.51114420402428
19660760,116.77592094264514
28656121,161.91633421199592
4716613,66.43714480506786
214917,65.01429963326474
27533502,76.74010808128538
23120062,144.75942683240075
13873028,198.79611909607456
20572801,93.96852209386513
23232807,112.46540375170086
18499224,62.9483838513655
4539520,171.2161149601537
27222035,74.71951229490736
29644544,154.22521820297393
20435773,169.41702102970382
7718452,132.67485277134983
16050505,111.05500326886771
6425751,191.46155661351676
16617893,178.19617909165905
1515026,147.23367399131152
19461063,52.687050338818686
19126369,68.35408242204444
433218,143.72767761328052
17493275,135.90050140958473
22293021,69.90380928089859
26743587,126.45874701294514
1908986,156.71835697130047
9967218,154.78220848568785
24404264,55.86597384337612
22392030,235.1432100125377
12949605,59.73863394842525
179670,123.03658523948927
9778855,56.1572319154869
15321266,153.26401261664265
3143838,76.62661824995108
19278895,66.02230207853866
29368815,95.01002129696194
8686849,67.79246378107679
23940698,60.436228481877144
10488146,73.76809117985839
19013673,67.42094175176061
6676383,153.0574171245207
8900062,256.7830576419682
23812583,105.56113637912784
21112924,135.5379283814509
6020382,70.80289971479219
21064170,140.89378648603562
872035,86.26449484995823
26385422,478.0725115558983
10049766,97.87843265212673
15126483,59.18998364393354
9573876,160.34729384539992
21863385,63.698810784542786
20773149,58.15830522810912
2626457,103.71541501679656
28890622,70.84947482809524
23922383,154.93981833831455
20048459,76.94781286873581
16382035,214.01821528863275
19179842,121.99989580679267
3972453,440.67640966030984
13490097,81.54080384053553
10729951,97.63590386657347
24697005,107.35800365275615
27610245,114.9672169823458
20164612,89.01877892395362
28564408,68.36639531755102
21566909,247.64508370292023
1886294,232.30465038157925
19204889,158.3428740263561
15181587,225.81433891978907
19032635,89.75107676663761
7951281,177.3111094699293
19362706,149.79430114838183
23254924,151.75780115347388
10614204,170.65954797403438
25209061,99.3767682527873
24183293,72.3681473610513
6445656,59.85350964288986
20729133,59.916470059167445
23106106,152.7316187123184
1183236,110.17643598272697
26842338,81.0267212743613
4517848,116.0919237635468
3791244,181.3934854709552
161366,51.24572142510758
7859723,167.96480692162774
4903029,121.55909692077152
7126996,109.95644422269477
28369648,62.763744832400924
21254496,87.87720174369416
14182963,74.48888533602577
12832227,102.66484188697082
29189841,72.23154313295123
4619579,239.04707714865845
28772877,270.7282022454601
28937584,80.82994545343296
29289507,155.7123592152191
22059632,144.7689229058711
12034640,82.29351858368818
3112872,175.48213490779597
10563686,152.72241960913868
5881415,145.92597762086208
25182363,92.29436975017508
7972825,116.08499795853726
10271071,71.57512066324797
1936633,117.11260871704549
4744496,203.42575972992563
29733933,60.63134174143999
11982791,109.02103582405677
18234572,49.36045926819643
9713997,123.54684429396718
29440688,99.7968204024831
18635167,60.76859273876005
5432089,701.010729916392
16424070,69.43576807852021
26251759,136.19710158766665
8737991,89.07083954835866
25724343,160.83063898476033
11950302,118.24893737117384
23259482,102.24581575902415
22795721,185.1580532262836
9022913,234.38855699090686
14153255,69.39776905487453
21460072,105.60978379160316
24777535,73.28556077297976
19747940,81.99991195957055
26476238,62.318418466062155
7733315,169.10006163706558
22343274,64.48591397332764
6930780,111.24061205828214
16855679,387.87190570682105
22951923,135.9294500417553
15248948,138.47010931569218
19610687,184.565651244719
12558745,56.23000395436703
12826965,50.138575946250874
16822398,59.39335930411833
20067361,57.000606607450784
20870201,95.31236896593362
18089676,156.2568752326878
7024342,162.02676864267377
13666641,175.94661295387587
9416198,181.22084671282468
25012966,223.305987309442
11295457,80.57665367266891
4249342,132.9335427806839
11529142,158.47887135731617
8729771,121.35788949016188
3944233,108.53796153513576
20604989,164.69205935864548
5691755,377.7927409918597
16309579,90.85595172324234
29027853,70.89761256692775
12454556,88.61325156420618
5193556,78.86313894685695
12122102,177.3084872330787
15361994,134.54088901266365
258838,203.55437613249433
20829055,460.1470843734124
14278303,158.26368138771056
28690364,61.69384103250629
16983784,79.69562480751596
16402087,57.44211677758344
25252879,194.33484157130422
9627513,79.53715853896577
12854207,250.18982322821003
16315325,123.23687225451307
1782437,213.26993842015875
2751311,149.44607926316328
4774190,143.71072440858055
9444997,116.58065979640118
2739577,101.4583119998759
22651614,50.72732466853936
19429202,76.217551921039
778903,205.9302717043148
6180741,200.43036537835982
26557748,129.42984869165207
24039069,159.97825595274443
21965110,82.46096468377287
9527309,56.70565853631437
8078896,212.97760724992622
13620503,260.97337413574536
24356663,135.9092585396386
29093535,78.42432725747604
19826489,146.32210164711879
10170115,104.652445393976
22862864,109.42341853196616
24918103,77.32153363419728
22117983,286.49027428202027
18478512,291.61511845534466
21528329,117.95960150653603
27322028,61.4135237438331
20703786,70.21248419240122
26943105,210.62737389371668
29387911,45.89522802799208
22589075,184.8614108793757
15080994,121.62883778581049
3582816,149.45526380821693
2254817,144.28795725200646
20056846,101.91169182317117
15204218,62.98599883741863
22497160,108.5410273667287
2651810,100.18028721121196
21205650,207.74665750096926
12696236,67.50586884547705
15714680,80.70120369566278
16122024,73.30150890743965
27190713,170.0221433144576
21785271,57.88600588635282
22733147,79.29413430166973
15845751,169.10827047750425
29438633,189.22103550405996
1971540,121.50841883962441
21118935,240.16706000870977
4308612,229.81133554854867
29412396,192.16761076820956
20970380,54.49475566485659
25548615,154.1419881767678
20012263,68.50867405471483
18999378,176.07452333223387
604401,92.56649517299483
20115453,270.5038488640361
29237561,184.91160067650833
27681015,267.29988832673826
29340507,68.0817596821985
16177422,159.39284613519513
27831715,213.1165158469627
6660816,100.92834912040284
3667209,116.13725808049215
21422716,164.96586312538906
28694075,217.3789759763532
23548882,69.94312730862708
3323189,518.509925084344
23195752,368.6516763988475
1574828,65.11736210398335
26796641,85.78902741812715
21738376,122.39668861150824
22510428,77.55492653340717
9589722,69.57772832424159
24898869,55.405462614860085
7834733,83.35512900984777
18386494,146.76513597888322
1917872,493.234625816872
25141552,54.9263065861173
28940715,80.93966323405233
17824351,98.63347279219971
251262,87.76979829009149
13122318,186.6485456988427
1436810,174.67814041964206
25488542,73.75378606062482
1788998,180.66957697302743
20552372,260.372219103839
22484006,82.49263544722415
1209492,100.0020714846598
26780660,179.7740942471007
12226927,132.65438520279358
28053933,84.48752876232285
1961361,99.1836680658983
24760489,67.98524300540468
10538353,125.1806079239165
22937661,210.66594536136427
11411801,60.55315462314653
6922758,269.24485594788007
9547920,85.29951033033349
1144861,182.96137579196795
17371795,79.23586903016009
26943028,70.20083222959092
20725759,54.668656247849704
26128049,104.1594920354175
15027031,119.30885963265835
29148613,110.85518596464534
8265482,58.88675404042248
29008925,53.47943628075844
10170156,75.22148682018519
2238435,142.80851254226948
20848561,180.5126121572489
20119459,77.46351620482633
5075659,133.34890628702914
7201615,324.08016292230536
13816385,54.74345978894143
9387120,94.09917521055871
16187145,342.1555646810034
18294238,65.37208416489578
27024787,88.13750398015107
12275253,51.25639502970004
19414323,57.95914089031118
13192944,69.30392992726475
10551695,59.474692728591
683743,80.32751774849604
21565682,224.17413612066343
27329585,118.97337780756277
24607466,187.02845821380131
24226964,144.97221842740404
13283928,233.2448717765801
21370008,94.92502507435042
2309559,265.98709246330117
82638,176.00959458980364
14249845,95.88898707515123
13924403,68.0522506899245
18764,120.57105389012037
1442495,312.57106674405736
13319327,102.55027260083507
26974933,174.50839083370428
29060095,332.3319034080098
20137576,72.67912987069298
2467087,195.61086211031
21307403,175.0451741217361
6619797,147.08261273601832
1521335,76.47865789671135
3928833,386.94796752211886
2289612,101.57648167657008
27021500,119.06196658127158
7663262,82.46815937912432
28912358,104.32421834792801
27235064,160.15527021116418
19103027,80.56446692728197
19785854,296.7577817913577
12153709,91.11909464803254
28888037,102.65676133977921
22036160,190.39005793820266
1987584,47.10869189730246
2458656,140.9660785374669
13754150,146.3380083230934
4582087,125.04639038307114
12885472,132.53164494629388
8468180,315.85447515364564
27809696,90.06839232701003
21568943,134.47272883391074
1682958,66.80712626257788
26500714,97.27164836487994
19812211,225.4926045299253
18758525,184.33993218307202
25719044,53.03884224628618
1742610,146.4399550911697
271954,233.00498230580664
19827594,94.97353424590922
3425054,135.1452300224396
15563563,194.59003281543232
23903645,202.8662571079282
9414036,59.32562797532571
22345676,107.3687406641587
17076571,162.67257755279653
27064423,119.20804476257213
58467,107.76407345799028
26574775,243.19238109013563
8170276,185.13779865804807
29608205,175.76800997560122
18994965,71.63937808656242
17073870,59.49555710406391
9786790,111.37143948928208
15107136,345.9436721409724
5562775,188.9569515570707
28643600,91.95384624238471
234870,75.64019728151392
23214729,109.41560668286972
14094370,89.52596019172876
18195445,164.7617940567009
13884778,85.45202134362569
25485059,83.68158172060934
19416458,161.94490959458412
9943427,70.16257990620295
25310242,114.0678629575163
19780958,172.813548829297
16885058,143.40993647313283
9118958,66.4854533640118
17710842,147.37278302149255
24520124,193.30794647588456
18956236,84.17604692878156
21414167,236.53441047318123
29160267,50.52381254989279
23092889,68.07877426707533
13714531,220.895276056904
12761138,167.5489780825506
5534747,138.6433286309585
14110407,308.9674477187736
26992875,162.71777323636726
3771845,86.53263403593257
27876980,123.32469601775797
18875740,229.63934169784514
21439155,78.70619695511365
10133128,149.47890074420707
22567430,101.49998468500682
27959475,218.65482353349935
28214075,112.0694902238971
839539,120.80920847237246
18456975,215.00050393580102
19055226,94.32710522737983
21673236,104.58661247958896
19069381,65.76427018749861
5883655,82.25658422377455
11667455,265.41732761468205
11602642,171.4754636934389
25347679,361.9978143797378
18090200,62.838703102098485
9935996,169.48342679768373
12926849,79.56792410717183
16271051,133.30636793093387
17073948,112.01456135802539
27929993,257.40677713789455
25042316,93.28621121410974
22751004,102.95489353742586
258397,143.90728960702242
6684189,462.5622490047925
14918404,59.42720012732057
7633154,184.53858091723157
13639276,86.75724014751387
13373898,332.0085391478536
23109329,99.15597130704288
26183323,500.30128340918554
3485146,208.98348292495925
11098018,69.78943511994943
4719825,172.40192100670643
2081177,111.24764896155682
26916664,52.41006244944282
29460026,70.58044042387013
9428356,105.27084507382386
7748135,68.28175655791351
16405126,112.639845471094
17284512,199.59766269368868
25347359,115.60901627528271
16289648,72.69629771127147
21404524,74.89896009812806
26598828,45.61382689422148
786955,186.29841328353288
19174466,187.02705193649982
16146442,61.69712317363939
23201228,195.96468516283014
28960497,62.263821853974115
10249886,99.47767070105529
26399933,158.36364286040634
3238517,86.40379019042398
15827538,180.90105298906155
13182093,62.00997462659385
4453233,221.66532066925288
3434211,215.43420499768305
17691162,176.2386582088867
13316028,91.74212466556874
9062257,111.31406747649349
18463609,123.76355983789826
9991319,200.75179888612988
19387694,395.52961910707785
6836485,108.43069874105946
16354659,148.20087351070535
21527378,136.92765974880598
18142927,66.77912578998946
14385698,315.96394475994055
21617198,70.02048608796308
22303856,172.27262624581053
19952490,149.1319007010437
11775483,46.846151222487045
23582566,221.09958483691716
16112503,548.9262545108122
19586663,64.09926767194986
191541,269.5042882461034
17625824,67.28457458878465
17508709,168.20025046373283
19227077,195.16203915419132
7803828,75.64789718784336
7575347,199.3546632639851
19408844,209.8856052619758
1808497,72.9957941396392
22081741,52.84166194128136
28913824,102.26426996256572
13952269,316.94815664686143
7311209,71.89358506566626
16160189,69.4074161977173
2420026,78.49472321991504
24806098,150.57313757825546
8208090,190.90351245867305
15897780,170.2212882233877
22008625,65.70255048519938
24234030,189.3558848228578
19894104,261.413030795
18992841,175.2100181461244
26901819,123.68537234004559
24655914,72.95789896973234
20256655,61.00530206541196
8868841,247.15013280067652
702213,68.87393384655435
8000657,68.91008235167763
12089237,245.0782026088957
18095563,121.38866427432379
1312913,474.9391934617336
23615313,140.03671398132045
19853102,73.66403322567204
2447467,71.0732242432925
8303074,127.45602881190672
15462051,68.31114041120571
21646320,67.21554987964812
2372740,56.83487608239917
127387,154.41364476328715
2769718,151.4952571246979
12947660,71.71981068924585
23509707,83.43836745680963
27925891,63.85924305653285
3040654,62.53173164632998
26366437,73.50918727374516
2895511,140.3458955912362
2151106,258.78140764660776
21282152,65.85484022991393
4662889,394.6527349178452
23702356,107.7238119615825
24888024,114.19885035595787
19864245,86.1436436902665
20122292,118.58218175979822
14665928,127.24720352559656
21356599,108.97661692770446
13333542,215.69340858206237
12737660,69.48051453649775
26535575,87.56244686372338
19701921,99.25625967125802
17095350,205.19178340678084
14070255,152.05070494743939
9597325,110.0646015294215
4040900,138.31168567282532
16157387,417.84035206649816
22715506,244.06891730958486
18910029,240.27875167126453
12916189,293.7074644781964
28920018,164.58406650006697
20456399,316.70942115190627
24533996,64.91939648520649
21631773,80.97624555397215
14029776,257.6279804106526
10721891,157.20628127710833
539087,81.75408914296497
8234740,185.4288818046061
8241975,95.22148320276479
3394736,111.96525355841474
700408,159.55763652950006
21393427,199.20341959949926
4614091,176.61388232909425
25946924,106.69439993609701
21110331,94.21275674201736
7480853,60.79201477386071
13757434,125.1028129523051
12095636,72.6781940533667
26688805,70.72300931722187
12228023,121.18736962025025
1480002,103.97389032971564
21814776,66.14276021018962
17512867,206.20290962030822
27494508,350.82661059514203
23897144,192.79372123097824
2514760,178.75872703615514
17432700,118.02011410437403
28432770,130.71112336520622
1244117,158.45139634379464
21176676,162.63381472081676
16703749,92.86210975556385
9594997,168.86213509298943
21593373,183.51362109288712
29096448,198.6950646798914
29388803,63.32238530059049
18653762,136.3474534673268
11568026,653.6908884109781
13572827,237.02941560310953
19225880,96.08677536808743
11910278,107.02476343934029
17108306,97.34025063953015
26184805,207.3320135378791
1935302,129.80364975881926
22953869,107.210605877045
62430,113.53360475976926
22191831,88.46502292489578
166006,223.19294425419446
26450809,183.85204045229148
21147249,63.650482589923705
22602996,103.96450155443767
23158770,135.21579612985076
13308276,174.14722721352277
7632166,75.94844045884865
19504935,402.2406650308133
6185250,60.732967300050284
22177859,232.03351027302952
20055581,461.25560697329865
13532253,119.9986651372016
23252265,155.90804198379792
23559210,205.91073962375276
12680643,189.72654620877083
10338839,157.6266978417443
21052514,121.91045961390051
26678232,200.94144356366664
9633920,104.4743159362339
25896351,309.79070932268183
16415365,65.7231767276081
6717309,267.3263942091737
23824697,317.4362664527457
1346003,140.30028776464687
21398613,195.06171171722966
18896540,60.93106598232981
13622056,156.05406722303385
27779861,53.59229083094121
15370219,75.6052952354305
3198018,220.80157945469412
26568321,161.21994754859898
21325362,96.81531100315425
19590061,216.11005212644122
9414029,340.2731158414627
21568652,111.54893249671869
24607120,202.00542985732173
9129113,65.06382783132325
10034493,81.63386960533084
21708932,677.7905508738872
24969822,75.95780015027844
1954653,284.0349282536938
18876659,111.4980093712528
27137095,116.35809062451375
18425106,220.46762141488898
169464,144.19808247555537
27813221,80.51551402391912
9710712,170.21100402238744
12109347,245.0782026088957
27063173,95.46767943153169
17892659,74.1611702235632
9943207,690.7625869198656
18518678,66.4882246645724
8755259,82.85166231472708
1506911,456.2480328259451
24895967,276.7125733623091
19271084,45.26504510210569
23001611,187.5796835384198
23565870,202.97286623467735
22034977,91.77171610610229
18290561,178.27641887583692
5537851,142.77129168674034
27926975,137.02918146390945
29206535,108.96977098035734
19209764,99.7288949843147
19717723,109.2304043180771
22918,91.44822811370823
4530160,222.31234313347014
22975958,80.98464182359449
9939262,123.86879601920566
19362079,159.91426254615092
205867,116.43938446960341
26398894,152.71893711316434
61406,77.08575870661669
9172067,477.00002634965404
2079671,148.79921182927964
2959036,120.41499296921411
24288966,60.76644754510263
22817544,68.09840677647213
28703204,102.59074769042861
3198824,196.44476903346074
7275273,189.1905048092568
10787042,210.70316605524124
237127,266.2198359690337
23651165,59.26266018857891
7149408,89.24748151140064
5593975,58.68303404552336
10595000,76.31792217996103
28543617,83.94993420501284
29260051,109.55963358353658
18767961,91.6467414528654
9998296,170.68189873319946
23581183,212.14204360460738
3116327,83.72280627552219
22627980,159.7841522033752
19763012,68.97873095506948
14860775,202.12341493461852
28270998,170.90595851155402
28181243,126.41821489612279
4593230,96.13227873797689
215907,327.7781027240713
21367482,123.010471380698
513688,267.57958733798387
6879039,104.75200772473329
22082709,154.60010098105946
29101938,99.98921821887832
28980905,103.46687319781148
20983663,121.74571111206586
21254297,58.11289770119629
7194138,181.02488668108504
29539982,46.95737118362962
24242153,183.89871126094786
19568922,177.65338566391904
19638585,62.524908587420974
21644985,233.0559328405999
20942129,67.02885690170076
14353077,86.53138111826382
21675209,182.4383474542833
15581948,87.55520939341814
5281001,110.39570553439445
20946859,111.83471232099167
2590590,100.63829846461438
13548885,80.64529314859038
15703117,84.31633044153773
27869147,155.55168816876542
14206408,192.87959658819878
18508470,55.90852348469622
28333466,177.6237362229193
28659175,50.68952556048628
5805561,244.01373760229157
27659,442.31086163184983
19248688,163.86971372154323
17479736,65.5765871727272
16140364,53.095131227757406
27016704,192.08747388074758
26425032,102.88686823994419
10459429,79.80612822965408
5212133,174.23896678982757
19315218,70.6488429933912
1325507,243.49382272576977
769448,244.96694150270673
27583185,83.98505455689623
10185955,55.12710709952404
22088100,67.62706650462356
22231944,61.5839513946676
22452129,71.94799390788107
19856899,104.1247002022613
28167789,129.51029006475673
19317834,117.36741144399032
1600917,85.30615922229457
16533105,77.28347440667635
21815631,149.63069125927944
16865916,201.38485393570252
9824682,137.0845738669148
28956484,151.60075356871678
9740010,139.882893617222
25426980,32.456849253295836
26682918,67.48945160090375
20550251,255.6636173195262
29304329,262.96443342612605
17848627,74.95654166045965
13673873,152.29109537178485
3880985,178.0423188202608
25391624,66.9201781814963
27763575,147.610107282364
19572837,119.13814747571276
23671009,161.9479877882742
4659285,248.04040152084016
17813440,135.51424575208918
5918053,113.46049854749815
25544890,498.37587276270705
26746152,67.88675393521517
16274520,123.6459044635426
629000,183.79532434782496
14648556,63.98805306814544
8989430,208.084288267365
28860105,363.4628934005998
18052725,492.9634611410436
21233664,205.17159999329488
3647,156.20434878653046
21885667,57.978362647653434
19786572,67.19843567169465
19431326,68.4260322480428
20404542,347.267280168622
585369,158.34365843657523
7808567,79.19091020926413
16914748,124.08481223579655
9435428,118.82608482977848
24847554,108.90422352549324
21700531,82.6578441792302
19800250,344.89708646706913
22195324,273.4300327582023
28783876,194.47826933210968
18182282,204.75623516112464
11776880,105.88783185176776
19701644,74.96147319407352
7246609,210.28295893771823
425367,198.40018964327598
25487784,61.62737159780735
21999647,99.0123624530883
15284819,280.17751026138745
21204122,54.70315462295455
8749247,124.56788262645766
28732939,79.01835637002664
24378513,53.53397909719854
7280322,120.84296517110114
15989608,101.30126408472007
21711690,63.390215544955446
28385896,66.44551819673485
17027369,92.60784525878928
6478501,82.46750410883735
23514583,307.91090767020535
3675957,98.00457540847106
26803556,177.1933386515302
5352301,39.47982154447109
14806064,184.98329031085154
15158194,129.7261030623179
21491460,69.78872578256039
15455305,321.301906172618
13461718,68.86625947849467
14403574,82.28447993727492
26394592,104.24199572847637
1215836,143.7799683257152
14821133,161.47540452728785
21745600,109.36627597335018
12814717,81.53010297468347
8567307,183.20953088694569
21933372,107.28257565071458
26845781,62.898182228913186
1185357,104.69034009468386
27477710,121.75864962094408
4996712,121.76558712647925
16163452,54.564398710581365
21471517,68.23385554628238
6797129,259.27236036203993
8170072,72.02797299168952
29611279,197.65108783605024
18809063,102.2302708847238
14253703,150.9042758266045
6608246,314.93158841253893
15326243,277.3897429916423
18370979,102.0693295307381
15881766,65.27356217685342
26632496,99.98102007489955
29132728,182.54212927448268
1057022,167.9445085925382
27984123,99.8865999084594
13108345,209.25658123962833
22485639,166.84786230722142
12812577,602.2464173037312
19905519,175.6806959033726
15563647,58.66319234554277
12130620,70.15932775856271
21739035,153.97974020508866
11117439,122.325885727873
17120052,98.43626997976024
18647731,168.7415750922414
19156209,70.32961187059321
11728655,74.98587524807759
12343127,96.10143638874128
21064430,175.90776042351388
304799,162.75144971383548
20412048,247.38462076743534
16141267,67.16469443457011
9589133,157.73903123144916
27697082,101.85603672257128
21138667,246.21863366247123
20035645,99.36655592831323
21880028,110.64814014006583
23613576,157.3111965715793
2276603,195.24070607762084
596448,137.56508998669966
16725924,83.09940455442359
22339430,67.26828869333117
15087800,53.272031990558865
12381336,314.0001722680558
12899453,57.10191820912873
4877884,199.76333621040996
9476831,79.16758813187113
4932139,240.27989206182966
3495686,244.3033090194881
25835179,55.51004557173186
16617240,99.61278350753429
15483662,68.47009705354196
26927164,63.770363198140444
26985775,560.4575437277276
16054883,162.96436728393937
18063815,209.54609006009488
773041,63.13519928314948
472052,255.29370368484612
1203737,184.91672004499114
12114756,171.47822689748833
5396323,146.10770926086192
5823337,243.3845930165659
17752907,58.33747262529729
21007370,142.7757295011296
2269104,81.82389959172963
13237765,104.54989471586622
18629326,93.92634170074912
16814536,55.82439817117601
5451108,79.10691962640591
13075158,91.48408795053301
22715517,78.45805447798153
25156280,151.27896901840217
8306839,258.5990323529608
21354164,117.0804660619591
19162994,183.61569213978873
523020,128.6743460238999
24517225,342.20577873856837
26741049,73.65800541955846
19924222,73.04497313206518
5482918,53.45572390952381
12345615,72.89111908208623
24044352,104.40620242837109
7928219,148.11678590810405
28008628,75.06720125238213
26365124,134.49630368973544
20620681,111.20012824489659
3291524,68.9993037559537
14685187,79.1827966459901
17848298,125.57141762102343
8581716,123.4395692222746
12834748,92.87694223629029
20135361,292.37899674248405
26689763,57.81241377481672
14569577,445.7890084986452
12199478,340.0340744572605
9589086,74.82431982998185
28180560,89.06093849500773
5105632,68.44192447045258
6304307,132.10509714929347
22102905,85.84170924590349
386799,242.85142840372148
25264929,84.50957626121743
9992903,147.0216251839443
22985168,117.22162907105469
22194791,158.0822307673691
14479761,125.18248353162562
26385006,63.008965187457214
13114237,83.14298759992816
1428371,75.35440235373589
29508659,174.6190370045973
10069720,121.6581771151828
4603817,77.4499139145207
22792652,175.26697538926183
26802917,223.93008586418554
4279365,155.60768217196883
15720621,103.67824719209527
27291757,176.89219120368458
8650854,70.02257695078605
26216493,116.51954236726084
26000019,73.56828697341727
7148121,84.09059999884737
1635672,185.82878401610753
18569423,261.9566084007744
24146721,70.26989399399685
14070671,151.44467986271187
22985415,190.80005524834337
18838643,117.03223563069126
9839378,238.90735265600665
28364513,104.00690907146003
6464881,123.19879724210777
16230514,165.3746491326374
4428854,94.68108550970543
28051979,110.18592248137361
20425060,55.72968514949715
3056451,156.4993187819414
28130502,111.93619619311362
19014010,371.86159339643064
4814075,136.38901885044848
1166398,141.2446539988036
10053934,143.0355173129017
16146144,90.7268855036424
19887405,177.07630200649587
2537453,289.2486855146353
28833297,83.67208971233792
24561322,166.2032942015389
11581737,150.49864544260217
27223289,92.54372796831576
29454745,267.7731099347681
8627973,56.359450866680056
16037497,236.54746378468565
657198,178.92119939927818
15140363,67.3764786246228
28427367,44.66888984194066
5309343,185.27407346936937
23488230,144.59287206358457
4756856,67.42035958760808
23874025,185.9537968958692
29096185,66.16104100653625
4612802,58.512736818799716
19582754,83.32454568199833
5082182,181.61045433700818
26298124,69.91831931719199
14056714,63.71990703631363
1534238,112.54167359830946
20688175,81.45880225869062
23760168,131.48204103722023
9995513,93.46966131697712
28987324,126.04512304018151
755528,104.50588684477259
22967215,176.5567466055924
11420878,116.26692457342988
7398163,84.7301114060677
15956155,55.437712993196634
20406627,65.04124782367082
3885177,61.63297114323472
3912900,78.03341680523276
26134096,123.12143495314639
27029421,195.47150145571527
4558046,102.37967495295716
19757672,140.55077286154483
2325144,71.08476543716715
25406,124.72405562747633
18040175,373.4379530049659
23730810,203.9655568041545
3522244,78.45970881479025
15302149,77.78946692746764
16353485,68.35006756751949
29150883,276.8987296044332
18239876,102.94775993319485
3297016,105.9947221006217
23741795,126.33646539851055
6869363,229.29618203276337
7457099,205.9718461488045
11689818,99.29872232217853
9797510,215.57296490599182
27362417,54.29008878604276
15314922,66.03471381394878
1818502,75.19291552751933
14461961,113.27358721741341
21161707,122.94880817001501
16095512,129.29605532179184
19455149,95.19592948075392
27780321,75.71002308685546
15800402,86.77448465898549
29051227,108.4741059363336
202273,65.95225205366046
2447868,134.6894328211446
6540907,62.32823740247043
14280163,197.90099496444597
5943381,215.99799499620372
4339202,90.85983959494126
7435904,282.54366542944996
13082571,62.20182368540927
6806165,76.3239753874243
28543821,85.73220527675288
24735722,40.09620542095851
2751962,235.77904876126013
14491976,45.46981562305706
21100224,219.78498649970007
17857110,185.3673080448399
20476765,60.91801778742454
25002312,252.81760872886534
1944155,122.27472075215657
7916103,68.86768863072705
26721788,63.94791151295458
9747059,100.36067693606078
778390,104.92799239369755
15159731,132.2702144864276
27088944,179.0808818448977
10746611,219.65683386065743
20675149,70.5109949565138
16147405,78.68002457156182
7196367,213.27217010238496
12367673,118.38505130069319
18764827,69.0599852716281
22698090,87.3022814638324
2922453,215.33304085206223
536578,55.0715779226465
13377893,58.24423392677036
18070828,132.1746779777713
14186630,72.41860520222376
20862947,69.99731787280706
17477606,90.96392532566227
8889423,164.8972703350695
21932977,204.19399456960733
21028192,183.12854203029687
21875621,134.35124959379496
14423010,91.89895644016035
18499050,138.88722432038062
27384468,54.694742418677585
6507084,169.70778602312922
11453029,116.28706320596751
11294566,74.00981951975764
14556010,217.82299866180907
26332143,74.44985852128804
9713594,74.63683079229968
11669704,181.1279998880359
9714880,99.34761182644974
26080745,120.86476848884848
16523132,69.62231732067117
17632840,127.08461823733528
8501589,167.68544801177595
19602663,103.61059390596192
18528021,208.86043445885844
21010072,48.57195071987892
9669305,235.2494706555036
27957612,92.97745506307878
12990232,56.173784098906246
10105732,102.97331389556304
2254469,330.5389934664534
10839007,90.04345194093155
22772191,65.1194524962927
858223,179.38578637618443
20066576,152.46051035853984
15095005,125.51511624162559
26858181,66.05079140957527
26607052,60.975548804685786
24777086,126.5494031595789
18275502,128.06364393629642
25966445,253.13213222395555
11435529,84.9663525741488
22575619,67.15527364021801
9865506,193.68233227148278
15496711,66.84848928992893
21082203,76.97613840598457
3569374,127.49043239237544
13065949,105.91319477857739
18496255,529.0583454285475
19332658,60.00804649110762
17776104,81.92578022608511
4003231,57.45534264992307
15344749,98.83573001825498
11620118,71.70588742490968
28891856,88.30184196859572
8405555,59.91513465299809
197217,234.6493946948893
9051763,65.74595040025305
22545284,111.93111626840535
24282429,146.19253127069888
26784218,62.32213983582056
1924645,119.91618753809298
16088523,217.14820674143775
27278924,116.07164557733138
12881712,189.43296555143442
20002973,95.32892392416885
12561615,109.25697304388552
8165315,54.60146130100779
9918892,62.538485411361485
1936772,115.2939271287084
7696314,108.9949233384828
21212612,62.66614902948098
16530447,148.51551749923712
3833542,69.15539137309126
15936959,124.82454160851857
846854,323.20282840801974
28543707,116.69629344289446
18412771,74.24949279143483
16518787,499.3632488946186
21332241,139.34494988818662
16230057,91.36098088706656
27869059,150.37493871998228
9476545,168.76180059656713
20387815,107.02946353034059
15114715,57.39810227880405
19554598,238.38519364277053
10792883,77.12826127550572
12129960,129.34301208808884
20118387,122.13984714359789
21867421,90.02005811745232
20772462,135.0404166466157
20491529,192.2074217074452
4047932,106.8902272434475
18266459,123.77649612255412
23425584,121.398371003734
9544410,217.3843635517309
4759145,133.12305234464222
9777669,159.12454613080178
2931595,193.73619479691774
18992796,57.92473336324073
21878449,118.0681323855485
15038469,80.38103667804627
20961894,93.52480618884834
12252583,58.15528498632684
22503477,102.50156827431364
11040458,319.8373260756702
14707675,128.5508348774556
7927838,73.3384498429735
6657134,329.1402958222232
6284582,229.15903617530353
24065408,76.88925357772304
10677426,185.77378173821748
22432037,93.98357874142812
26514725,90.01984815851843
27359314,191.95642411189314
3624205,84.67678987768026
13912267,199.5388158893755
25798887,86.38931544500576
4694179,188.7440754308545
19984688,223.5369000574792
7957339,111.78881004453378
28253349,76.64113143870436
23733244,176.1464663221628
14683118,74.73787395008638
591565,170.9431460967074
6198343,157.4000339160319
4807244,186.1143382750945
7762374,677.5127614212952
26355170,130.9931190772695
16411398,186.73884981142268
5061309,61.490029425594116
23685538,67.81540574648967
668691,54.040868710734394
9884516,79.72068842800007
10755415,93.02869017380158
22329159,60.89003252430661
20213973,68.4297675329919
26922936,67.17470809974955
13442932,120.16900897914257
23572577,53.09120150235909
21632054,191.18329742483886
29689100,143.4949684583123
14302945,80.35369632591852
20271220,76.4630088623342
9844892,271.07219497333443
24798903,239.87025695492375
21741555,92.08297760621173
4707057,57.71367558602538
234184,515.2438097982176
13480162,271.55898545545506
13641888,96.41115956533001
29178331,63.765246886179995
18858761,111.54722925472991
1325473,65.18830417845089
10487548,175.5146318834769
13028533,314.34552396225905
3139918,138.37073504551935
16817209,85.20316139628684
5651968,60.70842403382691
29217788,56.561953607349515
18844533,107.91275530618576
10748040,69.70422086930772
19347982,145.29656139547518
28911697,64.79572838520515
24508874,66.47224363509409
28627156,76.08322466790719
16338348,174.2072242194226
21178117,76.56994743243666
20689924,191.14590897581536
21260075,382.10069443289484
11553426,182.6235966944616
15833574,93.1588560747118
94209,118.0586263840042
21529099,88.08908323237188
16096372,155.85464946807664
21321503,380.8676081581443
12888052,245.4700094485319
22690429,122.74230326117099
28626448,138.28962690119772
23221581,144.64153742691104
3468914,187.94648431971225
6471117,50.587312701987855
25475989,318.1679554555569
7455635,137.87737309098216
9698613,59.49106605681664
1766843,172.7789625157304
4537520,169.49530589452388
18180989,124.96707597417037
13064336,58.358614539708185
13415100,265.4489764709244
26251366,165.03356425182344
22852022,69.80145263215192
17130293,105.87356278202424
1815211,194.86872312056016
15379574,157.52227177041868
19730968,77.8801632961452
6971141,205.02237589366155
19810585,153.01233784262737
24828925,67.01813059275764
27840650,63.643473493319846
23278026,140.274202319186
265064,82.98526003115552
9505111,206.41208349318455
25688649,145.7449496366573
28885309,86.21707739331093
15131952,71.36443059959916
14351733,75.95305711103101
26486542,153.61143043812686
22616796,66.68710986745702
25344034,53.76071113793196
20573818,103.64087999057948
14361172,519.3134988249305
14373756,84.22677550235464
22529877,55.668010467081665
28694462,90.43385762985974
5582038,132.94363404481726
26817656,137.23362310753362
739239,184.58295228010988
13997539,139.3402367465592
27593959,117.46659404542466
27141013,119.56928956196515
12446548,74.61067206100363
15564955,130.8573657547802
1032127,242.21108717513303
5572024,77.07556320618409
5205171,95.36501926080204
26748307,247.8241135104134
18390907,121.79052607174354
27807260,94.10663674764432
28944243,70.34117355417106
25860406,100.70529245565614
12592427,99.0473174932634
24355153,164.64036866812117
26430182,213.06715733582553
15783953,60.01809618837427
12864193,429.54776202455014
8535332,87.71663211522689
20420152,159.37899533429368
28053907,156.6917099333458
23105764,201.21509244336025
26320521,244.47998011326595
11737916,74.84049936127712
28976241,111.46127383159917
26557068,299.4550309830653
580323,92.484517882293
18268053,45.33146907629028
13216357,132.2005849854095
10847705,142.0759966739369
20476379,172.9478789976531
22524272,125.36959403340124
28561906,116.02175630799019
9618986,95.31375088667937
18311634,63.299774025275006
7956593,164.1090846698577
12228640,126.90031592236033
27949286,55.88964371029502
14518257,61.91212031734778
23523462,249.01893364751322
18585458,117.21647155868624
20526690,197.73188456487858
14840286,475.17326117229214
24239222,118.15135272832016
14854453,63.81033858420377
23760540,113.99805918266009
790767,202.33026296139906
16051087,137.54017617299374
15861331,78.9189546719738
27675173,199.90949767523827
6225974,72.16541575458082
25005483,332.5460358347101
14634272,64.99929750119338
24394220,134.85313116349957
3782457,167.92988267174454
16805103,224.4516527510663
20028865,53.241181663329485
13711904,157.24489865538968
7745868,55.97498565253672
4950807,119.71443929280815
20650014,162.70117067735745
28206135,69.49154392467317
25833266,61.729330579795146
26341895,209.21862125312148
3357364,121.53243340907376
9549544,651.176122568138
6543312,188.36201984415084
22166117,65.20259823677513
20170965,65.1595076164379
3324498,54.72826091821381
25267961,199.16394398404827
23002904,520.9081420514506
2041283,74.73970375994433
12323423,85.95468377281243
20990053,111.2134161190966
25076765,102.96738510086526
21477403,144.95704961957992
20991704,137.03719718639408
29450310,208.94653674234164
8080730,407.30512642528373
29541616,209.08602648275556
6866419,81.62878711987914
9445757,190.90209919107755
7471859,170.44970513059067
2926993,240.3489493746354
15007810,129.3807750522288
19906578,139.57791918082128
25031793,189.1951638440853
22686751,191.41302012485326
3344177,167.64555860336554
22449149,122.80633294591416
24467654,95.93861106229677
17239021,114.47706530684785
747344,211.7066838748605
27772671,77.56864024057865
22772570,80.21064694469248
14105177,168.2214996940726
27547589,61.965178799334346
13771435,173.84498982841367
23288667,148.33923536836076
5270589,118.80727633180244
13786392,190.84212363698205
26131195,190.3888395268293
8612715,66.87297627447573
22354171,60.84981969642684
16288338,170.87328077635036
7206075,118.72863386957086
84659,174.82129510450577
19701453,124.66791458624937
13526398,170.1021689927022
22477689,443.7497225268914
1583653,115.68136307149301
25860068,102.02851801925397
6105240,184.5841629172542
5738785,175.27839160727862
23360409,123.02759363945977
27960714,110.56760168311838
15647522,89.52877769857612
28177778,109.1649220078363
3930878,157.59357858235282
13765949,164.69939283409246
25934215,510.2268760385588
22407560,63.566621831390016
3072242,108.59542864506794
21291807,95.47358126182183
24987915,191.58628478198258
27850610,203.91447088961831
6860656,211.17893746742456
25826202,84.08545508368871
21710003,150.8238297386367
15732405,178.8369532439723
22715051,197.6987758511998
159749,98.2295323867778
4295733,47.60558312001647
17300881,183.1702152815368
26778845,89.64552681082996
26134638,162.80239346979465
13716080,119.27179443708968
22344445,127.92492697246239
14387555,91.11311095601174
3911632,76.28603407593265
29356635,95.75831430729825
29275808,70.07058705204702
22970376,73.28000883057437
17583983,74.98935568631565
20176000,58.63441727434776
18240637,74.48827767860946
15180279,128.89702142632305
23771286,321.7841372256866
6395425,65.87333350282256
26985203,485.16022466558053
4203460,201.543235487698
28001559,115.73187171195666
13355757,110.14468774184279
6509338,113.59222699433154
16637954,63.02593840172486
8287001,55.67456343876427
27113535,180.73775771423928
12482870,69.43161401709794
26599091,157.1273915193399
3946177,280.64324231874525
18507990,78.46591559227899
25507427,123.37699414296435
13288854,69.03760329585971
8221965,391.548653242213
7349421,140.64284661660608
5519207,83.95945633356963
28896148,68.80226720004417
20057450,116.9290174090357
25057321,588.2125865285707
28545365,62.7741253759957
4904582,66.08941927871551
23613174,65.54530243571911
8589444,68.28001297094424
752783,142.80524874172832
13905835,84.83824455174958
5571405,85.06440565518531
14779590,67.71271753326369
17224797,155.8695715611415
22232396,113.52213017232604
18613432,40.22903844187913
13157014,171.2213654820312
25893890,135.4732317729404
9424118,152.9076193902629
12807993,158.25190468575207
17774316,60.10988448421944
27208517,57.309808242556606
20305686,75.70814111224065
22077920,241.324896052674
836720,209.15467160784735
17252037,127.06110890808804
874706,135.77106605829195
20034244,106.4567826437729
14296562,231.9427383710716
9315567,93.72983530919412
23858105,127.73121559286558
16351193,51.07562750270247
22344396,53.26361481978737
22129294,271.17664173199546
19474100,71.79909698758361
13408222,113.69733805788341
3476105,125.09806339326902
17719455,69.6481525728501
876355,131.3091580784995
3710230,245.59746905640017
18852245,68.31483087022221
3369100,125.74441979878691
62891,165.86308985562985
6045055,96.37582643005301
26450833,242.61125612768765
13191819,182.1877578086835
6971750,210.76278345621765
10732197,88.05031012664733
1189378,441.39053701022794
27697669,157.06391514738993
22435288,97.76976385002354
1701981,204.69298274421445
9514663,76.43039792281988
2263265,84.80474902868268
27107511,59.881278245539704
10354038,132.32165398473208
16490625,209.5928909296131
26449028,84.36912071269248
8151782,99.53692851378241
28011745,153.88937844833256
12301343,243.66684092175078
13495628,178.2771145363879
5940268,52.77392846241614
9576230,91.9812180542164
21212060,337.85436911032394
8883269,98.9814386470993
29519897,289.4810541358791
6155072,85.91604263931724
14798941,62.932970275838876
21348074,175.84149865939244
1640992,100.59054513203421
12547510,55.51703852835552
15659791,191.21733641792102
13208233,127.44919811007149
2071941,168.14026244071317
9526057,133.37278801337843
7905098,75.1931880825486
20092369,54.87870738660565
17122439,142.96792322278455
9708577,205.45469861178938
3613067,92.00023921772468
6364324,55.32987196499986
26260012,136.91135134007104
1127040,94.42462969100193
6302460,64.8466600437685
3303382,172.60006003539604
15866130,60.86607912976829
19875779,158.24548921123866
16617542,83.41271297069316
17684067,56.13975577478916
20498261,212.5749907951896
8186068,75.05900953171616
28662351,87.72298080701167
26413433,78.86261438045868
1847096,160.64881524714363
13464927,160.89673343141143
22571029,145.89337847389592
26440780,209.5224948916691
29701847,257.2435680554975
22308312,205.6836607104128
20662567,115.35175450221114
23766668,221.5172390389118
25867344,65.49386338178239
22794818,95.19852321920098
7987306,62.86206312995956
17422489,162.69264181781452
26463879,62.119545762725515
4909949,152.49092719101776
27422684,39.43380283920403
11698202,76.11196584933414
21747719,80.69890129878418
29011574,408.5005681150023
21978366,72.05538058917621
29183099,133.9117736621695
2102651,146.92402834471497
38663,412.07937852656806
9453249,111.8399852045027
21236661,149.30924803192528
9063028,178.12673430854784
63588,72.12625925066448
5663222,93.24900385592616
6990524,345.5951410151641
26156691,62.64378276509956
15360654,108.9202769989724
18828846,86.61810816514446
19790344,196.8021206465287
10949554,122.08459975826649
20089288,42.04841665654012
8668418,181.76412232028974
11679675,100.06872541629109
12421102,127.30206271497495
7563493,71.3187047412925
28184199,64.46790214883687
193853,160.28509304762653
6822674,109.65004793600225
235960,185.2115386688629
22570065,180.32511912424044
12360207,149.99000881461268
19305691,272.61370264040744
14012883,153.64446156604959
13544508,66.80982802438444
20191860,159.08935127405803
973653,91.38216440777946
28731788,73.07580259908754
25142240,612.4933752702918
9937307,65.61671569682032
8113156,92.53101583350129
22903202,76.6881703959337
28639271,480.29440310903175
7153138,113.75090664071378
29634183,32.92089587671531
18568551,183.13689346668218
10244467,122.58769317587308
14706575,119.16291537540047
28609526,51.22590307377754
20928856,67.09311639930486
22360679,63.22889956226039
5051094,62.29590428941421
22293539,50.389255631024234
21568479,97.2739042054783
9550884,69.90838927298994
14807078,210.54935696516284
1005763,84.22529196339654
13604794,104.87974589303367
27017924,125.00049529472591
28497028,105.26658450820683
13297312,65.95316935573265
4481474,130.28586002322402
26857281,139.0466978852411
4720789,212.2846122951424
1929186,160.18014553316797
15757832,120.06633055176286
29057992,103.38286010287236
9052018,125.74607043857152
19677284,74.45729467943636
17233932,125.4103970809752
14716077,80.9878905166094
6216318,66.25967268428612
1408914,209.32876409247012
12598128,260.23843878345457
17512865,224.89107510714305
18108134,61.296684484124484
24623151,256.71760848318814
18767571,245.4533736749438
6590569,108.55296097951253
13673459,147.97430902842905
27831511,158.55487494403295
5191617,65.25405715062799
20440757,73.4101214828135
8683610,306.2951233875
28757927,148.42956876458075
21136103,73.43722630199112
26688766,98.90789244123998
19036742,83.63766059475626
13968722,114.26651681415706
8680417,220.87538358465451
20729530,158.862330323345
13451786,78.87692362882258
12086985,80.13234290178748
15333336,73.52366190342786
27191462,72.27298889360006
22343961,206.61932092344253
11100490,453.70747280251135
16284730,72.15918965580579
21583472,54.50135637788901
18695104,117.14971824283685
25946909,116.45989995091088
20027393,63.78594559978384
26526269,104.7187890871681
23435615,63.24823203213367
23875452,137.9685535806964
1828063,176.10231531408147
27125791,174.92770016133463
10019508,62.78714276584558
8408085,150.44859462578063
25371766,194.58763555106353
13750770,252.90671592028127
4462491,231.62143313659115
19560761,71.48184255514973
25860270,118.07070626862101
7307468,58.775788351871945
27672277,185.97285417284593
493611,230.87497320138402
2569808,110.91351218118386
22377515,201.32670633923644
18962722,250.13350565960275
13318239,167.11258584603385
23110266,429.20293391574023
3520418,165.19292878214233
9506777,174.233572228801
29086850,84.9687253199215
16519069,97.06667216488965
13495754,64.76724755477643
21271180,57.09795709442276
19759718,101.22370850550807
2284484,186.3906615852526
10099859,125.94347805216164
20758861,365.67321030891594
28538964,175.79253601634232
4325329,179.08050125963632
715270,66.26435031401996
25098948,99.30431560188258
20322961,244.5848948536429
512209,623.3881574300204
15057717,92.81926654124219
3737847,57.28306697650737
16817468,85.20316139628684
14043418,90.6826755698567
24732974,113.35620988533488
18946117,160.81842941818866
10788568,255.6834175013029
20720290,183.21837551745747
29445977,328.96448654966633
17280743,255.01818904827795
5523654,321.96037563724036
9549342,157.50473545840575
20590523,160.42471014634722
26132476,88.63286365247575
22121197,465.89472605071387
16163874,155.1188882213182
24831635,52.28249359580244
2256519,219.9123409328689
18288828,99.31851740743627
5194812,72.2827849022815
18003567,436.7896279728986
13848005,199.6781613984041
29063993,150.39697781219732
23040115,136.63117224586776
2066623,219.38366262839406
27846558,62.799991577963276
2314392,174.43763973006082
13694429,76.82158744889978
21591672,59.05174256906528
9810506,146.08002802435837
29178995,70.42853540744291
26925195,245.74257856433505
13722149,168.79068280018075
7800835,122.37698532390748
20639280,133.59408379415697
29237220,388.1557031354029
19570082,56.387224068815804
19197129,36.37503050836764
3383382,234.97598675250515
11531130,199.07520303194292
28247510,94.97504044510633
8164253,165.14545196795075
18152855,73.56061715860307
115748,111.35035295550846
13525308,122.71400711473233
29659752,76.4862488454208
6921249,200.17140805200316
18276063,81.48996810160175
27204807,302.2197952600622
3487445,245.76958932449818
27678522,178.9563111050479
14480430,70.90134771529435
14805984,98.97995041796393
26735305,105.3914715861576
14012606,723.2587355083474
12167819,99.16874008876339
10527142,194.9195706152083
21593919,142.19418175310707
29509030,57.281785725913295
17242854,61.25796693928413
651475,104.99032115165768
6091208,78.61816927831052
21380831,137.1404826121443
14015822,47.4773373204332
16368541,76.63045160979334
12752736,98.81262765623342
18666300,155.75011433172233
4144162,54.92611606066523
23660732,183.81451796329347
22881182,117.61711197057996
21786868,152.67097393621137
17919742,129.63151255126326
9451597,46.188617126177455
4512329,73.489356123156
22231453,73.55239516599121
1526741,81.143273279306
29251082,79.25232765494502
599336,68.85195903803738
3457822,51.68711890930718
6865662,230.94978897211558
27905904,131.62435324066686
11844145,180.70480210492016
18803064,104.62174423261717
24808062,465.84967943111445
13294137,89.91010744565294
5857515,221.35495443150327
1586608,76.68609993882983
26329674,115.20161507161072
10031933,193.21408567940605
23691189,47.457286438448286
7160118,98.66836598441937
11574785,106.60279988208026
17497867,76.59284199553453
149777,109.84705786009566
26362867,67.59062564337235
23626248,92.89773744590241
24805679,77.47211860490563
2134697,200.91057374202185
20203454,289.9045122588744
24857291,93.5594456601849
8257211,50.836309834473525
13137665,113.83826111918074
21713128,55.477732360046126
10030753,316.63084847314434
23630582,120.10801284699573
18611347,70.5010678562225
28126994,238.9146169367242
22209413,111.44365090659744
18611565,151.56656921855213
13605171,108.14668283176809
21206002,201.4934934426783
4908978,198.55391219502417
13616940,176.2675718528133
29331258,150.5393590190936
28940025,106.56837151758725
8162214,91.96879994225672
18305649,135.06495091435798
9490080,158.97769250120822
29370151,45.632960902473265
26489955,109.41902402003257
10127075,400.0406938518451
2513351,63.43764356248594
23580781,640.9981595683247
24311839,51.011945980895
23935141,186.35403099946086
19313483,112.1554329405116
2889781,137.04780271564772
9940966,160.48198061088144
4377410,57.31201176278082
26475612,135.2414463031923
12387018,226.59136981465596
17529947,146.7544594729403
19572959,55.04183674359314
4611203,178.57394668896222
6064471,295.20092410997864
29487530,153.00556403421177
14967904,95.18234915357671
17191476,73.09929424654005
21693068,117.96175710169219
26599360,87.3902562190711
21460249,121.7525510543033
9452887,68.09675596277208
12966771,189.14775162830654
9867830,79.73171409233345
9269126,155.57621450676285
25893935,183.25328313453556
27528935,71.23323397237942
28810799,66.8922662639278
28101852,92.68480166262476
16790334,68.6905322610624
14823526,105.62728638354771
6994064,108.9334329756018
16238449,118.242765218504
16325919,71.84678020153747
21570741,99.59414664405953
29436222,198.89766916518667
15297704,136.47507514214462
4137645,90.59585503854471
19049449,67.02790005574526
16122441,141.9049988312985
23763367,131.72687141893803
3373030,171.49935817306718
23306219,75.34204372777378
23417806,195.1509632468752
12400242,194.99141809293712
28411960,95.33790529687019
22148073,64.48779242539433
27752346,105.16126804997344
22599828,161.13072823510296
13007629,214.40595047638598
27370992,170.4944121032952
4041351,91.36740442649591
24033812,90.64500776632396
9837588,113.22219472200258
2186452,560.6214070353825
2101349,130.71869408076319
8866894,116.91689896937355
18199016,77.65025138470368
6347548,119.09945038192843
8781396,73.47237326868968
17644428,122.9213401271819
19460197,86.41176578891633
2089492,164.3599948155081
12308695,52.013949706731516
16145034,156.71866006978289
9767864,47.978064492793756
27417181,357.46748951765125
16326,293.778980512519
28781948,287.2122243851484
20206499,358.17958928924213
23464662,57.77833199969613
4502545,261.1507760967192
19760163,46.66519365503721
17366110,440.8770973679705
22448088,88.8791990985079
13815162,87.94470833183874
11296570,210.45152126097196
2414157,56.07826549491648
19818960,118.88643703583894
9050597,102.14045832312358
29316878,77.06531384830141
29309206,212.86701504263843
19788051,234.59215323031117
9739230,190.26453899557723
11140165,318.7131215271491
22412331,44.64040450810057
9137533,167.73684147269998
6892731,180.14672594471992
2817967,153.865085855787
28026246,335.3899256305354
14776203,50.074467568828645
12569216,564.2068627862527
29417894,121.65617724723982
9644389,182.29315925623655
329310,156.08707731599955
20085472,61.77606237569589
20184138,98.34382779224416
11922333,69.28753442277974
16395163,81.20112404395735
25948403,123.26928742925361
8302680,244.2949628639618
19877695,69.29821921279365
10298748,329.1475016047587
4250176,66.73478903395397
14126610,138.95385972286837
15967266,55.13063310599182
26889078,119.93627733007445
18503701,87.08695289124495
17604756,139.5679353913653
5773014,165.03667640606696
14759511,76.89366701427103
15034150,164.40570190974344
10457522,97.44271578263772
13975292,84.95521431793317
23451337,141.2211076726143
23855151,79.59663378979945
19924036,83.17384998587862
16311386,248.879927195315
13529037,149.77449723264712
21609205,56.197427058321814
3421607,62.58497940699547
28013709,243.53743885236648
10527274,125.623172898643
15659787,78.5449911919806
6806282,102.08185378806651
20914425,101.53942806667591
11190303,106.87497131276909
16277569,61.09327016117317
26391060,136.6279997311201
20844601,84.1518291315466
1112407,281.02487775180356
628227,186.2932355831202
3247291,80.35711899349212
163814,167.53244475428315
8853511,427.0153084088711
10060147,78.55993772393869
16161905,142.96922667118073
15685669,80.17537077075524
2671402,156.14929359687665
26784523,137.18828281542883
12674934,103.64648074648932
4823971,245.35641040306152
23104347,115.66967659980175
476983,77.24698273960328
17015790,78.57865111067728
1970512,248.95825815078896
14869271,142.55585806808062
24034969,87.68986998692269
14067559,70.2081666351704
28045230,174.04404633509066
274062,94.80554046593501
32023,144.25132988993838
20034180,71.98773959356129
26391661,281.8218880212468
7360214,70.69696770179424
20064477,61.595934160130504
28850624,74.51921483083648
18066733,507.757125300372
804194,182.47544480934712
22214408,75.12954659988556
7715344,169.98821827557734
5210286,126.12828711747723
14141215,79.56153522587044
6737048,137.50030519192669
23436058,209.81233255495667
29129330,104.36755326936407
21549898,218.26165186909392
23325358,74.9876077539887
2686412,71.00409530103387
22504678,98.08363892234541
5476046,481.69488947892734
22087758,206.50987064338153
18407764,84.39282982464209
16588866,81.91558318604667
29393448,105.57333506839045
19038815,67.33828292561076
9899132,145.57955118913569
5127571,92.97574459094245
8864404,120.57533326468565
7543993,512.3450600248362
2310542,138.49767947592787
4982699,119.6687170797827
21694344,95.04936661203088
23385746,89.15580754300866
13633680,200.54735608438978
12450817,133.700601796668
12681868,77.17908654822371
7559836,55.19351929172522
10055548,223.15463653978534
8764617,110.4242139659599
74240,147.88444766078297
7858532,52.5166720940307
28816767,80.11262620330915
23263180,199.81132241909776
28688612,122.50369915173945
22404730,180.86994706945316
25766100,98.15742613614184
25167654,82.12098144484042
13000571,204.98707579825108
13183826,50.902195773262456
1762513,189.6219671912901
21249456,159.0897181069931
18297633,56.8564431337988
10611924,94.65476955219543
28371132,221.28952033224968
5894824,147.43155751881753
19066190,58.53420219542795
26324904,129.50905592264866
54626,76.56155970525387
13477359,90.8285051728838
13542884,82.39297393580921
2707194,246.46617000886906
15930864,138.73293730524495
23882425,188.64732862524795
28341954,116.98121333768961
4824847,94.17595187225447
17574297,94.72656825134341
20917327,116.90419137194361
20070187,151.37719711267334
10958668,77.01455225463276
21428625,62.38392598925702
10452,82.95541693245616
9987543,74.1232532863537
29533666,300.98186708073536
29588461,67.45704366258173
19919747,212.8271501638933
12990578,137.35121772893342
20589142,60.03350435026764
816637,124.45760029782481
23742897,308.30922962956816
24355927,93.45609676397771
8729960,91.29722302139108
26496645,98.22602837140282
14472612,401.5651168890693
28437554,74.18491630997484
10340994,65.31496833702923
13667633,189.82273863654152
14588521,219.862494792191
23811316,77.43076723628167
21358406,62.12196721799669
29058269,80.92581144072767
21848241,75.29361877083925
27460536,90.70549634150454
19120752,275.499212360951
21712433,125.27365300946121
13980004,147.38515653003213
10090735,170.59501179500023
4343312,78.75243409617018
28314689,498.55796484181695
26279108,57.03247152520549
790682,104.2401652043925
4833294,119.44900928370544
29338555,94.46684037490229
21710913,112.34913031112829
20844800,219.72617589013248
19387438,61.34330570092627
7254023,56.16901170660133
6428942,193.11974726733112
26131004,59.76135364053453
10207629,200.4061676586358
729771,187.84080007842795
22249805,108.04643282152988
9476397,71.09416978150419
21461350,90.93701537100385
2365645,164.20754936707985
820953,123.77996057551053
16164497,160.49454720930382
19154395,58.12127385379305
12028322,366.6624728690162
13727995,67.54882299482067
29654943,78.4646163839325
21359078,114.15223232372519
28897899,115.64299590340113
15983139,143.38391040374088
6198636,130.77862727374617
10938202,79.94074326957605
2723338,67.8769212736629
27128828,91.85914825410492
683821,100.06796524724156
13653798,134.75833793008397
9563529,81.61588855782074
17515391,128.1318082657331
19386545,78.0309879792365
19929106,207.2210692657329
15735169,136.85407454312553
11439208,91.09785349408837
1403870,395.4063383088948
1925956,168.43770354379578
8382660,65.94226059037675
24831269,471.55225800466786
11304325,247.088827236499
27763032,148.7927260325778
16159778,154.03603128670915
6679376,112.73656405095085
9107788,378.0592524198773
16450351,116.86714196714381
820801,155.0403966949771
14355768,206.24025512882295
18788839,104.80400625522496
23924630,181.39832931732914
9591771,66.96104886038331
8301131,135.44615714955228
10127534,232.76097790139102
6863948,136.37330618133365
6939758,91.38089514644345
4920912,237.26800446279984
23377158,337.14826509429594
9167889,122.34432458830072
19808508,70.50012968797118
3816499,87.27469817480555
11517530,211.20409231495304
25085634,54.22495054678896
26415648,106.03396102930422
13942921,66.10052260315943
10595374,406.1074888182183
10000943,170.76736757677918
28257916,299.5198388721071
715481,94.68076067144449
27288051,75.78145257852205
5153123,119.93440418595792
28933616,145.9910032320686
6778747,290.10071548516953
2297029,307.6265745906716
511733,120.03577671058758
29116860,221.4612825854699
6041875,230.9586887639853
26062892,62.917303593633214
20280610,252.26345059648403
23942859,175.5340419041585
22274974,57.79726198888502
27465708,82.82160858626406
8757920,151.69166032254458
27814780,84.24778793018352
21619743,129.33302808899205
21965119,115.29378623004654
17718694,97.78516355333885
12061419,136.74470385090356
19642392,85.73319774599686
28313785,281.1817549558057
24103241,54.52847475066179
28719635,115.67090083260244
8470281,65.57051342481167
2302803,240.17246605384852
18035113,124.59380385060054
898861,108.22709505502668
7095426,139.38721077424705
6748711,182.1040846940767
2925138,367.31455624591666
27458304,358.0628004252437
19200160,95.90372747680965
661814,184.38933023480374
14010252,220.0863957730463
1925062,132.32524300765658
24305977,66.89805488373501
24451289,301.5844914671084
29615909,118.39509523921485
6450254,225.2617924647934
13884253,76.59497539248508
22618211,169.65286831588415
7038801,51.707846119738214
11993790,85.85697572293402
24969653,127.21369234361215
20189290,89.05228725078632
24835618,55.45168067973495
11359913,762.7927957378306
17496194,115.29611440090137
10390256,148.6498416188559
7802086,106.15173143787722
19701037,175.23538551254356
20910700,157.29548431426716
18506841,227.13688510153648
7437454,71.10918605119454
21501295,373.0437544428434
6099485,83.4291148566274
7394136,74.96521436720346
5811254,61.43419557952018
4440020,188.2246647579399
1186761,131.95037270427125
28492943,100.83248828640923
11841709,228.0366658476365
22586922,79.23552287548675
23516999,88.61905315207214
504394,188.6511376440059
20006934,201.64691726207823
28412322,91.53222073403009
1115381,97.73324019829181
28135693,38.40549595793399
16912185,88.7560853550702
18668571,167.9390405093129
148825,196.69002492299842
15342056,61.528540099436306
22307248,161.66154232935233
6612737,94.40352674100934
21677335,52.682219231586735
7199049,66.9188996152491
7398507,154.8759390264511
982038,116.16138250739498
4183989,77.65533510115621
19503971,81.53336925342255
9959880,81.34639091679742
20763758,256.03868190875573
28044146,50.96893805722825
13003338,99.78262011204845
28987817,46.91434149157002
982276,115.10185308982362
2538248,155.94555250729442
10053592,214.86067582141936
20482262,81.22484119648152
15736079,67.28043942719852
27934562,51.703023150862144
6914332,77.200902962916
23054586,69.89026980341923
7768661,207.772302562797
2164631,163.752661979691
16241503,62.49582465664068
15216124,102.26728228900394
22911,120.70571109384719
25611702,236.79888045673047
13489789,57.487865430911434
29635732,151.8258349884646
13532634,66.15190261918622
552519,151.17892438912756
387666,85.11845908391724
10705985,93.59326068802636
20017584,69.21704644894099
10526335,71.421799079518
23336877,200.7010990312772
28831635,151.20218616406603
25421873,66.73352441887569
25805422,62.942848110238344
10519216,144.31710947020463
13739108,133.93828056364978
20802217,107.53035213753844
12052345,56.887466411403274
21851390,133.22730997150109
20557646,65.69860994581911
22358329,166.68571801089735
24303775,65.45482612396033
8129389,97.29565913402723
9151490,279.2276394480645
18996283,111.60964822101057
9752053,76.82273774101665
18222359,129.99741120752256
23764348,56.11483201844812
22030831,142.5875949300653
14669267,214.2339403667717
26333121,75.55263458825569
22044485,68.03039393290202
457822,195.018205294196
1728437,57.65010322655092
28917395,140.62857853829598
10731680,303.4418723947772
29482218,213.97057855668186
21324770,48.64283324311757
7798930,225.41816423159813
367042,102.05221279990529
29518129,89.03473894967294
16288598,57.776472301207114
18731641,138.24342726252755
6627016,183.8930376895921
5285582,145.67924159966577
28963244,390.8548141103952
9907257,183.0231618233951
11254989,177.1474007583297
2936054,216.30782736566343
4037522,62.63956992569124
11885446,97.0472432389853
2416104,276.32986723241623
11047353,70.98714457719679
9325979,254.62717453788127
15360687,104.27682579136247
19327636,166.44395200963717
29005507,83.60367864006754
26757602,63.61632379415912
26773228,56.13084815078895
21552247,151.85957823968306
3172778,258.81898230444546
7743287,86.47351026263038
14120431,163.6830956865323
27601676,273.2171682423737
2276065,285.6582147465701
3718713,109.03128505841231
26671522,108.13338700969496
6031904,124.54578998445804
5031539,294.99545842868935
291764,74.18993611323246
7339716,231.53936283790563
24673017,577.6106836548676
21935245,133.4478215484812
27504607,91.59665953663374
11928097,92.25949959420512
21173263,78.27740705779381
19438593,65.2348042366087
28052259,198.23674060912768
17231011,56.74979314682796
21433817,499.60313444869166
7323905,156.93591844145757
9696307,132.78244090513107
22046692,57.300903526250856
7321054,60.98850714135413
9457285,158.57710762085443
12902975,66.74453320775224
22486252,210.8079963161329
13556846,64.70957718557419
27399884,203.48148877968353
4155012,189.04935573499506
27839014,147.47184748255415
9040792,64.77767971061586
504362,247.9062550476499
18577989,55.043097929386505
18842882,152.84362065842788
13126582,216.85860271985993
17560078,167.22105875554817
21647724,190.99565184252933
4250746,174.54836384526746
5641857,242.79692265899283
28443500,116.82861144844715
19206550,66.00899354294674
22247825,375.9319979041275
28785091,68.84552225964825
29286966,91.03109375402278
10589684,135.27672468053038
7808346,294.77848333395997
15268654,177.434788907452
26256359,46.395960486612324
23306520,94.30539924887076
9989842,219.81476005749104
29212098,419.38148760858274
8194497,131.14981114091103
4074892,112.58971335132544
7857040,64.30904280591928
13204229,96.6385137312273
22030140,176.47821822786656
17304795,90.32441020621498
12570895,57.303367910456195
15545469,76.41097959774011
23597250,50.54752651237667
18560569,171.22646922606273
19993470,177.42906255568028
6766169,113.66005605542085
8513839,140.99252941802652
7325230,223.1781184180737
10058942,58.480870766889694
25079735,59.72348886685628
21827363,82.42657376738374
14027110,121.18872015445125
28217921,103.17621054360029
27304923,65.74216108097494
13225970,138.37473633194725
28964584,88.20754719831662
21260055,142.79883872056106
15181451,148.35391806663117
19721291,68.60776852390079
24345718,132.97944748124954
6451892,86.970647547696
6349146,102.69777928940796
2989394,110.53631144713093
24159289,122.76118195903432
29352755,90.10601400267792
270315,54.77727012698289
6460353,123.94991438832706
17751140,52.41046004737196
23626598,267.0742746530523
14803710,88.75487902488419
28386154,77.36063141016403
24775817,72.27949851096987
9996642,93.0864385958425
931352,78.37349412658999
8206060,185.64199224429646
9248239,82.50211084800397
715102,69.68338550918509
5267177,117.60690351799728
16338143,66.45177404213301
18932586,106.94559623758595
19470886,195.7878517969534
23723970,72.5034293359562
8334574,98.39197541039148
23689295,64.03604911928127
8594833,316.8936998020984
28384184,59.85998477476972
29562290,72.06115993280822
31555,158.7510672531207
15345019,163.06953400342275
26190785,57.261070230022085
24851556,74.26682297409756
10958463,79.25646991073175
16478472,211.70771238239334
27015568,69.02705839288804
19195537,250.82970668616758
15467900,135.73092533176282
3042553,95.00585062750325
9995077,74.11183062000424
482365,162.12154027483038
20605087,52.89357792633075
3924397,175.9384945993777
971247,156.84114653029434
3350417,71.10317806168592
15337044,73.996267610887
14330688,131.35857855397683
15497821,637.3495355053127
21605900,119.74518039664237
10267034,78.28656763875627
16506121,59.850644845594225
28989914,124.6552903873308
385853,100.29792142331787
855573,179.97681579289772
22292535,76.28874276202963
1069758,62.67124717739654
22166900,235.80563150019154
8347980,168.4557068675657
27540824,68.64274353393337
23420032,156.31583791169174
14246150,188.36141353794255
29655330,440.37932130954897
28826608,106.8502089146378
29158689,161.86433735216738
22101034,68.44895667592311
16171678,130.19932743167809
17558130,97.20899250631844
28416902,117.40193686418895
22453638,189.98994356064142
12806491,70.12359957503755
20514316,277.0756504926995
27846659,168.69409685517766
2243321,114.40660902613666
19346150,116.99204875218095
27703806,200.0404583604949
24245905,183.64208813740132
14651787,222.20711582443116
13520598,197.84019956415023
2875923,71.73406796137316
24089904,117.9447327606053
25517197,517.9745183014171
13997902,84.56259609060557
28630736,90.35531517001185
4397455,143.11233083157092
25011804,95.82932405649291
4906823,56.69952565516314
23307751,177.65138395408712
21216288,125.83449866785959
10546363,90.37249087145015
6598334,100.63049592791214
17796507,54.24104838018684
13314752,78.75603221969753
19875728,332.19743114305487
22225504,53.33321024318505
26741585,86.57172047801332
27604639,115.60045636855152
28965565,77.61810744058049
20630578,144.5101272282595
18734568,78.38352903757661
20000820,62.63441405846527
28195632,136.382609957447
365227,149.67265194541554
2613864,222.66515177254504
28240688,459.1823248405662
9274832,183.99634673031827
9992525,70.12106331473215
14756990,70.09747498478761
9944013,100.31420053640174
18387366,62.79650927589498
28847050,156.67989215159977
9678488,191.54919972772498
16431249,155.46046813483736
24580943,140.58180124229435
26449775,139.68335703338855
16012941,161.7879871001392
20189048,64.1157735792715
16271818,199.43670331621243
17482997,111.92513651414453
26814584,480.56702859297724
22926669,73.7676943153598
22282585,148.87724147614747
20305160,551.7609790870516
27577221,523.0524593453931
4726388,104.68702849945491
7579573,165.32626862099713
16285996,107.19511740229048
3061093,149.32076463712437
16792622,145.48036345103006
26747320,167.3809666342822
16178696,85.02592489218273
22323960,137.96163940208308
28123708,96.31674955505052
5466630,102.37752183077112
25186915,83.32776959053884
20703198,89.97875991672412
24140533,94.53607785944654
15115382,98.05660374752752
15452258,120.57111812733503
22406991,55.77334430500185
5055033,136.87104657451246
29540687,213.21876230529793
2417098,137.71337387515266
22478609,166.39288421125545
11190497,96.07034111000826
18462681,63.49343438357956
23676481,172.23493825135097
2106662,230.25095247806289
20193830,286.6563884813457
27083945,79.75669188708208
16040229,117.79704016925747
13282638,99.89397601045141
12521143,81.2572272700922
15518031,114.2462960132688
21177575,59.84402894312234
2243540,225.0461223800538
19606903,64.85772217910882
16846366,542.371949789396
12110990,365.4797081224456
29650847,299.07946442997064
1308841,67.02959999322282
6999056,94.88746799832875
22329550,92.14250755346733
4424261,237.27212800183247
4595507,110.31182335398266
24226175,153.95995080010545
21384461,128.6050639205307
3922417,115.43589912489334
15127055,83.58749563030644
17591452,185.47784708565018
9254736,102.02768800570954
1279234,113.1357251811782
7280528,108.06232981675747
29630190,85.56234992014144
28961085,181.67582853175062
8435067,122.38730836432823
29632875,90.6681589286046
29280323,65.12600990861557
16186637,607.9079106713342
25940362,177.10841442663437
24020863,73.80278137169559
11052982,240.6125615479069
8442997,242.34136083494457
19944735,64.2262472833529
2201581,105.95162409971253
17330186,119.37958074066535
23905542,133.06631564095366
22224072,199.13336596399913
20171270,63.49325005611329
18254259,55.51140924579922
15870454,158.94072571511177
25780292,244.2453292465515
18293726,71.49995640690418
21836974,81.08165866504733
22464849,185.87950435332368
5939328,209.02541761941768
3758686,116.80571439004116
13859707,66.69774443569322
17040449,153.77360810938958
1664614,123.90713101699832
19303558,50.80486186442946
20614953,82.38928944831947
15596539,61.68497445924109
25545177,59.08139748805612
15259634,89.08270661432272
16219994,126.03509207895536
15342701,120.11774219059589
9453245,82.92063052463672
8446914,169.07337196261193
3215660,92.53813066103602
16736830,223.5831330658785
3240838,83.6007923892367
21630541,237.98124112638902
26277872,101.69183009947484
22714327,65.36123367317391
27491293,241.2232884629875
2267508,165.6199679092955
15182188,102.92080091671272
10013750,89.66557005966
22047176,60.4741107799803
9733138,175.30914756318467
16256074,74.04345480473701
100186,147.5874921846577
7093979,350.7920072545641
20265742,209.8133306794282
3883020,118.45227959504213
28988962,168.85146453507636
9405124,72.16957792239491
7161718,169.11578497336214
28963934,105.39709710800986
16525573,152.01922266546043
26057252,53.70809170282994
21620557,129.64670010318136
15941474,55.34642939715502
27352555,220.09806969781292
26720884,83.43815250695864
13450446,259.8689636174178
7252856,102.72572467920845
11495797,456.96443829316087
6662609,53.68624215390912
770729,201.98290812865991
12067652,162.28329053390505
28741548,69.08616330398883
1646541,72.7931366193251
8173559,49.438138969472796
8652647,318.14137125859247
8255464,124.80755889619233
16350431,87.97192262238131
19858046,261.3223630246394
11322391,66.06404898960815
4271119,106.05256978708081
1467238,172.35525799425668
17383677,153.548836447732
27598775,66.95611421336139
481022,205.14927318448198
4707159,127.77195006477818
658366,193.36850085919627
3749971,175.24006975107196
6553268,394.5007533696969
23717431,280.8747930682423
14858544,173.3779515539898
26442431,99.61729150918502
1582837,55.819584863162085
20308833,66.26377935027008
17952472,151.1182513924741
20848135,79.95780083385422
21667733,80.03262371041421
5590387,110.46683322912527
26893284,206.77087659472772
15322871,54.35645619419472
25140344,174.8670870479818
26274345,120.14598465880874
29227134,101.1036126120991
22605207,99.33005841357188
15584096,222.8782681300837
23275920,161.22612105049325
12738836,92.88255176279235
9772152,149.9730955781611
21379252,378.8330799738956
21177976,66.11159607162432
25860905,376.68822638192063
19768829,295.77986360947403
22283652,170.14556070984383
11207036,209.74492451332898
16321573,380.6039177861385
15432264,131.43221305683338
5384643,114.02257613978945
26096188,85.95616236746228
16534762,79.58922764363598
18522181,171.5352762505431
27255101,70.45162542698309
27733195,91.80010160037926
11871993,159.4072007643468
22261174,234.09850288965166
4268286,99.90172295400218
23953696,323.4608528787182
2082223,83.57320674236347
27758524,65.90029513803977
7900546,108.08542102488555
26779327,72.58069011695865
29059836,168.5864302787805
19009220,58.66603692028209
7817350,131.3882532744204
29260361,567.8545416646623
2044889,164.37876802001568
13261498,278.7768252101233
25677687,83.38826321726349
19702232,84.83605111808372
23477827,94.9500615636723
24827079,62.97574143074355
28289954,60.959871375837714
22869995,90.34374079574997
19829879,189.96321182756796
17430853,53.848129244672684
16652059,81.42626359735655
24514134,335.449646435852
22099954,142.52870165445512
23593710,210.6873377918736
23265699,125.15852947411787
10123450,72.06246534185321
13337150,86.20975389876355
8878172,72.22634371557227
19655186,110.93525088922593
35526,158.52214142495637
25891334,48.91253471543943
20088021,222.09140525320413
25568873,57.16019561690799
28408743,67.80581466519303
10943915,185.5153707153953
24867995,197.29406813213038
4867749,223.64698637338543
24121036,64.13432350539402
15073292,92.1612288440773
13659055,72.3852215374879
8813306,174.87780188907632
28326847,317.5976548240628
11837962,140.31993936898735
4947174,65.94976102615648
23752068,156.40483794682794
2273117,381.8350930947258
27926845,420.9563012597475
10848827,59.91963636609961
17169353,728.5154297158151
16710722,155.05167194040507
25814918,99.21202866597547
22996825,79.85280578910437
6713821,69.18545526715099
12298456,241.0621670082143
6146238,72.29975726720498
8532876,176.86897642853035
12267734,152.33342283534714
753687,115.07629682768356
27978240,56.715760968733484
24499863,98.00657622736067
17793180,53.39793760574992
7664594,68.16969419514447
6692975,97.90369100111855
16376497,101.15754275179269
13318272,66.79076515295294
26692006,262.0051375238731
28029114,100.09512863918688
20183695,141.92331324349945
5581273,94.08680103066199
7854426,110.28780323357341
3728135,194.8817689746768
29701773,184.55682847871208
16996664,205.74807199403926
12891755,71.35856405256538
6452764,122.36653380030664
29610311,56.87405950672265
3880588,223.76909710224288
23167654,754.7850499150951
26198481,105.97763825789464
22001381,91.87394325464452
22687336,80.04696569898788
19888160,72.65360854595515
16677256,170.3817053230134
246938,260.01407505850705
24772896,180.16232157696413
16851711,87.25862404245508
8256749,118.06710661187293
18445936,155.10330683637994
7911917,171.81741513256296
11371974,118.89189955574666
20135026,91.3114590227256
29359499,183.7968078277074
27266217,145.45677739673957
23761280,100.32863721364164
24657799,218.3048610449013
1073832,128.76186390025794
4201905,201.6142680938931
13511266,154.03943422824537
890855,105.11251818098258
2716929,157.91192012926902
21312403,142.2558256176965
19298754,51.593322304236956
4956896,153.3956705944646
18874640,182.9272341386262
16256901,128.14442319349908
10249076,141.94394867814503
16795503,83.31784998387047
21934202,84.97815033988702
24258997,156.60393491389144
11450373,210.10488822290827
331854,151.3633124071646
9945496,223.9845971216241
24544929,84.75275121182523
27599185,171.17910952922682
13187307,169.0545894827115
21767656,257.8654945719074
7228397,272.66176863302525
23235139,75.2645330423008
15187369,145.08949449768778
18543045,134.33891722354178
7656308,70.16373038972516
14261371,204.15206642091894
6528040,72.10437568007643
28269909,183.1871413434682
12852083,193.87387395686937
22959528,68.13412018818855
18359426,58.97947821243289
18585549,57.68139098788952
15595714,120.85946626638047
27578867,94.48677386205527
16438712,72.54884945850502
16378706,123.32616491239253
16534157,57.33406884414621
7599838,62.54720395072027
13346741,148.9820468075137
20075580,110.21076634674044
2537383,187.05231423473606
23769345,78.03350515832652
12071153,119.20694781447772
566943,95.05120080650867
27089541,97.99988496084802
21885860,67.93019211212398
321902,183.8213401111068
27779334,65.99850452283998
22176678,142.06826696438984
763912,126.17946513621638
25286006,133.0531110731579
20331226,191.90440494405235
16507002,91.88412488902888
22953136,143.76172844979246
27391130,44.46601021500327
21518893,92.00046649708229
4899352,230.91948265860606
9261610,229.3862045797113
24971098,58.58821880026514
24673038,169.9979686600793
27896043,76.43198013099847
12568401,186.8112763643477
7113393,66.62499711547518
3554230,151.28693806504882
17848657,149.58067847954777
3492910,133.66404425083408
16405590,308.157827398041
25947574,76.92628818966652
13864551,108.5377348147503
8083295,168.96905074815714
10103643,87.1464491111829
26605091,71.64787005399428
23992114,184.3556694355706
25188424,113.45288038403889
22809557,107.77675896168854
22157683,181.52102194784618
2478415,131.9338949823756
5238,165.59449569389315
13081306,171.6102011656557
9116734,51.74162477636702
6391465,79.51924955496139
20015736,187.94666053825551
14611399,99.35784641186858
26238688,93.55403163998007
29709528,94.81337727578949
19414211,161.4863463767292
15254789,206.95530140573433
18795556,161.5736561396387
3166540,269.6986166365203
3258555,96.2058405795493
15805327,87.34916105840597
9971730,177.3390632129972
9777601,114.74445127485706
20504755,57.944331823257386
20435714,76.49398059376995
23678362,105.93969891530368
17187942,145.76110663482075
22177793,220.04764613139892
18789421,131.51980242337174
21098717,183.9969816505708
13451599,185.2479136002646
28602842,248.33930023936514
8238028,135.48693552454503
5638792,89.59651343775965
13565540,121.47059722154687
21963428,62.5524274062901
20849060,141.7098465979486
18924273,54.19398724084647
7461910,150.52611894258618
2615065,123.23613137302033
24022679,97.93227199483961
27703859,198.83731212789152
4102483,101.98568905049414
666613,188.43213768049796
5055620,291.42764882159724
29436203,85.55194709893222
7561129,49.83730687291271
27291079,87.97593298274064
44161,228.05308255931163
10281054,66.3839157513333
26946148,148.72681486046682
4328475,66.2432393015721
11381288,162.42406191264095
9507112,158.73628070856387
13802334,69.68518077141012
25688554,113.55821529893568
4753434,186.72458210619743
10100512,57.91266256083003
4973520,89.17034122266882
24770120,212.29052644485992
22410110,115.6907121892774
2576206,108.6443303472882
6939668,187.9056140292786
21645289,129.31496196484102
27130866,96.60931849473634
26895663,161.4385625917106
12113280,71.91219772255137
22250309,150.20736672049318
13186804,223.72394344859768
22672271,62.54538429233111
26004226,112.93591896147672
16472789,70.05002450882753
16722202,84.31157471488632
18238161,65.10240008839007
28606376,220.86882933095873
27953124,125.78699565200968
14695540,70.71840837262192
21924630,179.12099556476142
20674260,60.621966459252434
17497776,146.11282968668885
6492185,118.08534793804047
482765,81.70624502166224
28472760,161.7780459690276
6094046,112.18820479244944
12601973,74.78939347219683
29392714,70.24791408742209
9492069,205.86324129234433
11190831,192.33228933501746
5259407,241.18332460378053
22283613,86.98933160615657
24621401,153.0310853275486
4041383,83.84768882548627
23527821,114.18703398326245
15791163,122.35049086078924
21516649,78.36064718848992
18599156,162.1286888971276
26879404,139.54557566325323
26839646,212.5864560408747
16674233,63.769545629185615
8914109,92.12695789173517
19733847,218.0359939395271
20267253,50.146364122452006
17683202,182.09915577387233
7984285,100.4798744932702
21811156,148.42592969550842
20826110,210.15631296964773
29234885,248.9089991874545
13082788,127.34067157347845
18686501,80.11298267549408
23937502,144.39878588132717
27991020,95.05792425197107
25776872,354.84193474069207
16581779,170.52733766390182
25861898,323.09386596972075
17751338,93.97504379617625
8899450,207.8336978860984
378460,213.22578170367197
16393191,81.55869082511877
3662091,201.9009395861086
8616888,463.3856956246978
7131007,113.02135900884885
15556066,69.24687820781561
840594,238.86166131217792
27162696,70.24925256659225
25344650,272.7513872000804
14577490,119.24921923462334
16166989,90.66271883290896
10067199,231.0349259746547
29509262,136.3455945742113
29541077,176.5534918477496
22503340,56.77652594801352
4393563,84.21123420287081
16503382,106.22980187763882
19226897,81.58173130172655
28499726,104.25942000100788
14254624,186.50174172182508
4286662,236.59467540550918
26806179,53.98031035653431
6185599,74.27650583054155
7850400,276.504224564075
10941762,362.62973156502466
176653,115.0273454495787
7400486,135.06807466144494
19702049,103.10504970082188
20584605,168.09240444926056
6283933,89.31546581408394
24098895,139.22249959138483
24653413,242.1677885834636
17876921,138.85743389414105
20076056,82.36231606254334
9903132,287.6764376193069
23072308,141.99933932843612
15799338,96.3346735933976
29687924,81.71229853289022
5926854,186.77895827312864
2603870,159.60999847906376
13752982,194.93461660933622
18377794,140.40782178341587
8474260,67.71170294136103
795680,117.98178496506351
26332425,156.1077263732958
9979270,266.82834303227884
24441477,79.61134446915798
9043290,53.46974352833095
940116,55.740452839123265
10031678,187.4843658696785
2485774,156.06204884653607
26569882,87.58896894769214
18790512,58.51821290209312
29647364,96.64429662697485
1278784,67.91307839226481
22713353,81.38887475651495
19346860,80.7758333578269
15785088,186.23718572465418
13606459,78.29880129427285
699348,73.16055889118768
21995446,95.33505944834286
26398428,62.8337029895772
27816015,147.2095363189783
22164743,73.98802646113273
17465199,256.57467228972973
16892151,74.79883605351829
8424350,220.94267623280518
8770660,189.78796513141344
4766468,109.25913709923174
22079387,199.18996414643928
15310116,61.49905654397649
13406150,223.2820631190241
19408914,204.7158771879559
18508607,79.50833152708286
13799217,186.93180508268804
21048346,125.86098396412712
9691842,144.60816500733827
3265275,238.94482394361395
21325259,99.62647784795466
27061726,80.22592892861984
29761136,279.38347493945116
28655675,89.35411182077955
19908261,277.01447529450087
20895982,100.91038606827807
24826817,215.0711966420471
4555470,112.99154223970233
832772,230.82238993428442
842462,200.16961812132718
1208953,82.26614309311688
22778086,73.22707001922511
1856027,118.92890032214227
6654323,153.30705639034204
28605855,60.48493687437664
13652411,151.27614200861248
28647979,57.97186292104379
23920810,55.75564712441359
7710608,396.0202473879749
7094462,134.11196082277095
23702174,74.57142796513305
2677779,50.856365388082224
15327651,61.061509360098505
20035612,89.13263432067998
8846233,227.64626628999312
26898028,43.46559597703447
853142,132.26621638412277
9128491,75.10186994346265
15149591,730.3808465566934
16148691,275.98574774327795
21607905,142.49279668694962
21649044,119.91652890647038
17937309,140.2137579181557
13461412,264.35435087415834
20632255,94.97574994731292
16345943,288.7376465029244
6701795,170.2104572089847
248946,70.86792840085322
5986444,150.18392268800082
14179120,62.27885520778367
21921994,356.5277222700406
29629862,120.86054672342999
12795290,97.1228711745325
9779209,111.56905010984593
8924504,49.288265757052066
27663407,58.333354275097236
16251345,281.8364321558607
1467474,198.45518840692762
2178294,182.23606124734147
8472812,175.71080332329055
12106946,81.66449363562026
10016832,184.83914702741524
20983193,281.02339578354974
6094708,191.88892514098336
11992092,123.14100676658609
21980316,124.07601967715743
23041312,229.05019111707676
21621353,66.54144021213716
9365176,175.78899752046186
13020187,387.0073940359414
22869881,165.69171585792466
15371873,67.28702655638453
15704213,127.1361607172555
15216703,218.08750997107646
22225555,178.55109521909438
5361021,72.5650504969854
25231230,86.3593115245116
29121598,253.5112682056001
22064197,221.21143858700714
15982208,84.12327455964436
24869414,93.19214206846875
4196896,194.25821719572127
6942211,179.38799526226248
23852718,169.91777016135532
22096731,66.1555396509607
28003856,67.36730504890029
1941495,295.31998292891154
8468835,47.40108785601376
28636696,119.07935660555432
21998027,79.50050304624234
18291916,118.12798633334029
28776478,576.7787725569434
20408891,273.20054737169716
23858270,137.08837963555
22195204,48.71350793874944
18872091,49.06091000972865
12610388,219.03185782693217
4537297,115.00901224565708
20316497,86.21433685632566
17286082,87.24596649191592
17857890,136.71086630574243
13866269,60.27790691645246
6544347,163.88135229022927
6155128,168.74929292787436
14539106,88.8641170800904
6742680,211.20720231204723
13188839,264.94820011673414
10272718,75.35256054068861
3378576,80.33916664398659
25806562,59.80973496310765
24576230,152.92909130069768
23523145,290.87686042446194
16237428,87.75350509665266
19719862,69.50412660186556
6738639,89.53442077395613
16517710,172.78015379835014
29682133,68.14620244324992
12554945,66.90257811564103
24057278,99.26545070472787
14371877,108.55424674146934
12852935,108.15239053995602
19326306,44.447273436348986
741797,208.06800657610927
22179873,160.29517332171565
26335893,192.1051072259667
22865379,202.718418941163
1511534,56.72504458979615
21198731,168.16170764610087
13459841,151.60903754364128
15395736,62.78648587013392
133025,125.89229426893296
29582742,134.98586117320113
29538158,191.68493709727784
28892413,193.33321246016797
8838957,170.53654876718443
2134294,61.0875998819686
25012767,93.09088503980259
1123934,161.20524672169168
14322,171.69650127885458
21985823,181.32848713975844
2249878,166.38462096789397
16336867,70.56541382912577
17667194,51.06413499310451
3372642,287.89850419539925
25245882,161.15944452832753
22703004,54.40000949559006
14500533,155.46686492867187
18787950,124.34598586969526
2539,67.75433024109014
18867210,83.23659076775617
27509983,94.22587126975776
6027345,70.57230697812798
18180304,93.09062300156741
5040951,165.37147493871967
14625676,188.2414937839858
4672445,214.68793665938506
26305654,185.83758845218435
18189659,52.36319352679211
19424191,141.4606884599323
3490317,184.98014848925337
29566175,72.33919203288994
21943938,100.35426330504184
16394576,84.9111201958075
26638676,141.54324958534855
23508794,108.2434131672615
6846956,234.32826592076515
29289420,88.52174919474642
14489701,157.00114331585814
26200249,157.32242279227123
14594441,107.26843034673139
28125613,105.6289838864544
24542531,223.39558421869125
25082097,103.18833260968533
16413425,85.65986657661351
16469132,81.98123899837822
29103586,146.5301576150563
21578838,149.83905170810542
13357413,608.8463459646831
28287064,223.36275284158623
15702021,107.47291883638957
4539483,131.46785084571957
18809473,428.35262190677105
10339057,104.29696042189842
7664263,123.32327089783445
2355060,417.9183928653218
28011594,56.83378064783327
9184945,88.11687218986627
4520941,301.89788733207547
25771285,110.88653560234768
23059484,102.70986455601445
12019427,160.202029843116
28176835,75.07143177986686
10605445,78.19512285786993
13452474,155.2188170840706
13814049,71.10025436755262
11739071,166.1823278721415
28739519,63.47515653553753
3840286,184.58541776030498
13883020,319.5907439443476
23702555,186.05172649479252
7966447,99.56736372761547
517712,211.52365250146696
18689588,111.9252563027004
28600950,183.3465485759444
9514721,508.04712267388373
26131873,170.85568324271085
6362061,121.01228827199778
16238569,159.05798897668413
16144586,55.29719557275508
29703818,126.67848147405249
39704,112.15316000502793
4677469,135.21316770642161
10609012,162.85969339808378
6901734,166.95134284489998
22586553,95.56682551119724
21789545,90.94710380905373
27362458,66.00505075663709
1377320,340.5073272864238
28889534,74.03431416896757
19094835,198.19393153444935
24967765,256.1787887978275
24188354,119.80705242377525
18893708,390.9438626902495
7611764,79.85610289067351
25814376,100.75499446710866
13415187,92.56028617469183
21694927,50.36831335886031
25893395,57.7748383588149
27109526,120.31857984142253
5364337,71.66960473105867
5506438,114.31350726577425
17107385,110.12751437395809
26719190,81.3538190827318
16026567,61.48998720761253
23059611,168.85697190353838
26063353,183.38318664767982
13765918,176.3178145224459
8628430,79.4360300171828
15334973,55.89526065795726
9689359,183.0153366556772
1046443,70.57552887739581
10985093,100.68265849912973
2075471,59.767076255512414
21763215,214.0910249088571
19250443,185.85907225146366
17710620,140.87928492320296
14331775,155.97278504292726
15178955,49.65449001144569
22960080,78.2370348498831
7484548,52.30671682184413
22309616,80.84927989121284
21656310,96.72587354292853
28958326,165.27363251716125
6750004,182.05441768699464
20932707,112.4367751400066
20856945,157.5340405472082
13669613,249.8592567791395
24535740,551.0962788613228
22737164,150.39294583027154
23151066,133.99979309879083
17123646,50.91419852182719
12903170,144.7539510512299
16662964,134.65748815607608
24884922,173.82273618030158
4403928,66.4397726882938
7561257,68.57243676379325
23166224,61.40137103954553
357224,63.642584995320476
20553129,114.15159704519259
7746285,131.19745942363784
6421429,109.64837946265426
7215836,74.27434462456058
20287322,112.04370569880285
28485500,108.45269177130683
18550366,78.29691275423365
28990717,104.8067646412659
28274757,122.15299568417409
8649999,60.95124887608991
24480789,73.81965386573681
26303592,212.20509395646886
16273818,126.35232548711669
23012588,102.90665652804823
20537153,207.39957422390395
15072878,147.83775367981008
1354250,150.60977255325722
28730408,190.80556980406232
20384987,94.9360360493314
18828803,194.58962741570852
6227980,270.1927624343062
20674263,69.90853768102615
27910119,221.73148587985193
23684864,274.86742351487743
18441757,131.89217199220556
29059214,183.28154324039926
28585982,173.8285446359016
29545094,51.19380914781927
22478568,146.00912114723482
14547982,98.08666971748993
584122,116.76673181363931
13431257,252.7567944945187
28251851,63.196687850565205
27784090,73.64505910970217
14125891,61.29348399160656
7931059,79.73203525277825
13697001,157.04862538970838
7728553,137.9908410544477
29182727,61.42022337071125
25403075,90.02746026003246
271694,157.42662384942864
42729,153.18066031139622
4841431,129.42075675997356
21982707,225.29952944901947
4047751,194.84117011536568
22259132,170.91573527196655
297611,61.36901731209024
18254657,61.39664980792049
6292029,85.3652210368968
14152775,181.8895146224908
27814106,202.7724401038636
17385564,56.80475480111087
4343956,80.50564918879336
19988369,105.58032504263743
14809310,223.32889568300243
11991997,128.59686652620374
25153334,103.30262023461329
704838,142.31001220268857
3153140,341.09131009498816
25451323,210.94784575466045
20194264,149.617292616245
7111940,56.75481135886611
8990063,279.4728719228598
19891174,72.6865489603246
20070296,458.4160988929521
7024774,160.45819710863643
19679555,75.8495702817999
1808550,83.79603947668699
12292226,351.13234588880437
7532533,154.8361857309709
23873095,320.47691177841915
18414310,77.813412560402
9106711,154.56282158153488
13680118,127.10848371162456
22618993,70.31272113420327
16484636,94.86155847060054
29043928,79.51424069919142
4839016,141.1021716996122
21945438,242.03702632505153
26594845,350.4232973960684
26894122,135.22710631367843
15154905,72.33281264733182
10490073,72.94089853437208
18682184,175.03755417292643
199100,319.37700089544757
19830726,94.25058816340642
17812444,503.2011540667543
14164263,63.70156889959214
22748332,200.30395631974625
22336423,57.43452430976978
4890335,85.92532354568054
2291507,64.78242447669744
564649,196.43501709831813
7383722,108.55672276555605
20825689,325.6658109593979
7983640,184.73451784774144
20917199,82.27776346298849
27955820,325.58187852098916
6925372,134.0778148539646
8001287,64.44126545293143
28667659,73.37147680435949
5706280,174.8840271078055
25161073,297.27253661784397
14205364,314.84930151520444
21088326,174.25993364650546
832157,80.21462245719742
29650485,160.08705630180646
5588684,182.51137109462047
21551076,88.34728833335403
18548112,102.56995144729093
27161104,49.49750665490409
18399865,259.7360134925754
22044014,152.750793669458
22470815,81.51148941258242
19206035,85.01025501924725
20873362,73.35205944786337
11397141,150.4447814837125
25802592,78.55017961817809
6196354,46.691846441234894
16207381,279.5633402259934
6627449,100.53472440811841
6385547,348.83052049631806
20139125,289.0554659594225
16981381,176.20199230461503
13972766,145.84525929006963
17251611,83.45092227937728
1313711,200.89590300080303
7858673,84.48598285292643
3586141,44.6881801061899
9253112,104.41837234885189
22232470,99.40745614561125
25134311,227.16642489733604
4559096,132.5461732576624
25030760,60.17522488350814
2956443,292.3949988463677
29012035,236.5823285227913
11651980,214.37315424836206
23784779,88.73464211785115
21769940,118.32934492044372
7258306,166.96957367038405
302057,87.633852918621
22423342,84.36889448828055
12990587,601.0500309099406
29359223,151.03675752611983
7572637,164.2282730622224
28785322,172.40311254527066
7361438,126.94808310413138
24692750,56.32577810447621
26756546,327.8912407655864
5404201,186.53956626354673
18329309,66.43191928363862
682032,90.23749045086008
293004,154.94864717543223
7024474,57.39940925825645
7619039,263.3751332387882
27811050,60.98184113412134
23446952,117.46067829778202
12869679,179.83683428111115
20712652,85.63441411802624
6812456,120.91340106120589
14821494,208.084288267365
18236999,59.80694371450311
4925368,78.67099063561632
28588004,196.06261516146301
9445180,95.85383119575734
13731898,210.8204659833282
15645988,65.71929151820106
23819961,256.09175045379436
9025565,162.36331647821336
13959891,145.67203179444326
763600,100.09855977502332
405408,241.63417177635094
2781747,186.5547827331632
218358,78.01410902197755
3593491,62.94418320228351
18916850,57.825705697487514
11817955,158.8179943322576
2141667,72.40419392682283
26425484,130.40776027198004
19056511,118.0293928970334
21029490,58.41391299862898
4891477,108.09939105706643
4549155,176.45114825153644
21426817,75.23005914108798
25497712,115.16594417354922
23053338,62.56826721503626
25799863,110.00698823629006
8485057,103.2064024455301
27203646,534.1449597438791
9937434,196.2701732392508
8937816,212.74292919538718
19070513,145.2292975151112
2714699,137.97071963788008
27292217,247.7762829138985
11291688,246.44680754701326
4882405,178.0233286698231
281521,225.00045391225558
24423321,135.5394986288337
3485728,74.61527082945908
27723810,66.54914586825186
4967114,351.3864889252302
11412104,67.82297256752643
9402784,119.72336101630147
18388455,206.80562025956615
18389211,66.24757732962922
22435504,55.4652728293162
602888,169.91124096121212
24830346,214.11447974042918
9384723,186.46851201108436
26663492,74.24903005207236
19390119,221.94411769785947
10528090,112.71293173691436
16288234,73.26281262366264
23485972,397.0981438855008
17189531,286.13209277215697
13415952,100.53279823821951
29126425,58.52714739454539
28160047,86.84567605077139
22388659,183.32070813458986
22164005,55.30749194962891
857696,78.91727771545901
7535286,48.56522204359403
21733510,111.86540585326826
25378040,74.38709923134378
5706045,108.60545331304515
21770068,101.58472527818647
18110008,73.26214130195878
24755348,71.975705759342
27552426,62.25824847317411
26527543,177.65263370633588
7331835,191.23140438347843
25399303,93.69326132082477
10307009,90.19519185779426
9776318,155.7296195471267
13558882,293.34707078663587
25868383,75.35533249888077
13001199,52.486137412740185
17444704,559.1598123549552
17554190,100.52452654500655
21437933,100.1267764839485
19653554,333.32657548326455
19241855,71.53736227813211
15199186,225.5179036864303
21748242,206.5984640649789
22731560,199.53297655643883
24326705,119.70851238114714
13448568,275.7930088606338
292047,111.30202939650013
29034966,131.52580962306726
29454452,183.0214357936205
27367184,70.84513605946292
10032842,530.8572427144135
20728525,170.13182659653958
13669391,108.57588684259532
12321626,195.32630926509992
12699413,75.30392149524147
7151565,72.8081311487005
25940097,737.5643389751164
17637787,110.02268213197549
6923000,171.3455898764946
7883146,66.24919124488281
29243499,57.80901885915697
8972035,151.1240043837943
13766130,82.25466302289657
9250241,138.10287319608938
2553391,140.56749742306042
28344470,148.5318120170547
17173473,52.86782605341312
23377429,237.46648513185673
306702,90.63157265593037
28010219,106.2005727285751
1466081,92.76050784379451
6476242,320.35297380314597
6740709,73.93402277214425
7774167,91.99895759643063
10038693,185.38405025056775
12063726,80.03768744034363
58471,101.30346783263826
18784575,94.07653345561278
19250619,138.53851440651394
25886299,217.6989003734425
10625484,114.66475963714903
22455181,101.44289838827062
19763459,55.68623338259803
7873655,86.16947699015367
600775,69.99227477056623
21936288,79.4345153079417
29531124,94.69941428944632
8186924,200.11859905327785
23748601,136.74474686825553
8522933,132.25793527577227
12264835,318.3700824660708
14361378,85.78287487915448
17654659,113.8939028259836
21631581,165.92603346388458
10000433,132.86606134828608
19433834,132.19780764859647
27367859,67.15431714653867
6924793,165.10680645258873
782063,130.5754668301604
22000913,79.29305322978048
4795857,150.31878658173474
190974,138.90794927086327
27905583,97.75829656579374
10990260,61.53788637486528
13748499,156.08081906790827
15915444,268.78204630752685
13805038,190.15660357646755
5106214,272.4625377498224
4568327,101.61899715387698
14568352,118.05727161976398
11769741,58.864609893203635
28049432,143.53354971496015
14808499,130.45699960646417
25789907,152.33892486056035
16321376,118.16744927784093
26009892,270.7618263259778
21312749,59.23299759892051
9377185,88.32646003786253
8387244,60.42357346676164
805218,80.61739735987301
6378298,105.7676012578674
3849347,143.26358326553301
23542322,197.60321135720935
27302499,163.98819103920096
26529593,50.927116798909594
3318859,54.02637591298835
10055764,263.284421379959
24249654,215.60482510545594
21635623,77.16968794299875
6402424,86.85020105147358
10085478,180.9050244848423
26952181,60.70085911476832
9813567,80.47978202363623
9726043,166.7745632877425
9843634,135.18198687678532
10810807,164.6918429593917
2577467,78.63607830767062
15817291,80.25227885436232
9714870,129.3663345359439
24889660,296.73778201126123
20050489,136.64625877085206
13583633,142.12687136371665
18313862,64.35370219185033
22690507,67.4737146846664
8505,89.57051047992213
20724,95.40796983384723
14980174,179.96809028946222
27163003,64.61916546265671
24828192,73.03058712205258
10729692,125.88321782790119
13769969,83.15212783247756
26689874,164.39649104081028
28817793,120.837733063892
21232235,169.67246132897665
15969106,184.6499437646694
26491245,338.75880944873614
28716596,200.31585963434034
27257929,77.40493776409967
22972690,71.12009529420543
20590695,198.8163014335406
7362840,68.2331571441052
5546217,256.68436886729756
9487251,68.3948479363218
19701946,186.37270958568527
4348161,89.33967335266392
4849703,109.54029843022461
16085436,53.37116310545081
26359068,74.29472930312595
21212488,121.39170810845656
17295823,57.78557655500956
9976784,197.98099709697829
21566886,233.07365022395723
15339227,72.31417971093252
15949821,270.3643476967388
21575741,79.76567133913166
28548214,303.050471915327
6643716,152.6988907548583
7368887,78.85808024779242
1461822,86.97599456735345
19530518,75.99448663123589
1453049,103.23644622015165
6104187,88.30803653038949
27570295,163.66032824019723
2565087,70.15939346135478
27572768,70.84513605946292
27782958,72.61124223538823
13573625,255.23458424281907
21788114,152.2526217899728
23696695,102.03800764305554
11470210,63.51360173011856
20387216,123.73095761633307
845514,91.45693476854467
29507584,178.28024802339374
19157481,54.692304828688236
22663674,296.6993163847521
26782100,161.22075877344506
27366041,57.495892847241066
1086598,424.18044309983014
25355219,71.25927361295977
18583072,63.75974769381622
8496270,182.77880247772524
3041889,175.5747839348666
23593409,133.51965143830395
11642165,74.27789264030709
7933400,76.60923764824396
28338298,57.857182771256326
13771172,53.428632846779806
22677416,168.62766257608635
12624890,66.72952880477831
7823546,66.16583325137849
866890,83.97169571850684
1914461,86.56814187259458
2975715,305.31640057997424
20379724,402.5994139613399
15604507,106.73652185503393
8589668,159.27769892313168
4685448,78.41267343451665
16427610,161.7820121980685
28154869,107.33964099373729
16141132,191.65778037092272
25317547,79.18497196675469
23373453,84.59854067055012
7714664,111.60706459342062
65268,89.26968712970074
16216301,53.13122469354101
7774722,333.2546297316116
28696391,155.50257144196755
27492179,56.22496850319805
22376218,198.88581883367178
26939323,64.04073851608455
18272189,125.24813832802022
24337254,222.95819341408026
24776834,108.28700737184238
13684608,284.8288862061623
15855646,59.561782863713006
850517,222.47499495120132
25453535,199.93103556307628
16087249,734.4854139412205
21850158,64.42602237975426
63546,81.76789752087059
7272680,71.71931287202794
2663296,209.33211277201062
6269808,209.3472838538213
8630185,81.97071233311601
21529436,71.915695309496
17192800,64.50555241180062
14575138,48.48998927094667
20285167,120.71547752714245
3876850,99.28228524786817
16854236,84.66344118633535
27524574,133.253497036796
19242154,102.9868975543413
236671,181.77499247126264
7094262,231.63957270331755
20121957,72.4212877837062
26363163,61.91302447235606
16311528,159.28279522176626
26166442,91.95865631733875
16718287,70.4261129349375
11495015,113.11551197391354
21010586,193.82555956681043
13233113,121.61883214311426
28965064,167.2292825428294
22863817,63.57429690171282
15532958,235.14553455421324
25948697,73.41577389074673
9461236,175.4388081737676
9819589,144.62118541553988
22473389,393.4691767499208
20056328,155.46044656876524
13573828,275.95224244414703
28659061,167.56628789135476
18957774,197.5278429256441
20055304,97.39930823458944
10943209,98.96343627015021
20236141,192.6974593065254
28390960,89.786718544304
16243676,246.70057813442364
11490744,140.67652796399784
27309199,48.985415548567936
24307110,161.0256650632796
29760102,183.69380182540567
7072541,121.72164732849205
7651885,187.12759680765984
29203845,197.2890471880805
26805201,58.71952448604599
4312431,113.13161788004243
785366,179.41391502642617
15528972,239.61558927841375
23882152,75.14693070012544
7203943,151.5358032735182
23539037,61.653874707966644
25097357,55.8851782745024
5119201,171.38523835451528
17434184,158.1902936734654
8354105,123.0042354699379
8881329,80.1362567321322
23754446,248.6094374666143
22029995,160.1888612651401
25225551,208.41710108554204
7529231,55.413773537443205
11374453,268.66649560116343
15188738,67.84306467134557
10801474,55.02962617574074
22108539,67.12497127262942
26326600,234.78392066583422
6748952,71.66719276952148
21790122,62.98985137995508
27165188,224.7219291536928
7894025,104.85739063155798
21966418,149.27507143161301
8368973,121.79402024067763
21701158,74.87561634179234
1515659,139.28828476395685
6130778,78.96277731975893
13565111,80.73308565085487
6541532,100.15415582473834
1654561,62.693781487274315
21309950,148.84768965936584
6691723,193.32908835969798
20923712,70.58281580898682
6611380,133.80762639213734
13444490,250.78960608585075
5204458,122.25414845118159
22869229,259.99381233019386
19671061,78.2397815741529
21279172,148.50099963917856
9334086,148.83858547840416
4549557,136.4244495961369
23724383,122.94924777493047
22344535,100.0531947955232
11557387,205.65708228501146
27339858,138.86293454376886
29612551,113.64573328545832
29392426,125.93325516990198
1992676,133.94785513288994
4670157,232.20601530622343
28580323,67.33522883193471
2295924,420.942449100633
22734359,89.73670686957178
26043558,141.28659832184266
16288650,70.89249359422983
11967737,56.977407155408365
491529,289.9678441593371
28755866,176.50149557245132
7928917,213.93950940338513
3090474,142.73973923652514
21799291,175.90002139272985
12619450,84.39197326019033
21789289,50.549663307791604
8012793,120.90402539525842
21649411,196.93035322447454
16028674,131.7695171093409
15255254,78.21944701060136
28893576,59.79025236713241
16189705,115.98759093546444
16586422,82.14488289681717
23873057,54.11094240842642
21308792,108.94960086131744
453255,237.34337710128602
25949539,404.6732925531137
28245930,125.20809632664022
20171018,66.69960135887963
23668975,97.9726413189829
7054405,70.14099733468663
9765276,70.47184612886097
21907916,81.68532088053603
14856799,55.731432485296175
7015831,53.46457061971724
3905849,212.85403474751016
28400092,60.85267572908716
20425764,182.4628592833636
4986843,119.00518873019128
21803056,142.80225005194131
13434959,96.0843907163278
22984172,449.8828962894486
21632527,70.56355847677445
23921536,198.5008245854672
6033449,101.01300499248963
29660303,125.59185780751886
21090094,88.35340310403929
102995,167.1084084687741
9357,158.94620316694204
23381366,101.59138950336408
1891798,122.15210706232779
9414019,258.1309504403935
14696141,47.078016149906205
6855624,88.20365893679924
16805869,92.97674676661235
6400255,156.8093328567229
656281,61.03120054488361
24654242,215.3740154272115
5341379,170.1472574759406
27290648,100.51738710316357
15206836,528.9984743660009
20282957,117.87872914335854
21124150,133.63351997127026
17367289,67.99984120851015
17188465,125.29521976897446
25537456,278.3610821648852
11202286,244.46867520948945
13856810,178.21662171047782
3302921,213.86678497027154
20679388,122.83680276280734
185478,125.92420654886723
14503754,97.29155834918701
25334775,175.3673400157965
13163427,275.78975083311815
28833353,142.88635273474483
22028706,128.92211763221587
8841107,139.90544651088956
19367736,119.51454247129716
26832236,146.62281868799803
13200190,121.10765533878907
28025772,87.34963554228092
20558461,55.97050165090206
9532435,199.12627865393983
23749862,117.45304180331266
9370370,104.01160477259828
17716523,142.20923888467698
20800988,60.7073983827269
27278724,344.84067398602883
28050418,158.51257629171397
19027786,84.83769552729582
21382477,64.65194395215941
29680178,200.50744495929803
1344387,83.5663214778968
3971065,197.9250585245094
2069051,92.17569521898606
22172623,79.33664649856655
8339286,64.10518915893918
1793411,166.17361728239828
15303092,65.03510100107098
28161907,178.80252224539038
12355067,96.9345250053105
4331684,353.712933808253
12794791,77.19558861298144
23684909,227.06741172628014
80493,88.07192072092703
29754946,166.27483498358617
14111254,197.61729798572495
28939377,342.26106008072185
27973787,635.5258996229381
17366807,171.44465122290072
4028670,165.89711370158514
22674762,71.62352132345929
26165195,51.1329678098222
22258159,95.16001648033263
25670947,308.67103177702256
27061785,106.80407539716073
29542926,53.59475675505666
10702865,222.10149541483733
25868880,216.55413935944662
7048331,233.8475475525889
7259369,179.19350404054498
886808,55.82556183429188
29449537,108.40179100316398
29174021,62.79992262492028
1469895,152.00215126544433
27165702,181.1061796023464
21354913,116.93464812739116
2115784,97.88301610927086
8173609,205.94859547973041
29598023,72.6241022590451
17171235,77.3482902924799
20896858,108.32126747211805
24042043,455.0687818190086
21110408,80.57805788248648
13789278,147.3074262140369
28933262,182.90259974033015
9975425,113.9938715906416
28144810,94.02220014421836
9315478,203.9859008617731
6209994,629.217954566507
27506090,97.18899458392612
8309731,288.1422300069756
19812298,128.29155394631667
5534660,148.16711804863914
4654318,155.74248906960437
28412371,62.19821757230951
15568616,172.2449898764252
28405425,107.93503043886885
18649806,64.6338396386164
15000377,111.21731322827657
19163361,53.45999887477851
22418635,52.85832057327082
16241833,60.06952754716468
8688783,272.2223128652931
28513853,211.1928941819036
21367660,59.9889570293428
27173360,85.70639828299147
19062062,159.18790241049362
8339140,149.75338284674817
23456438,67.87778223016345
27484611,177.63877618559877
9329090,219.94859632591215
15482512,61.48257217780093
9755785,67.71732591220804
19094459,134.4760074307093
17252229,99.50846635792993
6391286,89.64804775547172
6611502,89.54773664980367
13961702,62.292012721691066
20309089,112.3476434351589
14100582,217.21023837401515
27529564,78.30216477246006
10298783,90.19250931977983
10946644,168.8902271090444
15880475,67.99085164911686
6782841,60.832063666912994
28483408,334.5510414267028
14715080,112.23341236357645
13564490,187.0822575423147
257686,68.96894904793025
24132315,91.99820056773387
24179556,59.96052614677666
26747129,117.02794428773655
13623182,82.31048042198809
29005653,151.7925241529567
784169,203.07837123701913
4261951,230.66119726091077
23852841,62.495087199888246
6388185,214.12386381933075
4013668,208.44218426070597
10138349,79.76971671307724
26038180,112.84342059593057
6709867,71.23413955025764
28764308,87.60964410498259
11799451,174.64081082996438
16873711,69.16300227118177
503790,160.44520022446156
13526638,342.2705807351552
19246114,221.44009461197342
9683486,102.15633565317474
24286747,228.3211905045683
21603901,92.71576487285877
11657725,146.4611040975507
21660363,98.67621691762822
28775021,129.15791724040236
23185690,86.04321900902279
23810714,57.622889399442094
17997486,148.12237544625987
15020932,96.82433529164022
27678634,62.01545044692714
17140782,112.9667479410853
7643399,123.79053195943527
14014730,69.5465741046516
1053523,230.23359106884286
4384442,61.91955963433164
20587567,164.05676349957642
9660635,126.9917138171105
26054026,113.97766005824242
19153259,61.093927191218086
20165947,61.45252621522814
4567820,64.22149678777333
1755484,163.40451904483845
20815884,127.59996611183054
13750448,96.90029807769986
544131,87.2748224682275
7017768,71.29738861181356
19847790,203.29649781588614
28517276,133.8427095619602
13906623,105.2297590194429
23557996,68.00688269192312
19568441,246.2210678035901
10161361,76.16215269257896
21964623,134.9523860730974
16580,107.00868277437338
11581420,60.22670564278942
16119475,537.0679318344892
28778379,239.30354523188905
106906,78.41654671696564
20663844,162.6954308920418
17137388,141.58257202351797
19851136,183.15742823332758
3339273,127.4846101619064
17980140,69.13621407826669
26670714,294.814243775692
10038170,184.56015847480379
24725794,123.5887775165154
12145787,369.7221449693489
27580964,79.50479318508125
7454426,70.53607822359797
9369426,112.71737277169969
20928896,128.19266508922814
27783928,201.46259475087962
2320581,123.8269779995037
14092722,196.0722890675993
8239352,52.60886162284399
8414314,83.48603696436437
23053294,153.40386926082377
27904745,177.8452995215937
27528305,256.1000475516452
26307734,69.28204310284117
23189933,174.61847311167085
369671,330.2264827448474
19660325,58.10588761830007
19347384,178.6179271791725
18997986,242.93724942711665
20570518,111.07865205511672
11437792,109.53052156971505
16308886,230.80577757018875
26272163,78.30841391696889
18330871,92.00988141733973
9820483,79.41826993080666
3943279,166.86387114656978
10811681,305.9555763017043
15790640,95.85304610315352
12757639,96.07118775612469
6638446,179.68804201727934
29562746,83.44519105446722
3267114,89.63194180761327
14135050,65.22616804115911
19670534,58.99569522625905
1645915,141.8953196371375
16463655,108.78454708801651
1128681,83.70773885461301
23839732,72.61853442603235
25356602,68.13820448833118
18852200,82.0373499324363
18459948,164.43621475248727
8733480,74.2504505502725
27365908,310.3985367916809
9773158,587.9822041448039
10336440,113.80100977948916
14229842,139.2856044455256
6544209,67.35503993232055
8987606,160.58156079038983
9445593,228.29888460156303
2391204,178.6012110177384
28254358,124.29371628920485
22047750,55.21725696944853
16248277,236.97258601330964
1987546,57.70495311442832
21823574,50.38494446179561
29185240,55.61335816085599
12783809,116.90810902269548
658008,128.88691467432088
17122333,551.6929153539478
4286196,205.25258518768405
11814184,96.75563641071813
4967506,85.37892682491868
22202952,148.51216880021872
770514,198.0770470340361
22511599,77.7595235734314
16323227,61.41885935706613
2252844,278.64397805895914
21883309,253.1926891964143
29742028,84.19404564459265
26293088,236.74528984384293
21191099,62.58881344594156
28579709,84.03288914364497
1787067,128.3461245537605
2909461,223.00641751722137
26443119,122.84470201668312
5507784,191.75522759816542
25032728,254.05292497739006
949713,218.42827639531978
23882896,139.7114674288994
303725,110.56608278198978
1182187,149.42097711828762
2465333,149.73129255132042
23859490,67.17395178060109
12005318,116.49318435906446
24853936,61.34372349843104
24827469,170.78306136588364
22101002,57.07957266594206
4014803,82.18968367145389
25892653,137.44773983629662
21625390,175.3195572620881
16430333,54.29281888736111
21026272,63.202883462958056
7597951,100.89862584242606
4873699,196.44809515078757
28890885,298.50020665275474
9595698,185.30269533531023
14745842,207.53810342834018
29406821,88.68978637975722
15381675,153.9978544505411
26231801,323.28533929001
16534588,327.2767777764598
18091187,65.74931166371863
26333220,124.95956776072755
25026993,49.44519854579198
10673134,179.04102541490352
13859896,178.72993106900887
13332001,69.35420540058261
21277719,65.8637134700577
5932543,160.0115999607075
1330775,187.45736450756488
16974,518.2312378042319
22453229,254.10406721806103
9496213,63.98065632903027
15031599,50.07486925735722
22795408,98.46323694909056
2825322,55.827950950747294
21975623,86.86446563741283
10572595,213.27514606490388
21353912,122.81986233339255
29256706,62.436834403928266
19993084,80.7718135732189
27020293,311.85905938031846
25070741,215.20126583408353
29515916,83.53541799672523
5851775,326.86836318994557
24994687,446.23527251444244
23881364,42.7634821821876
13659198,68.94012173259603
16719568,148.02960822806895
3440226,167.11600597660657
16163588,123.2824874914309
27016768,179.36576348011135
15494968,219.57298029766844
14518363,170.38201511649254
20213732,79.5015438951486
22929141,131.38317901584003
19943741,242.4677093764345
2466770,102.14183716841406
5850978,187.323477714079
13743786,208.54432054466648
26421624,102.86935955260203
29705876,171.08316993531585
25140787,62.938075513358704
4232865,165.87104858382656
9847917,99.57235918107081
28965273,156.95911634868722
26953879,74.2821150168472
27079735,68.59242616718483
24260004,257.4088827737042
4772857,56.80752701238519
19551198,227.37929047999157
16082959,143.55544842584968
15495202,191.3324735034079
26318769,173.99235330602144
25451394,370.552733210927
29281707,93.7869208160621
10520825,73.78850879859016
6362662,81.89142684054427
23276859,85.32370967231653
19766791,83.34799427613936
21281051,120.41065339053428
9898894,170.66977078919652
11158160,60.418873667503526
2163602,517.2167561503958
15963447,231.18861662405183
19659617,215.47914546558187
7712022,304.96571105549395
2096581,140.92487804723845
8480087,249.81183861401414
8204392,233.96947793491745
20306217,90.86176386448466
1546945,58.262858216523874
8837432,307.43753152919777
15455678,78.30171606193653
16408202,108.08233778369119
22997501,160.67929073942028
1245479,79.80526604835165
298782,50.77758078846924
3759009,198.83614736490145
5056421,147.52057786060894
28955071,245.38160517404154
24431214,75.11499495919035
9057283,195.6909754727155
1267954,154.45508125030992
14139035,78.48444962107591
18508959,187.5003413749108
13952428,55.22887575408186
4150932,60.20907225300354
22328478,172.54346244866005
7074961,174.24943778914053
15266302,124.19208508884799
20755049,257.18614503580403
14946381,93.78989845147127
13530036,249.436467189847
14263143,65.61848447680406
13126457,149.9828556515829
6691625,66.12438883503006
6492144,294.8608915095324
13443794,41.97022508929504
27672939,195.18820323191997
7632128,129.8596720644399
26991729,530.9102628218417
13325886,60.41929679974903
16146708,73.71391477588278
3800549,126.66257959251818
7731348,173.0639153274786
18239917,269.84966967106885
16063885,157.96799794250202
22250391,46.586849214649625
21867771,45.957195675844105
21105443,136.45933326284964
14884022,128.9995822229185
32289,208.84930417218297
25456547,122.70849268408706
23700385,175.76764758565218
6048583,472.3238640462244
25458048,148.69862199584327
612936,132.33928221282937
647520,181.61291434244063
21946776,80.66700041428203
24158722,170.1479677473874
4089915,113.14667332721184
18597754,130.2447560637939
3841033,96.4977818428113
20085460,253.25648376227636
19764243,150.09719105867532
27671796,93.66639937848994
6778776,77.06694388324078
14936709,139.94430923062131
9288411,236.99087741730327
23466360,46.15391547914587
6005910,176.33493188922407
23894403,260.73985337865605
15246070,121.36629630238139
25262613,73.33055631217947
4456880,236.61712288931344
19084313,130.61691944803167
25677571,406.82172916893114
1330430,207.00004266329054
22514608,143.99790562352646
23127656,243.5616657571624
5941888,255.03099211231202
26643374,151.52856721019768
1794250,82.08249012440889
27067463,66.29849033430806
3283626,195.50375761682938
23632853,187.8793591919309
29685307,133.00113841324495
26986736,136.21309103810665
15310580,159.58355378367
17680566,153.47445495821088
3139749,72.9368093745913
6729568,88.406384147898
5629399,45.395114174730914
27018478,253.79772179754283
9414317,59.1376638414695
26040453,106.25084148348839
9977322,125.99932052246805
20466864,113.88704636434028
22793957,59.818391459571295
21559636,106.45564468152743
25885278,110.10530418356336
9349950,114.62319309406384
708358,286.3778314044204
6452788,85.0384703568393
18962847,62.517800013089904
9382719,198.3418044331153
24264371,65.03461521354599
17106014,203.88733431660535
6482006,158.9481988008348
141335,328.45270818091626
698132,69.20429582806608
9614933,71.11691931539461
5277242,201.473323622793
4493006,183.23985014270212
9434513,360.20632002278325
12831310,104.13745881034134
17189941,241.38268662613822
8568363,108.41564941026598
22232463,190.74682248686
7341983,133.4401896050534
1572815,128.7403426072694
11117800,58.43369829521685
2171809,96.73865566895013
13376413,66.19395515833865
250311,60.02012261924335
342995,94.28995040508353
14037459,100.32381066445707
7095125,96.40130976288366
21378509,342.6138609848124
2023577,91.33773585262202
29287113,76.87049100513714
21754508,137.16922431038088
27604258,77.74065861048956
20014618,221.58137645386333
5430658,54.225827615776545
21921747,63.703897170454745
23015863,126.31729955396729
17792429,79.99267905521462
20614820,187.95476983136209
26584630,134.61703919916013
20701904,340.3754862657924
8066925,103.57421155724211
1392144,198.07420995393795
67299,168.98858266651214
29627133,499.3091452132384
23021740,82.44017028745962
4017226,70.62682940449672
19012181,120.94112079851034
22048334,71.95414420576901
2309363,323.22725811498617
999984,226.6399902306447
24258565,162.78393618754794
12587698,61.313435483291805
29342616,81.29644627410255
19635460,63.49042468818283
19583464,216.0107359056692
17046562,191.55327424374002
23060372,157.09033300013246
18070342,157.52070383918885
28490190,123.4606029197292
3629381,188.0469767113955
27680233,94.2278203373664
21948799,157.46924890602028
3304307,78.04818346269725
20269685,117.72401842141083
16489175,78.56197146127577
4865387,106.31298361421473
20836753,52.21078582891539
386744,84.36007799521624
13116481,404.6984727885654
12366132,106.46125036493386
26896698,85.49734111649934
27810880,211.26528761550284
28838300,65.54887649605614
4365276,162.6544688337566
204065,182.33284203634935
27733012,59.59160404923844
13122275,176.7823189419404
7087223,213.59878725454112
17255913,225.6247209316309
26000298,293.85478365965787
11237441,176.5060980857182
28954400,137.720097140297
22552869,120.50995514104932
10067936,125.99432459306178
21535963,621.6922974542557
20590476,205.50901971541467
25505473,99.55724022047308
22319459,126.5313582389587
4847312,87.36047493575508
15461942,328.0362751624923
27615530,120.20667255819858
24681785,56.66615278716108
4862476,59.745941852362414
21676769,130.5248564907583
23660680,127.01037102112839
10684164,127.17334247546734
26191165,305.05932034378395
18778024,78.43967777335598
11965862,80.61101286862339
22019912,45.32810308190576
21935339,102.52186283835432
18175051,68.01060002182126
28843808,244.84412881419067
12168087,143.79986205250205
18188904,52.37175442776768
21814897,111.1426778482434
9678870,146.6281762335835
26860883,76.01701688017529
11859901,97.994382613529
24730752,95.53276413965074
13315551,110.47397264370431
16528098,226.91517175560375
117425,133.6469092511698
25972861,106.15580945133782
19920042,127.64073558821076
18929350,74.36131138669029
19769680,61.01826006687592
13953640,114.9902682999774
2974957,220.1306117120439
2141549,139.9932367397056
26743564,45.67285676488416
29411649,70.47632922985876
12039894,421.09820073361
12422277,128.3652380690259
2918732,208.59437030031208
21869103,214.23719728999876
24163431,206.40652189171956
19947126,272.6795629562921
17400624,150.1915786702448
6669443,77.63073984261439
11452547,199.90362280783884
27598707,184.75600493347005
18894145,88.31075140400434
27519772,50.34881511621412
24596296,78.57277533382644
20150156,196.81818115435962
21497852,276.10546862738823
5989289,139.45796039797307
8272122,67.35903673423633
401579,235.4609144868543
21972403,60.50289656745974
26704378,91.46172923920382
20636017,100.07262788017044
9381657,73.21755458990437
7801169,114.53410743689757
14296598,167.06993830169856
22881110,161.7956205576058
15043534,54.873796806211054
24285,345.3923552189653
16569554,82.87322827934405
671081,431.9155951077061
26554937,129.49765673308602
28760300,159.0465034059017
26487039,127.75710884997613
24471393,138.87771741303962
22191121,187.2730781267485
6784207,70.26046463950466
12888534,384.72475634056656
5442054,177.90617990517663
14473545,133.58520300904425
12389574,258.09530328993065
16272788,81.42706481670872
22770831,56.42589369351589
852121,204.7007335158763
22088615,63.82578991203619
27133952,58.1215018945774
21393826,101.77299726243798
27602303,128.19485174723096
7535791,156.62137295306786
8553287,246.92509214758374
16962830,146.87981272169023
8398120,101.08854431772228
7036285,94.28528565987624
6766259,79.82455591911321
20196339,95.64589797120315
22688098,91.93735809822834
24895107,136.74328808440802
8603250,72.81492695008474
16771876,105.07047104291462
16159444,50.13257089125014
5695566,47.096200726098914
19071002,35.55742098664681
19500920,255.260158744018
13100373,192.24696182639994
13397786,71.48979662407656
15270017,70.82827660744243
3677309,91.36814931320409
22452278,140.5445853799821
23058801,171.67422084661894
28635342,335.0382990103969
28713390,192.3648292177811
27575701,96.39192815455671
21151898,150.08059282638544
13495361,198.84349153260624
20978898,56.44194816491213
13746962,127.07754019723359
16143138,130.89858990581376
10034187,183.4125746722956
7177666,317.93302783223226
6132230,220.09633167194156
12523239,108.39833302488728
21244390,108.48412894495517
18762619,168.91369324412574
21693863,464.4931397426523
12812630,55.39755624456276
28920798,57.574388651431114
26325005,94.79190566984816
24498872,126.84347899192444
20998265,62.061319326079534
28369515,103.00195356725254
923729,265.3094514194203
4244528,79.28822139972486
21292529,80.14573561071786
8869998,97.35982337343297
17178617,65.50087042031986
15520229,112.72901563605471
10102667,109.870481642574
20135824,175.50702794469063
22190231,66.51128852960365
278197,59.60538996663812
3923128,147.4013517054316
26007356,67.4479405382486
18856364,58.68412497652729
21536775,116.72738111689164
19814846,72.80429373473616
11011567,178.87242196036672
28844940,58.41486206926865
19181398,69.50473442114759
3888752,172.6656276507437
4518046,67.24574108669218
203901,224.43626244514098
28811341,79.06594727287154
23666949,128.87821256507405
7746019,123.85289017763444
1461965,91.78398233207247
16331234,119.66553373595661
9861323,148.82114479330437
13479450,172.4098316293257
13388285,72.89482466963281
4998025,186.5274667595854
28786544,69.93412267635017
21651270,139.33662891910805
13633468,83.23355747947907
22628879,94.86630805933828
13865843,197.97652659284108
24132058,411.3489227749513
12855923,84.93874198898934
18167242,190.68803728048056
14856742,65.49882769610726
29209396,73.6230800144246
27620701,198.90420295261188
22400856,158.4580330975635
27261883,56.672521226352785
24428965,159.82885085009016
15721197,72.2529027840907
24608893,70.74027581731254
27951741,143.94463051771717
8916844,196.47256337756698
16963988,134.98575647877544
6786181,118.48655027600677
25047309,131.86237576001687
11526771,191.05778341649975
7574757,66.25159766081437
22109528,253.81546050516576
29412493,92.02726761131449
25943635,53.3510733386996
3638852,95.19508291515687
15758553,176.34367609306824
7319512,84.1943349074382
23325238,248.70071509399472
25297710,62.373415458734705
2261367,1110.5600475517615
22900241,67.71055412303149
21816712,144.98413188552755
26122874,139.1715016789499
9884521,125.65596989722671
26306076,146.97030928828724
21540062,99.61807210071801
24889484,85.87120924599692
22193183,81.48670772157625
29255834,165.39872564551914
3495854,172.62436385949675
10393619,148.64299973474752
29631314,402.8519321761159
19675121,71.59469250131043
20968046,83.42786032252297
10355806,61.87625585098786
1710729,81.5164644084527
17142987,120.10536023783497
28133769,101.54005224149917
27965802,64.48646244106281
22700519,69.46394563059624
18508209,57.96887816154998
4678568,72.90443980296111
23937712,178.87472110391366
23455982,96.17509625266939
14835065,259.357175172084
905425,111.73606510351506
12972040,129.9670355049976
4509357,73.30360840176105
1531211,193.59016904137138
26494242,172.6745420646226
16179103,74.46721796346708
12299,144.29488349710482
18321712,168.10805165324726
66340,144.92316127798173
18734225,68.17129167211164
6716066,199.10339361045217
24560716,43.11605317460194
8294259,77.30243869033919
22231784,307.2029811592294
3751894,225.96092572736904
3220365,140.05714802584396
11903918,356.25456428171333
9715759,125.28102740949134
3453249,132.3812311014013
13734035,192.5311823063471
13108192,214.00009143552325
12393587,56.287242691102385
13117361,178.93404946918258
2652865,217.2931456101353
27356543,290.66163175547575
430665,220.84017706772588
21500296,95.66203220619195
20325974,182.92456973811863
2635794,126.66110030177084
12485862,162.94866072444879
23761707,57.87844344342722
27810540,349.3552623068792
12658099,113.19919855358846
19162180,125.96802565954185
4768982,56.50307486544873
1335146,105.86367068305735
24312987,79.68170687714037
29056259,460.11982187183975
9899625,79.4486949114829
26781176,54.387198616609375
29584099,207.66958944297417
23876355,71.28331375890407
20412884,417.6048953378913
8647773,165.16283028119338
22609027,195.5308264331237
23955052,204.88578913963815
22357832,73.99241956891113
25069983,213.3496000425864
2189450,204.1936832660948
530632,217.29027200446157
27436296,97.82079960987437
5477876,117.02045584385722
13305621,142.55634472601957
641768,183.4303388908094
19227365,56.302624394375734
8738025,73.03218075333962
29029599,67.77599997319899
1216563,137.71633814501442
716949,62.91957520374708
19533701,78.18558242146277
29593103,134.67629327371955
21660742,214.9219132965549
7179646,71.69536520065574
22214859,284.20196767342
23620624,63.15894680695684
15262831,96.92990839755748
23505124,60.501665786530246
1090380,195.59522848932366
24331929,148.90157055416734
11654372,66.92035020672978
21794,187.20151572871336
25264902,88.53307508653582
22256926,49.896396916675805
12981106,139.5801612682125
23125489,165.4874635871826
11100996,201.88164655126096
22280762,251.9369018392822
7094112,286.18813848170777
3838416,204.45529267977793
7067804,127.6328908352084
17512944,207.56995560926978
9430502,65.42139706252532
14840260,202.1568024447895
22205113,51.42589347652776
23090512,203.7773612204277
10648971,183.42897425041838
21596559,72.89434076180372
8049964,50.80145859025905
16807028,351.90652795187816
7547536,231.1811443423695
12168212,128.52647167837804
7401514,393.8896720485931
28810687,117.51417487321743
9028589,404.9132738803689
27257936,76.41957900537848
12273048,161.22854111707957
17866206,136.6490941035055
20480431,96.01754949076013
9534327,192.30524475014928
22829464,144.7654628018387
19471417,193.3254448307467
1291020,86.00791709806437
22149868,351.00987085194976
24871779,174.88330376466635
4745012,159.2600829869625
22998663,121.20015705630142
15328237,83.30748466840093
16928488,113.03422507695738
13247579,60.86404795493505
26873318,158.827470499955
26086909,348.6673081050895
8250457,219.84692028574253
4765631,67.28398939395306
828553,218.5255810565795
18393650,107.46713181428413
1276760,123.34139543219582
21025083,61.68225702795854
24082871,170.62777043264242
25662410,336.53753619163746
17464151,215.29165487410953
29655150,241.11560103643615
19637278,159.89102206682784
9900120,60.996583599331956
11624694,111.13520522110211
11080142,71.90902873757638
8807842,60.19013580765347
1523556,67.47905732050032
21158775,163.3302189070423
13045435,71.77605119514241
13187006,100.77518262467511
21539105,121.90456849114817
8520667,52.253662154428476
25232008,236.67044092515366
11656721,81.27941843704421
840516,280.5118239800829
28775714,115.91271511375815
12422777,72.73705761188067
1657110,219.53345707152744
6738524,155.57684793281553
13148370,156.44188956193352
10243685,82.56901455336924
26425700,61.68421852205929
28917850,204.39365253881658
2637014,164.31755253699168
6006837,61.97023990157797
2042764,304.8689400885881
22412113,277.14481516790465
12153125,111.78872704657316
54544,177.63892142224438
3769257,150.21555551114355
4777090,179.08232002162586
23253068,69.68516271271534
591710,174.0661511218054
19180465,70.15677556205884
29762452,100.33425841255121
24064967,260.8212851282983
16406403,64.36390168563567
25115188,70.27506428241587
19930182,176.0225107856758
6761248,74.36632579801153
13669049,144.03494418770347
282514,75.06416063124084
107895,157.2238059350689
5679938,174.67080494931824
9777511,104.32988009913754
14398950,94.06796095076231
13830415,190.81786954127438
849703,173.55425738234922
7116786,161.6203474567036
1444924,112.43846538217691
25944038,124.4161491379284
27250336,63.23646369896636
10630738,50.816690679755766
26446103,110.98621666110246
16442423,155.3601260251045
273256,127.33537166696404
27929389,67.96213109783126
22205284,153.87027541537563
16228697,67.44078106894018
11858737,106.23875067584322
28978826,74.113703063291
24807859,77.53569999422974
26808322,62.04804036014417
10133350,230.99489395873456
26787923,48.713156617557736
4436944,53.73841217162266
22201561,105.82324292425149
28583186,145.56269972235913
27138553,232.10422455156242
20708619,84.80048287579888
25813702,215.73182321162642
18688662,50.29198703116989
29081201,99.61529820196182
9652170,86.28513371755609
26944067,180.8963449263174
7341424,153.69031623457843
27703865,127.06440165212399
9900572,82.00093275057296
6924942,168.99368486894906
3468486,145.7688548506741
7725075,82.46730663450452
3264374,151.06551856213488
4379313,241.4744753348319
21272452,99.20713586726755
2254428,58.44248305015636
1291261,264.3641694603966
23668734,219.3790184351601
23920820,94.68704377325479
21505086,77.2051079170149
4753571,207.6604401233017
17774240,61.645178377847266
19984134,119.53398352539328
13698789,70.86120762532867
29535938,148.4737992914862
17151230,87.42380226562723
12754673,66.6843332747214
28672454,339.15288704675726
8355713,60.983028836057144
2807939,132.64803201956747
5432597,258.5832928031598
28491775,219.50001674428106
27254722,103.90572135654527
13344246,157.9341834854711
16205431,432.3797038594453
9451988,271.48036791030876
23505465,101.60463471307776
18518380,307.5710190450997
26868013,56.568531203423845
16514819,63.03696456141319
17979764,141.32245338119773
12384862,154.63000090808137
26649277,111.6301525647707
29107147,429.10810091610165
3952093,348.1317408258326
14178657,200.69490700828518
29588640,99.81350899411267
21378053,200.8461093549544
6956358,100.5657027814636
19913783,96.04232959712203
25622377,73.62011926791098
28333722,175.39934500943136
10724373,147.2034841772288
24455437,196.977628389536
5826518,189.99946257585566
13957261,64.988077478212
17749273,66.99840414218936
6913023,76.71269054207487
12497438,195.78577880010099
29167257,162.9508967318484
29682302,188.19793833548866
13983092,44.574482607656726
26330106,99.56800823127575
894063,95.936471780492
22143750,92.6636789141297
21200108,140.11761736435318
28464787,66.81858048787434
6713521,365.8559664919637
12856720,66.92627119978583
26250832,71.74015793782286
28664722,201.44256841283175
28633109,99.4695273151171
13707310,64.08566024665068
1630572,113.06872968233638
13446580,230.04783040515778
2918225,142.04828355854656
23487824,135.4234246991256
585491,202.40756766443576
25004276,48.422706355985554
26684952,220.70834469120192
23629364,335.7665733208427
16055506,89.7032353428538
28310699,71.10560990472531
14945585,66.35137264762551
26231339,59.174185304910274
29676091,221.38750423531496
11206278,97.36607745959189
12091679,152.8123729075888
27237590,680.9507324738546
18428477,158.9486063119544
11014346,71.53266180359539
9471893,464.09611575023035
6425712,178.10488009984863
23131011,59.10263255650224
13788908,66.03008043529108
20309353,90.27378004834249
25186923,159.63848802209694
28751496,154.75435143011126
23463596,46.995857091826046
19018768,272.6544261794218
253800,192.5931438784644
4482158,193.12566948800782
26203807,64.86371832449201
25916906,288.1624705775873
15248757,70.30844877807014
3971534,76.56991671367344
20466152,122.24851750402195
18354443,245.46429347577524
15988922,137.29251401095812
26518602,301.3619449153857
15715599,86.06351866044453
11198278,211.46235012634065
19603348,110.99086597120952
15887225,91.9340423853509
5699348,144.4241532722506
21312330,142.25583698179182
21177480,66.4694671152348
11796761,106.46316272603396
24374428,213.00574137396893
1932094,130.10093600850905
11910609,446.7212656339202
21422721,56.56410783831524
6970441,103.11952975851061
18755951,183.11320838965105
29680099,71.14562857894188
26558970,222.05456844901428
25673769,66.78127185785702
20933850,102.3871541192009
27873545,98.79776458566641
14869063,200.82574643743692
32969,167.96537344107415
24451616,61.59864670653368
4053517,194.20686542158822
21648143,75.81850808245838
9525490,412.6150958734075
21967835,195.08041505536372
18610543,151.08233366219338
15222861,109.75166597080363
28254887,128.77122804529586
1056445,230.32951968236162
1728938,112.11346342879682
10692885,171.27673997483154
10798553,142.03165722876233
18704993,58.9380473191992
9560398,141.50924531095163
13841569,95.72849870434077
1966735,52.56759880490259
21698243,114.18251056107694
22159868,184.6781354313938
20321862,104.42677065578344
1332473,64.40254198042088
10086344,141.82125480968276
19930835,49.80767742356685
28935575,143.62213554180457
24656728,136.0203235777391
2480684,59.94505897769857
19554164,108.31811787901444
7619668,59.71586595273721
5749147,46.62077351324601
23927609,318.8298202426219
1989972,85.62509336269238
28780256,71.24967143186966
951365,105.71957678056488
21205374,190.06602325419624
24515198,72.2305783681292
17515354,186.76313928444665
19504985,265.35986859515305
21706896,138.17555929363525
21754882,70.28358804312388
12423497,221.71205959628287
2008122,117.0468042982592
10021499,62.93406119613197
13674053,73.6171692916588
6703191,104.46126388150094
7948163,115.91209178416966
15327841,412.56749717632675
1042806,60.810971237816496
3544858,81.28920505920858
9378184,124.60035620568851
14654676,62.613359858195004
23078769,73.65422680920108
23080356,59.20213677647007
16846074,202.4688192201264
13170159,137.56589408462173
24089034,104.97781803728152
4255791,98.31235559500323
28307146,348.1178896954482
5470350,72.83859843561301
4747624,89.34964848582064
7980191,196.36069201462223
21308528,107.64412607074746
18175507,187.4128944747588
22567318,144.39008456478618
14316228,136.55631210550436
7228259,76.73242005198598
23919286,126.95461270250694
9711921,415.94382702356523
14287,151.04303876114912
27637220,219.7593783130334
1354775,600.1212045524641
25221034,116.50037849729081
901664,149.63126281912034
11677489,175.1903415526768
10996466,93.50369396513359
16187270,72.67673580961734
18672760,139.56292568055355
8285992,156.14854022126056
8994904,119.48088673133513
12282345,82.31801610880244
22649836,58.372354653185035
27807645,72.6901981417896
4857619,149.17934825076262
18462105,67.5353337565028
13091455,179.66543599821253
22086968,151.89476226280493
13734814,208.78198393372506
19386274,99.22563276361693
5305619,133.06851965015485
22327250,112.198916459551
4438931,116.31658612126006
6403611,174.5233008054423
22208816,123.4931628276014
17436829,94.83358268305373
23040031,62.92614440300523
22499295,118.83917082005557
27365650,87.24398754859072
8410796,109.86802321459875
24078852,204.879499037337
5487204,54.25850951788763
12358117,469.0565017882714
21123910,224.38694379576972
860401,164.62149345634103
6525765,71.25818758577462
25186552,153.1722284150754
19952672,217.48141099375496
21748229,232.87395921123235
21804933,64.14006299926504
21923996,214.66941367368358
13039122,53.971517780445204
15359284,270.1323685365887
15301517,61.83491537092659
21666958,85.86795947541873
25229464,90.45617859380265
5533397,110.52849342897063
4051643,69.57795912483357
26681846,86.85123771567588
24163017,85.80601656213747
26035639,263.1070692896726
1183620,236.93452042240742
2255005,147.04737268162754
28520092,248.52149353362339
60948,180.5787090356475
13497305,80.15064233737691
19502013,105.86461363417742
22105520,274.418196161466
6277476,126.63104749108356
26691026,42.529847364366645
19509006,62.41564966435684
22233218,388.89708970178
25895122,267.5192154138868
18025811,407.3217785047552
24230339,54.519625269008564
10491207,66.70987057721901
14334508,164.39328849849932
19138221,248.8524709707282
19964262,58.83935333945701
20991910,150.07380905450444
9901706,224.5507947468384
21850427,58.09807408440762
6967723,103.7888314806031
26066650,143.4041054035259
29285950,70.80791371363004
3993388,193.50289718556178
24230173,145.21768173863035
271130,77.03391829957475
29282763,278.2418650667683
15678122,72.92786250417436
22961764,84.62367087952612
1785141,191.70371655657718
15233592,393.774506358503
26033963,200.9032917044675
3775379,126.8309478512031
3840000,157.3741156320145
5009768,123.01413076096712
12093078,299.7586810398337
17332200,64.04175545876802
13262082,102.80228098165499
24490053,207.01667634039663
20052855,59.76561402943679
28179681,202.62227710778916
5978999,59.236740859545904
9183131,164.04962961629488
9730117,166.25727047136454
9459037,106.51330937873365
6784669,145.5271350798395
19280513,105.82978259533917
16341416,52.50918293263252
2620068,147.24562851522762
20570291,172.10044039827503
3585974,155.4255496405701
28252253,96.70203515770605
24017407,60.62974771172653
20942199,233.48983157961257
2371794,117.77056553456168
20679396,117.4030029971933
26409175,60.09473418865175
25606562,336.27726679581707
16829867,181.10604359911534
125053,319.8125838814114
20663936,74.23802617168273
13769544,144.01562253200623
228517,86.35640837173504
10460271,287.8040683438114
25017424,77.69306499751475
12933093,230.197518712896
525523,85.30255101169332
23027004,209.13792315594608
19142223,98.57810767091286
6705158,285.91187171636625
14131597,61.50302222314045
9693809,60.47161751314662
13481935,60.07142033196513
29313326,101.33569980783612
27637755,137.8808712925521
20464496,73.20671793314557
4954082,79.04380294794419
7692701,136.29864837458237
14489615,110.53035516466946
7354701,249.6313025725947
26388933,31.906349190409742
17737925,74.28865686094487
26629683,181.4929936549422
7331201,108.45599891303503
22142575,126.57348862074518
4350120,128.1513734441679
21935727,261.6929637995932
23124338,301.9617676556359
6000868,103.36394635302912
15813866,48.32408660079603
21005520,60.97214906394637
23107541,214.2841280698177
5826468,273.0895608838617
852632,57.86630352099828
16943101,341.3197388048636
19012156,87.96649876500449
29652274,94.18753370229808
10155003,187.52535635315095
27237550,680.9507324738546
29701465,184.39153652156702
925137,159.85937211448862
1750679,172.58503161985672
11728836,128.36578543195603
13151072,158.4344714524197
769175,69.09590752788239
3882466,164.87752795859882
16140113,67.27087196911121
21624428,192.92306819619864
2691063,122.65635586680928
15470101,402.5387114434425
16259787,124.9381249925453
25206790,146.34394814590465
29568182,239.5010247262463
23995470,84.91253233714866
24850910,185.4180671438285
14058375,88.92346919945652
21983067,143.90515484443316
4385360,263.6141356097551
18616575,52.991436751676446
13822852,181.66506673912116
27540139,192.70303095278473
20960324,213.7284417418472
5534962,164.4548901399943
5770283,145.4227874751111
8034514,179.3629779115935
3913541,109.8829478708267
2082328,54.95891935962542
22944203,125.53261389127597
20600247,219.80203014839034
16709795,191.52251625200458
22880113,280.999965266934
17547277,222.57901524792464
14967970,62.16893086740051
22033598,122.73967785003428
24910714,119.89586134510955
3104652,195.44572598804874
29339258,144.76635380773268
9509148,156.2124305577161
4261029,64.12472855971116
29205903,87.55855044515113
21313960,103.5894391046159
18824433,95.54249671297411
9685158,290.58472012370765
8719522,118.86716168834289
22972357,215.22730020587338
12609695,63.012806885045904
26844257,213.69679099108032
27284901,51.399605112230795
19212268,135.58610018471185
13114437,60.167187969594835
14088715,183.08231325697128
28893392,236.00191889356825
29006250,133.36848453382316
11829419,54.82215626312834
28379021,199.51018109506228
9880294,65.80632182461285
23744762,59.20134025123636
27099545,430.7198367132102
28759747,164.00481845586887
6626581,255.26446042323974
1885385,73.37692054071528
6760353,107.82558648466295
7475079,66.53662235255656
135706,144.80790043229675
21624828,86.70459679359841
19244237,61.93149380770214
1700471,88.72212880831239
12850911,142.20904766776664
22146614,202.09123376083315
6939638,623.2497770158844
25820666,66.45073568404047
29104786,81.85342983583188
9548935,74.29068888655118
23858901,127.8753616635344
511960,175.7252916750223
23843147,142.48749919905688
3499251,187.8259507262214
15021783,105.14397148648486
26472343,74.52203991303905
15798969,143.72151295324073
24965098,250.37009022905457
9489316,54.43909316964719
18228187,58.997761895376925
22842339,61.76409140323193
21836315,191.48958561588742
4933043,140.2691530813607
29489329,70.47545021904448
7774182,188.8465064061376
15165971,47.150902807373846
5233279,154.81407911175884
21937945,161.23584940609268
9062515,138.09173458261736
25140070,243.9599835226742
13084004,103.77509505792023
162565,179.34625639631727
28920811,144.56704073305684
26985333,432.8477823139258
28867326,60.44746460044771
20812899,137.9680193417554
23977036,163.14175108573863
27184736,103.82190440182283
16260117,90.34467609333647
811299,161.5477877397453
26064299,161.35169785195987
14987023,75.61784744073663
5956257,68.29757309684425
17140748,75.8508480405756
4824849,374.1821477067073
21098719,139.3625262539086
783911,172.9200367501727
6574353,79.58162085917121
17152737,288.3969489134708
21504532,112.1540521429913
22218658,90.46773862638479
14195878,52.70421098637678
3602739,105.41810455571657
17447049,62.308037688472005
14880613,207.69359750071195
7225732,86.91994207357
26251284,274.1189949163512
24162357,168.57905425197305
22403335,135.71595369647204
28661704,50.68952556048628
10539341,144.728207038703
9404068,164.47323827793034
19438978,101.33571758966731
6000785,114.21047597008071
10166986,174.23178677077195
15374564,79.79000562966779
27232376,82.21984117258133
5850712,188.02404422982514
27774442,196.19660831798387
5022,135.39780252135014
4494588,245.6356899942617
25548391,68.81797724830378
27423028,67.61949348214671
28567586,344.4173083439862
28537110,1130.781122349681
21699294,95.14631298992333
23729465,159.00190050045143
18540170,57.9543962259926
22636548,192.80685947265374
2083824,194.77064389025156
24060140,161.73081613588596
5897622,147.5845698339434
9132614,82.11297176275689
4538012,93.30423178917175
2079765,112.39922749935158
23960870,54.32033930072789
20651581,107.54637922761975
29149191,222.1899333704888
10087575,160.18063966756316
114969,141.4639850921261
13243615,143.03719017316268
3504289,110.39323581481098
24200722,231.38671240795102
13333916,59.10756592281793
16083168,78.02306365288308
29332188,300.3626576717093
9400570,134.3382795473414
180792,120.87190967953826
8845982,176.85578143369017
975229,204.4263078539777
17586014,166.386415351227
28667823,96.19886651375612
13840253,92.61770476136975
3574304,68.91367328258693
29222200,134.60611806577242
3783021,155.14648781522652
10537651,126.65848172477699
21245112,89.16011162381187
26421047,66.44361072538469
14140905,92.8824352537705
4589819,86.56146412918827
378790,152.967004672151
1304952,78.89526867891998
26668226,62.36795107409842
16916234,129.63208169737587
7920394,171.7161009992639
27611098,145.76455258073943
13186395,57.58237830721058
13531199,160.83751941437325
17933132,443.76759422616686
6170699,251.5926959643973
28722897,65.8628514550623
10263516,160.11300596449811
1780748,110.12292072327119
17297014,190.88434568710122
24267506,65.94697316282668
23983152,67.49469256884646
16157731,201.5752182639808
20194342,132.61427722292322
452541,135.04254629640903
17364861,173.17188235580514
28427812,185.84515385523378
21057638,223.0380075526024
4416667,110.73275820967359
3468942,165.34776685421264
5286096,172.3313257003223
4885569,165.6349305194124
26390806,127.2872381182879
4718809,182.88602673688203
16613394,114.57716537632581
20699097,59.633999874980496
9716234,61.255992086245726
3240518,204.4552442618395
6800277,198.92648646250913
20607819,361.4021111508321
839058,213.23417038699858
20811403,110.82112893380135
17979086,69.97536847890646
9046095,179.95356395380213
23747567,114.76892628160282
9096327,193.0111005169499
26957426,203.26930451425127
21457762,130.59725525892966
2774934,88.3403264463255
15902909,58.322408514889425
12695038,62.67656501139063
4082062,67.35420226185772
21405904,66.68966083956931
8304576,144.58462233972674
16202095,142.4387415645514
20035466,96.7196096952977
5523876,151.34152781918556
15772750,167.23764485509867
21894785,246.2708062406024
18872495,59.60341513380106
15201389,251.5442405774695
28961444,74.8848708064183
22917039,64.14754946790451
788106,184.8207819742873
12869174,57.53345437548171
8973292,353.0641186623023
22486540,49.03477502771336
29170953,42.62036390862834
24916744,134.45878916178276
24285110,353.4964976827808
23870093,120.54515538015909
23806188,149.76271452824406
27573861,56.25020094482522
5249550,136.6949356277203
16506579,86.25724259502321
12736073,253.88795381223449
18011412,74.58147000313973
7775128,223.52524427059112
9309192,147.1117804513103
16778711,139.943432216501
22175513,82.53963083593275
9047816,72.91072569703931
14952053,62.7451600758583
9394419,131.1014841120581
11096801,64.79499641608294
9364184,152.0508505665424
19051187,62.55577920687673
28111470,83.21850812849304
3176655,227.10594475079006
5193421,176.41147520816753
13411035,248.07210398716575
1101097,139.79007150888847
16794070,134.57983972593217
6243991,133.05082797011337
21232863,54.91165607511888
22907187,216.77768141426964
24966412,87.71283688392107
11641041,171.95088590896754
19555750,96.21646656247061
29332407,182.0063189542889
516461,158.39665447879563
23803334,94.52859747337324
25828589,70.91946536592086
4747068,117.00684228303737
176135,108.9120209439195
27573483,133.9334930506915
28608063,103.90548054721215
4853647,80.98878328329721
13414523,96.0577879629302
17961885,82.62733063575452
21740055,182.2144191805675
15825854,193.86750674810096
21250819,65.7179429265416
29188542,149.1677736062306
18655117,52.54607739125118
16085088,50.30089974940865
19466060,62.816066850359135
22436581,57.896571261511816
23131354,118.99599195808048
7198703,58.219535082983434
7679943,157.17558098041755
11147918,84.57669264498256
19926628,55.43123387901401
20535577,119.5930226260595
8979762,107.69440422904023
6603830,204.09112008832713
15113479,422.04399262432815
22815783,60.798017119882076
29490752,83.30906933109222
21009737,175.98150182461413
25075101,183.7302899565424
801626,81.45253842256919
22159309,174.0915858545023
9759704,58.35700624179222
29688683,48.846556844041324
13514940,142.63918634943386
20205958,397.92219865279054
6775943,94.10823076870197
17279472,237.15839195958335
2145620,103.34699180664575
24966023,54.28094802399542
20983421,78.07193662877098
9704,75.2779856509085
20503837,58.93751618458995
18252876,151.32189778312667
6383611,131.36494104424048
11236273,75.46389271068351
16916926,68.66812856764476
14608900,58.198028168707005
6924363,93.02534495198934
14823552,62.82605439777433
21517530,142.95635529500237
7176975,247.56086079784112
4138024,206.57610542198378
27989781,64.79427311630187
4172947,144.25496447014072
16874685,110.68800539462198
8703888,57.667559737514715
11145050,106.6908289255009
9435931,229.99878497342797
16489149,815.3944279094081
22480108,241.3607823272258
9919042,486.2693414018491
13513592,87.49953203526263
13514745,87.41130913361279
21461479,73.665386824305
27028437,219.0504615195729
21550437,50.6034860188964
20026248,167.89828792571691
21000540,122.12875009591141
12738473,137.27447696710922
16916191,131.5615081813793
17515678,191.73286365226804
2479193,232.9586211760975
6687933,146.50900334915303
10708300,68.8267347904727
25679063,49.22130545668671
19342731,63.12649191809309
6921984,187.309958228588
21985066,70.96285362079767
18731029,77.15767509560709
15172179,282.49587303328366
11904345,64.13530470109106
29629878,64.82905243584634
16153863,144.1316739426065
11566601,73.12922794865334
28671481,196.3522200184252
13081205,60.879691277500626
24803376,62.553748318910806
14913941,94.74359387795357
18625919,93.73048644408719
7893820,197.75595147144574
4677654,51.37829368730896
12216500,136.408014775949
26467543,421.8508550450744
16005448,103.8833558138205
19592057,210.36723405081113
23092629,64.49337748504398
15230339,417.0010905347181
17979046,83.86183221512165
3616547,171.48493608651452
14427313,81.89788922074185
20982500,131.55264440189842
221043,135.90816158335832
21756084,52.293896342675474
29125444,202.29555149675093
4428906,286.3947951512478
6686165,58.427996506596436
13694129,79.23932662708579
21674032,116.44961148983198
8335547,254.32195831104778
7087255,337.4138191562485
3458525,149.48212222066923
25588085,138.2345300526299
28464829,82.5106720037091
26756339,49.70000779120613
16244553,92.2899637127998
8162607,212.25729044842834
21664936,98.3584573038817
24181763,100.15361588797127
21773380,124.52203965763692
12868264,97.58954936627272
9477535,182.02024889494155
20901848,85.38237827882683
21399131,122.472384959375
15126948,102.16979755760947
28275375,84.02195598391724
5102361,57.60888291405343
29155175,112.95260455699793
24267706,59.955363063910845
28109305,132.09893191421543
19441240,60.65295226716504
24498097,74.52348969342692
9789392,127.63353631872631
3643392,67.56712913397887
811198,308.92143300716526
16412250,119.26075013862908
26846269,69.85374194899816
25344567,87.22585602011928
8081037,170.99198561382718
9973900,49.55246575356522
24868754,50.23525163517431
18198806,93.25626254890487
21751524,165.90594609236885
11524437,68.80758426236629
19085687,61.266488827245404
10540910,188.45932901163394
19949403,75.20857714815041
11865950,61.24072678755567
29228604,220.76337783311604
5068303,103.8488386260316
7460924,176.88474354186783
6146783,69.91582242331579
3447238,124.63749569536809
24130099,194.30075087474634
62452,47.663705835839586
19965541,93.22715027615816
28638855,74.52675078237523
21957769,350.8174377166902
4285876,200.49240526740803
20636966,240.80315285994433
5361824,76.99553074965898
2208683,86.63204064403014
21311903,125.68422104229266
21384584,269.08286572229736
13097050,94.93485636240281
18769652,162.41751776577306
28989752,52.65833290810145
23091275,169.55671291524106
20194954,146.29135848746273
27851821,146.83099601240335
794535,180.5013196341632
13643063,339.66674259853863
28307159,125.7550399220239
6184149,226.68575420893453
21635240,60.21624157455693
5562978,192.6814248016034
686373,104.32245016281541
26271462,191.72496167593067
10473730,52.54231526587258
1189225,218.76603702584475
20326257,139.79277670739955
21151290,227.4230026616607
25051166,54.27014968740875
28914077,166.13890696978743
26333631,274.73242666639027
26338897,182.4157315928081
9260911,384.6192997697196
1702533,212.28848371395205
1132907,184.29920141659895
13939924,276.0431372578435
3519172,140.67264165224523
13549611,121.67052125766376
6292515,57.46664516305497
28940952,69.36284248393247
15545378,325.21897547257817
26127763,119.5979612647385
277370,138.4830723672301
15218579,560.8925026770934
21283267,62.982091233602375
24576954,373.70197766925776
19073548,188.44332148567977
12509350,88.19581891050548
20655641,69.80026761707173
29209379,44.67459350571138
399946,119.70227639891358
1466688,138.14558485164926
17304644,96.25681024558868
18582792,103.79254486481709
18596194,62.570441076434925
26386411,72.9148006374176
5031321,229.41694314912206
8191897,88.40402704541081
8473221,409.3663486397659
14375524,46.97731567222138
26189112,204.42591154310534
4757662,216.54799672786544
21055153,174.34036593743176
63657,120.33328810626877
26575508,61.478651590462526
24538110,300.6355661083888
26929793,178.58858879714035
8061409,54.61330144192823
15497443,379.95576077897687
26273503,790.7081299770813
1112070,66.45318411735941
6027485,55.63551021631374
25519673,178.54263209208224
14761949,74.12891467300501
11503335,122.74560317981309
24892670,74.04691257895752
21530389,138.63731865613076
4606385,137.37557879987023
14570963,388.9409102047535
18222186,84.1711413686935
3924619,54.8572907623497
10390093,166.92075899990854
5286482,57.89078676080381
1166947,65.69007242920058
21798292,153.17622771986345
14011318,123.9879524225676
1358881,64.317108947963
12623332,144.52058349146674
20309321,106.37072396334293
9107626,232.6443155575735
13820083,98.92747950778153
17387259,50.02307096331637
27336613,124.57079749883597
18615497,63.53725728912872
22122470,366.58279807354216
19052152,206.11758683804737
6764316,87.6601721649455
19015421,98.90870026577808
3268008,195.9278418369205
1000995,137.47763861925023
27829546,215.47813121536535
6834972,192.30565576516824
25459173,71.23719097541289
314982,118.48911702178964
29557304,114.18246799510358
25811825,229.63126625680525
25004481,148.05992493739748
25107333,214.42766260660972
13017185,61.39449026085782
21826195,174.03099969665493
29369241,86.63126452051411
29226102,185.30779976255303
573612,83.9106167572438
23669140,115.83080121513895
23483266,63.89959409198088
8848243,79.02653303380369
15770469,90.16383149185508
17475107,57.70863630194506
29682883,436.38401434014577
14653800,208.1936814684424
23167844,209.8154465654492
17512293,212.3414187643193
2198970,68.54063822809474
9696653,172.46141025820808
13956326,175.1033262127054
11460993,176.951335771779
4033998,67.77701233448114
16424934,188.80603201368868
13220375,209.60456021277693
21726523,77.57044994918404
22357868,244.5440876083188
18614940,33.39484332655882
22074303,310.4281606409057
29507931,571.269416386774
12713950,72.31984949016623
12861956,165.55050563148112
23576132,93.98961030100702
11656367,211.8130655380952
21290471,132.81850647144012
22797190,158.30382736306112
21147943,48.8151852677166
8352032,182.46203911637463
5105768,101.24858241572791
28723395,72.76881933634598
28415732,117.8575311029512
14234046,172.33662096949737
28685527,221.55609594632583
10365373,93.8590237759928
25951631,215.35766124733087
15721847,83.82137768839952
28913324,268.97271396389044
16758426,153.30368687283456
13760233,108.97483059129745
471758,500.2536988025942
25189933,54.64311503582474
4136888,54.93398698154049
24427392,193.47666620003574
17762218,148.5329576316573
8847200,61.78587882944464
21770449,143.43802349210384
22107189,131.77633515699145
22969472,66.46616873103423
10940559,175.4282069448319
23355877,59.50968840639729
9941603,96.95338635752397
13906636,134.0944409040829
14221071,388.75484974648225
16299975,62.60446161700283
23920934,100.16001873226088
9978606,82.66342622218453
15064756,98.72562180023785
26217442,59.70119209569083
16426123,398.31594207819006
12410412,343.4635063768133
17702242,111.10593532119152
13432741,109.21539496682283
1781786,161.08888296757894
29756773,84.16648429388017
20482284,88.37643158798157
9513743,166.6410754962657
13942612,135.73634116037798
10020815,159.41495348351907
19439624,82.45805699383962
25861180,273.60319688277735
21350875,61.83023905219002
13531132,203.11773710171124
28953757,77.93434245748792
4790969,56.552116170834665
22103397,48.780587171476945
2634573,346.1680187433551
21516411,252.72104840591214
22751906,160.26749080371303
22329775,45.96664884770698
4270499,132.36633687255357
18225729,244.4743769359039
267652,71.2474804835699
10184162,87.81481134207861
9734844,58.847550139385476
22319587,178.49548802672908
16323724,171.08350217886564
2459916,61.70316723423338
22517182,83.61774258744983
5144831,192.93004511676142
4324166,63.02364024845398
744078,77.04585345636768
20074304,98.91329398426302
22088276,232.8988148670184
15952950,69.01282792351707
25345332,65.85964272149631
21950927,168.507219266443
6619100,191.50757498216134
7053496,78.09954844273688
2994648,121.3905916807684
3426233,243.82297018257063
22653062,267.50920371453446
105469,75.20932516825147
28278875,108.54448688620745
10837039,76.26160725400769
3084473,150.11389522142588
13730254,201.5477837000349
17569280,137.02539154798936
848853,86.19178983622345
3908471,214.60602340715332
21881963,67.68341900422145
27375467,116.93429165565578
18520516,186.59684858124436
21473648,109.49841463644395
23772660,89.55111113536941
12033408,234.16281146286443
14809727,84.8666197688364
7509362,102.48146902793151
3892700,97.28633945984343
15756248,109.02054121510314
21960659,103.63015405449563
12786165,188.60406061988851
22062215,134.9241721081194
22013965,65.12922771074615
11743513,123.27473063810896
4742842,83.72675694668494
14756913,107.96643054104892
21460970,161.51129086953685
7452390,89.07599293334926
25928236,148.19746320504618
13539571,73.98172912887772
9804516,229.44991758804042
22546236,125.71105262136108
2459285,534.9122826918342
19348168,120.29699523015029
6853532,141.18831343248567
27029618,149.74549074321055
12698900,84.11775763064229
3914461,253.93567655067412
21798589,142.53022724386463
29283089,171.1363540233509
16309538,174.52612073788092
26558891,122.51276295143661
27810309,123.6814679623787
9298992,73.57936601286534
15614302,57.49185590868267
16725879,410.0841180844653
8458505,116.89170794378178
23167907,346.6936371489457
1802584,115.8760616475842
14582793,152.7564480964219
16267803,125.5946180982221
22261530,118.7837787816999
21581457,77.9651304808976
29310538,574.146649157919
18782857,269.4531658073717
13636044,63.92711387830613
1026945,63.611848833724935
15065651,64.21230546801087
19242128,149.97451313236226
4824310,122.5673831014703
27606727,337.0247711559873
21173744,151.06117341780512
3447448,108.11719988145364
25317019,469.2661559334136
14032445,166.1731861048174
22516600,62.96795253986121
19714340,163.50862982079386
1952271,180.0508671094224
28250999,135.33929467148297
8342053,205.71681959542425
1484310,171.62714226211415
7432146,80.56132860713508
695297,74.85849711073334
10115792,431.78939728532663
508117,87.02821841477521
27565070,60.49991462309086
23164537,40.220034734289136
17713865,98.34861955716093
12646130,358.9063154794147
19638811,179.5192609353799
4730379,99.72874524162931
9461187,148.29096790930816
28544890,59.201258609742844
1171581,254.51737637241368
13560118,209.92477048927262
27507439,174.4345706969655
13987276,83.23799037775252
19912628,64.27581520708792
18857134,105.56027606914323
16933481,133.91413447894988
29411491,179.06157990304064
27749144,66.92215486656306
22712478,106.18957143308039
17907935,132.93774676453415
13361626,141.6935700490818
9059931,60.07176095141927
5396240,110.67250258593732
344068,104.45317429200698
16663520,192.2387709161866
17118642,126.25524152144926
16260132,55.58589757812038
21868813,115.19614308405899
9879796,400.1068485830976
22611934,77.67340171171325
21608357,103.07587447369366
11888497,132.82022762268534
7204547,170.75397676617663
28049316,124.20937569901052
6170979,121.68934823828829
22249256,184.13119755682715
21283551,96.62887162599509
28180719,222.23008231833788
11567796,171.51441822906133
22480137,209.55803011495595
9726143,186.1930711330956
22190466,143.46236600627267
23565676,121.62545548763892
29632733,76.87681464115053
23548260,184.95886183537687
6553559,134.3270858693839
4596378,72.236807288597
823245,94.09886831528895
3521162,185.26013549319293
7649693,76.6397105628469
22656433,155.5985765673515
25228900,159.3354540630605
18892793,58.618538222251026
1421933,105.12462339715181
1487222,191.11530273234666
4798794,215.1623927165856
28758083,108.97003104593612
7867890,168.2545879205151
18208738,197.16318721248504
13885247,182.43735209111537
23230793,60.38415901605644
3400999,76.29010769194876
26450817,184.82625105056732
818325,169.11751768408723
27430723,80.27242269811124
19364229,112.06721822781871
24062062,227.06777606998196
4567765,607.0177189023635
21969143,125.24463655787626
21624567,64.87635522129938
22995914,127.48961329086114
9699559,200.46913788703682
13973514,75.99114915595082
23664280,109.71172151705048
16303132,55.62990619332944
1317612,70.60452455113158
6504972,52.5537101716045
21298561,325.14979543524356
2043832,125.36807380430571
1338362,215.66811060253804
21244035,120.37300067109338
29508042,96.9057623649929
20663997,71.74140837554155
955542,91.3242489060114
14315012,99.41586833404331
25349479,511.84003039032785
28758148,169.97549116543942
13248480,97.61338508619686
15699791,104.89094581151265
16366990,67.02640368887371
1115349,102.42794497419557
1516193,174.8863236656166
24968879,114.19095690913555
8842752,130.65955125818076
13387713,173.05408812083877
9113702,224.80897505206812
25424320,72.5320072972618
13624795,878.2204064033108
7378773,119.24228491933161
28013358,96.5327983356117
28941245,98.54171833622632
18612788,153.05572387730996
4808239,119.77204423456534
24939363,135.05174853251808
14670074,117.49415540013712
8652866,75.71768819842318
9345523,103.76083533493352
706347,102.77184709082529
19606485,83.15674265673526
29737168,94.70673205659163
28631013,90.35531517001185
24000094,207.05723741026267
13114542,68.4319530279279
29606139,43.286326838239354
10035023,205.29816438161598
6466590,43.417704294061764
62903,195.5982296596742
990529,132.30017417757705
15898213,144.06788032755023
17589815,87.69085863071558
8014087,154.26316968898442
22649404,163.73665617935376
15190865,184.59058152605442
23770928,185.66439936346913
5942682,129.86646489076924
28532378,58.56958821732834
14012690,85.97732382177692
9093358,199.4781792729527
1918017,162.3138587262112
21530882,61.24447864236268
26138542,103.92078035669289
6029809,123.05644123046001
21750219,297.57945521055575
8340665,179.44701623631434
18197137,109.69934369378224
9880495,227.73286470288716
2220959,250.84813455092754
9710289,245.33808621357844
13329001,153.9950356925847
23668744,221.25101288751998
5593679,134.16651128018202
28334760,92.67552828513608
20494330,216.39280730301786
20884271,74.04608064075404
19633139,84.89071974563659
13820985,73.50648136589469
28733777,117.89267488310668
12684755,85.32345863774803
6686140,180.54387971308992
15585484,377.4802597899565
9562515,166.58700501595604
5885201,83.81099712615429
5404627,252.8581829826832
2152612,202.5120396753489
1523892,189.9443091991458
9935509,114.9939887820863
20351140,234.6348874928664
19943440,314.535762053458
23765629,273.33322257711416
10186839,157.80100709338544
3461872,88.86511394874155
2046789,305.38803349827515
4315562,132.44126543157202
25813279,94.24180303322849
8518878,116.43642206494629
22336299,133.48293487528488
25289487,84.25878528225755
19190801,61.32182460812135
24967755,113.11291185932254
21859249,152.07140109821646
17702057,181.39887318023548
25125747,195.7259578596701
15299630,160.21489179914587
16010302,198.6284996382401
14491606,156.7004575160571
29629370,125.71178092287778
29507005,57.281785725913295
21833222,82.39708714608184
24137890,175.71635717303363
26383405,155.55760265022252
29759120,121.45121042338035
5726773,62.371722171048
2525956,207.81588932284012
16528572,84.44804630492212
26748151,334.71397034126494
14759851,102.17528591245717
23020466,142.69105747733983
4365756,116.8520264783977
9247687,50.79246596059778
22203719,202.36887677705985
22887875,153.32871391879283
16559019,142.1081493869067
8439191,161.97908256101127
10012551,184.7819657249695
12982324,254.0557516179612
9933667,128.00690406711513
22534385,75.48464547638142
13893853,126.89631875529835
23517220,67.293902517148
19367928,98.08420898420017
17900243,211.3186224209835
24337003,122.598343557837
21926117,161.6135192191811
19981877,51.338872689151
27926502,157.4379762613063
77765,154.58648560278817
1027808,344.86483926231875
1759154,68.46291317187678
26870768,274.0556588487344
26305419,149.40191952532044
20156079,168.48188069502152
778381,58.65185354873085
21306457,96.90295540608868
7675994,113.54204143546146
7323497,126.70092676865909
18597908,259.52668154824124
9380524,217.32201702711427
16769229,153.17213186361622
21274412,141.8941980039091
24157021,54.467466162119756
11893359,121.17833061936226
19019159,76.45643153872096
16687775,95.85694370996801
24429934,169.15849001400036
25938477,61.728085445121344
7915831,66.93288917111062
23400115,180.03850619191257
7573103,177.85083147939795
11006134,237.94581175819155
11441692,165.62062349166004
1818420,62.70284175921668
4233006,65.79087368936592
5521107,81.29574376745309
985642,101.62638145351644
16171202,60.37373373138939
3560261,125.9003648472704
10013355,88.1663068364342
22759494,243.12146853199297
19544404,179.08443169644477
22001568,68.86009366531755
19173391,237.28225880602153
20621815,191.80769424531115
22085892,77.07574012158398
15481609,63.57615395352638
21865904,64.088497990004
28180955,271.13092625265557
22516244,129.70322106628123
23901779,159.75753412477175
20466247,147.95312994099226
13477118,128.50970754550147
14821603,66.3015015650842
19380871,85.382291334697
1099244,231.20854298520973
2268005,57.87989489333628
4833671,72.57580953191079
22811779,169.0752119063106
4119763,62.11351412777871
3060745,100.4852576830553
21931779,74.52552426248342
8225,98.20902500919145
29126417,60.85267572908716
26714728,53.71232376808353
2102542,126.21389250395403
18323045,133.85494838315395
751904,91.85678588633199
7712634,80.61376245504717
21312283,125.68422104229266
22904985,175.51296994110007
25776030,122.39275957849918
27056608,188.97355653403807
28251431,218.56352991831818
638894,128.94234259642766
6608666,60.05695226027179
15981655,176.18625411688092
3310706,68.79157761937695
8826833,208.92822915529374
25077822,605.8798496803338
836578,217.6445902326634
10229075,359.12712290934525
27873962,537.5686266175584
19424753,54.42072556824085
24136172,72.96999458567267
7764285,153.71615955469983
8532358,69.11459716064317
7189370,77.30901810445722
15874648,66.77173462140637
12243556,107.13423135143704
9958192,95.08671854248377
13359798,116.99730268765047
24534831,204.49342262114894
18345886,73.02759815176468
21282471,78.92879156220862
28547093,342.98088288976356
3583702,105.92988775285598
13698019,67.96711627764495
22495520,185.6036657226904
10332393,159.41993631502
29686807,177.89771271407494
13751992,54.98822482690269
25206375,104.20473942246288
657217,85.15184666962989
6185426,141.59456402966114
29452918,122.11936906359801
21573924,265.3008337863733
21552040,73.1676227105594
16271447,107.78857313622747
29490921,53.500174134604116
17946985,73.75208058534669
7988012,113.30084634694077
816503,116.04642137581136
2904330,327.77576096700426
27722209,432.87234743479075
8408853,77.09325924893128
15696643,93.49591985063427
3157330,137.77656578727343
12072820,120.42556386578538
9859181,206.83173195670983
9187057,57.41865795040038
23751827,208.0956152452508
19181504,133.23489464403565
26183582,152.50930320172233
17899990,135.55902920589585
10786987,35.65476548288115
2314556,239.1603939192424
29470723,104.01151594456498
24086562,89.57882079599925
6269968,65.80284093131469
17457491,77.61562298898288
16172498,77.10386817069896
10340695,82.30376546908755
22265878,236.81213424222847
26249499,86.69727208652257
23609559,93.71800566254429
535095,111.26302695988817
21727823,56.70555220599409
21618022,59.68732818669404
26424667,86.93018925741076
860827,142.19218747813207
15053369,241.62192689552742
1264695,245.15792294742792
10059699,214.92790080825708
581542,108.68501886520208
500886,79.16702154661397
8550749,59.282169772931496
1284776,239.448007368438
4014004,161.0444781405208
22382300,204.54438980850136
3897387,96.96790942560068
9078222,212.270233824447
16468083,68.76031398268408
9133278,73.25301853263049
1665498,101.05765228486575
12026793,340.86696305185137
9876971,175.0318519853041
6425321,53.62386522548072
13315940,149.17427524188983
13202401,270.7251297200183
3249076,291.84650686929825
652466,131.5626810200291
24781489,112.44840920856291
27783614,199.4262068605191
1652236,46.92784915980502
6988265,193.06896955675384
23611800,145.11633014602458
752202,62.92808181450905
13740409,243.91146877363698
23021228,66.2407747241963
22104111,66.15942856682051
12583907,59.997213123897176
9461669,79.97158570688372
28081782,61.602701288770355
27435917,91.64919150073452
29560068,195.1304989271813
9342019,144.19048888381204
9877436,246.08085595017562
29751958,98.0472590187576
17584136,294.3633765471764
26776819,98.10621423681557
17013882,71.79498006491248
9240346,217.8021675763016
22252595,90.46709610490647
24120512,59.559453019449535
2729249,85.13940604683097
11923881,100.34043439368054
4642269,187.60760787867252
28523063,62.290774369057566
29303103,180.0702660667856
411918,167.62166220551987
7034953,97.39678320749907
27455597,74.58576846371896
8729819,70.69473260570301
18283367,58.13912811344139
29388083,252.4917379341397
2683758,134.02139323310595
11321484,98.21374875307026
27304910,63.172486109093164
28667554,198.94112977653262
14207287,64.0860759963086
4801311,281.5763993090898
13859134,76.67332269487692
23875745,243.008220431897
27237578,660.7780992304569
15187714,64.84927060642212
11021393,84.4209576343856
1906604,432.86999623161176
21850987,67.49132923275344
13633519,51.247536779327696
9429038,454.04528343297505
29097270,104.06494284649375
23924649,214.02905452174994
20527057,66.87772013575466
14808561,100.2479405956512
23853496,170.72385941834844
3971526,79.31323734633843
27980527,60.29092202691165
24805550,84.16516325776696
11422056,153.22809442302275
9027607,201.42311980862897
6371593,232.5608696115809
20466016,133.92911478518576
29339984,306.41634515609104
103161,147.61103483062757
25782709,64.36953670308388
10017087,165.72673044079974
11344203,73.40993965965053
27237526,544.4783574597367
7762201,98.4353916975208
7265253,77.86768182858661
6400170,102.02163539059848
21226714,81.55678491058343
23163634,135.30888722384307
3302333,238.97941415891887
10574818,56.36666617484113
6197119,111.85615611574502
21384410,148.5381989059196
19674542,82.26714500658376
19746480,150.7516112311323
26838282,83.58507386148337
2214256,132.49321721138668
18706173,158.008376615629
28121527,58.149824078360496
26779665,124.97586695894472
1872838,99.52013590219887
26564117,409.64462904165424
24356390,167.87515555409414
8274440,122.40481086448654
713572,107.35362476279961
8007838,103.2695421208134
1486963,48.165597485863394
12408850,77.90153329182733
27901243,59.8207301518295
3584703,105.88947399692098
11554224,175.53887649142067
27568823,62.25098639675374
24116431,177.51225464287108
29671990,111.05912674814455
772679,138.95375485299414
15147610,105.98771651165559
8151536,87.08275201838244
20364240,58.54593800527859
26196660,69.41001946612025
15855156,75.3357554787533
29518083,115.12475173977295
2191612,171.32915907921972
21444943,81.24248346400809
20948006,224.26822247988366
8117213,362.0426904742206
22103302,87.90188992637574
6554833,190.4897801246835
2250170,327.3453175282438
12322923,193.1641871934822
123784,140.83888219271375
18291740,78.38324608289302
28841873,243.3358032595154
19749672,369.15056729602384
17141884,121.84552328999246
26385398,170.56650451201796
553862,93.8391851803051
21850082,96.30376368041289
18462568,192.6736073077233
23785875,359.440725556318
20969164,133.83370400451614
4781700,86.96983288853708
8167182,155.8632014623834
25310404,54.492528921087946
27393014,104.10811909296159
3339399,189.09530869612547
4932075,68.09596972346269
15193443,208.1495001483063
13815548,177.1146256471799
4265471,48.49407614552897
26994397,87.04360207508074
11224100,75.32572205847757
7818701,114.835370052965
22370339,105.96115224131336
707396,186.7254966894459
3818279,183.98727300842583
5117339,106.69165979729826
10924304,146.15315983682942
17840682,268.6628791961947
16374500,54.68238119686912
26626191,110.44076590993616
23451100,136.94030501537011
26609429,94.4648634821777
21346661,144.7014928098823
9074963,62.9773751978094
15050192,119.943979817884
22980907,97.74283475005882
26687229,228.15301277730273
11414971,87.91025848292172
394235,203.51392884079652
10075301,68.25890054038278
18934728,67.55886401309617
10350120,97.96878785278689
22448905,70.1167756493847
9935949,67.54004873613195
15858680,110.63739087865174
20606097,83.49113951137758
19587586,89.18641570184894
9058695,75.22339342750648
23913294,266.4918851485236
12404820,72.31895888979803
18888585,91.09762843918348
113092,77.41958624816134
27596342,78.71921140520017
24569072,186.47573566771075
18310698,68.30861901755291
21040911,70.57044966991147
4677056,185.95384324785414
27931469,263.2998153100984
9447274,286.01903852369986
18812153,131.80523210601675
25809641,198.32745082675856
19083282,30.884974944259938
15286645,101.89988098901006
12132772,59.0798158272813
11674309,162.7537724898967
16996954,250.910021963979
6764323,71.5794063701447
19692298,182.20125026506602
2296136,74.93458703165595
18612291,74.88461240208602
22150519,98.14386177928121
23417754,278.6227850125178
26245092,62.46010147259312
14967994,94.69057925927952
19531390,126.77261533242479
9132449,93.79333362006918
18348512,130.92487459741506
16898313,200.57287964232037
11356941,244.465544289547
8549632,147.2780658196377
21926243,62.074972897129065
26357357,88.55705575369986
3521156,71.62883421687562
22398543,91.94421829229503
28585810,85.79964436785242
3785438,117.07501282834387
12594614,76.21000726211375
19227892,397.459012345857
27954369,62.58162616434685
19586475,314.1527033403643
24287826,91.61350377894333
13422992,108.58572838955656
22259480,63.151232884266506
18127310,52.77065826918149
28939125,70.2398762689042
27395859,110.45813977427072
15513019,522.1159483121311
19547222,83.29160923696838
16811199,92.88074897152408
8609130,213.1559253937095
20960246,82.42832646247777
28561445,67.09680356589926
7872172,90.03177398903154
12955368,263.5813283481794
23702682,126.4302444947006
26369798,41.78296245432155
16687716,72.57153487757701
27127045,116.7728198031665
20996586,240.17561468811473
13168302,212.4949172157517
24737425,169.71703121939387
28159303,75.07143177986686
28540936,211.46860932593884
5168749,146.32555226346037
5060118,83.14820033320382
4350406,167.69301299753985
843003,155.54840704552814
28989889,80.53690044768446
25813627,101.62964896615851
23359965,52.92301697907038
4930683,111.4658612834913
6438212,202.50052666930569
6043199,62.821295875002086
17117631,141.84431713543466
4908331,221.99042982778303
23453136,52.617840850406935
19508209,50.61172663621366
16395800,93.62713825788575
19456350,361.1326717745381
22167066,79.23688966294917
14163352,58.81517599411304
17420345,67.86055931298476
18768741,136.670847315516
27107138,178.97978677086667
14682338,70.94836218054985
10922889,56.676887674001534
5885396,81.82124662687232
24436054,318.4225126296836
9841491,73.32062810034694
21411685,93.51869584869031
26005026,71.41408600848955
7418754,80.29301563435133
20364973,129.1872675203471
6948441,253.84788991676453
9079628,116.5848910310262
26532902,52.10152049761641
21925948,155.70827082471513
3442140,85.45696907260348
26107612,132.69733181897075
26565864,229.4665348838242
4727912,307.21048235977014
21859359,63.28688667864187
14991,91.40210154467427
9978426,98.93252107965571
21962437,45.62004978151788
13714218,101.28321593909455
26294354,73.13041294855682
1059025,88.95844929272808
14928864,86.63514318113909
241538,64.90227104118463
22203734,118.5528490451321
15543169,210.415660965656
12001638,227.73286470288716
28720052,51.100160654811845
9028839,193.94669570992642
19912535,283.79439727231846
26170667,118.77061082176823
2847652,65.60003976055047
5443581,141.51071509699918
20801794,283.5432728061964
7531309,200.43716573144823
16954106,69.30738489108727
28690017,67.09258267656976
9132975,236.67383914376876
536328,58.009654845084945
2023357,163.83062114918107
8520836,355.1727223397891
29080564,150.65008290184196
20901820,142.4976496897042
16613993,102.40382051621516
21427766,87.143752314509
24200751,187.1233921654275
8473571,293.60479706304733
21919913,388.0623221452295
29701635,104.31471663479248
22810113,79.41866365989218
17812584,77.42749342495708
6386823,78.10639813098452
19247235,52.6993968000406
26362250,76.85856802647875
22373272,263.07515829952945
5825911,398.1915242093507
10267693,136.4884445494973
10228901,93.07317283882774
7973933,72.85979478369808
23374521,322.2691704293675
15939000,126.77162580861915
21045451,104.97147743103709
3354459,185.69544091933417
7840953,116.14483828586869
18894322,397.1816250988283
17793963,284.36548139308616
4000133,53.190559086155595
4602440,154.54319639891307
21778404,111.06515459720788
7970110,124.61435341940289
13913803,71.08829714273473
7417371,120.93533154308325
9132760,92.75158324265688
22713055,69.78033294732103
11632924,106.61693627423438
27518736,62.76649470059221
9998898,182.6998047285302
14412107,150.9414268228534
3654511,259.8660609710757
29229525,76.9682102947276
11685868,185.88353043840388
14605505,66.93228442424744
22600184,59.813020303581794
6913773,45.7838577167552
12730083,266.59285546883694
25666582,62.54816407900666
9887681,73.40404892469148
29370687,64.00443690037658
24498836,93.18088524645493
9678112,182.9580907033318
22051295,208.58702117885036
16394700,86.35573512287495
24935048,764.9820154391628
28694990,97.63352787032558
23606468,105.95523481552975
25071168,150.53910150411465
24591783,61.131488937323525
23139166,175.21934560679097
27526697,71.83632117494217
3911451,160.94582753683252
8225035,81.43799300153937
24935723,53.74040712872333
363320,147.80454266290607
19565076,208.19221380625973
26057084,124.48900905056041
667549,109.29211185760077
4217268,124.24845147633368
28426648,753.3086595940846
5684147,113.65329828890857
11295918,75.57951076887316
393016,102.75495880933427
19748553,66.56606370288138
24828520,185.34140918464573
13731797,168.09042135986667
9385790,57.94972388004643
12287550,91.54795961443038
7452987,124.47580004421802
669831,90.95890720853787
21907941,124.17927334912497
19176070,75.61399989645918
24444714,163.06947402113016
503529,204.36586723665923
21851228,230.71676599634665
1967045,157.04022154263563
25719757,200.36071457443612
21736358,60.852108578131265
6932898,145.56237673324316
26869978,60.851837630595334
19190579,209.74771234056604
24970373,159.29404023580855
22106289,62.78630427159997
1708771,77.63557510398425
11675817,150.5321764207632
24758664,103.74118832322638
2041041,102.21345740260277
15927523,178.95791383687614
22471620,92.4495533009575
10010845,165.52579006922326
14233670,288.43129818001495
610015,166.74465241881998
21582170,228.425917514423
13091309,204.70774387213123
17256799,369.15130385140424
7047808,929.6452981445937
26633814,223.03906874398626
29192462,110.0420405218279
21259596,639.1599307847497
10097957,96.11324849830027
2272872,208.2028460609679
9861196,218.90822555806687
9741431,88.41292719749693
66008,196.6385000750846
27827344,175.43484687932096
5390738,202.12922303814344
18486389,266.93477891694755
863209,119.51137551110874
9422196,93.94132979938904
5804170,78.90939735628903
29517411,162.89437493389718
22814281,131.74715578480172
27649901,52.65424185372228
20541715,80.92609559952541
2093035,87.05704388908129
21826738,237.87802430788497
14071436,188.89255243424319
592785,121.78448619770266
22336899,144.63938528860595
19144704,121.46659710976625
16318720,178.63741393307188
26969,209.71891675789394
25222993,194.29304112433366
12082624,227.73286470288716
8324941,74.74963903902452
16959874,156.3961536619876
19181945,167.7948476861019
7717598,64.9730005882739
6677647,73.36370655214962
2856036,406.24353632439215
7916684,108.62986893466264
28631777,128.45477428198447
15052127,259.9212136038657
12755571,155.29640360868962
28731978,70.08080883571857
2451438,95.79464016907038
22239586,232.8614272718593
5538353,64.35832488319681
14218173,152.69961144181437
9858259,110.50394184213489
3553361,214.14204323201326
7288752,70.35006212124047
25915,202.77065628012642
1704560,219.98797994822561
9175459,191.13550364648304
16826135,90.94462891140857
17512860,232.54608391269144
7679691,108.87149988826523
28976562,211.26641611376124
467569,180.408605630479
13881718,172.83879605593435
12187394,195.76689181078143
9469009,109.09775562020012
4620954,58.658721487984764
22436990,73.32519067317465
8213444,89.25767683240845
19760412,147.5766400854527
20772782,86.20735645164372
10083973,92.5785074660688
13016389,224.27133483260695
11166140,164.11058390471524
13991526,177.22516667218466
23632578,168.8478865803791
17381819,158.68400624855107
18007903,154.24690268429626
557487,128.88416818498254
21548490,198.61232018273267
7555693,101.84946191315508
20121617,59.41514295963318
18013489,96.89159138345288
10676786,123.83135664689685
838586,175.30149754960277
18361045,237.52346604595596
23326679,94.48935130716133
8951480,164.5820384389501
2936517,184.71787590328427
21528920,50.01926663955493
19787558,138.08661588960953
23993066,120.12224409177524
16530933,147.9957907408405
24892430,61.423229923896855
3171480,243.5811356481103
29652490,82.76660389858442
1578776,66.2059708503037
10062378,157.92790280605323
9541753,172.11780436170793
26528837,55.77577911029837
746996,78.28881678846292
22848599,72.36687790121194
24677845,92.78223460865529
1150594,196.95869390195506
22188812,127.47530562148044
1102858,129.77902317234714
6612664,98.70819955852487
19212489,59.47688938643426
6467509,170.73789706588136
17270768,153.38614030119194
476919,94.47839260780086
6343837,148.10534823529758
2651125,142.09790000242697
13797549,68.78706897977415
21768136,59.573833307523735
9092903,118.90929200062351
6878956,188.7563353632012
6686332,142.1670858182674
28736431,84.44935072900103
24532484,162.88884703306468
862638,215.21688260322983
23851628,199.1810013588438
14523379,162.88380367691514
16165498,65.44685561516629
3191450,58.921638530395576
6288004,91.76688039013857
27922598,122.06571007004884
18374647,102.51233536141855
28659324,64.64263408341425
3943630,75.71765431421562
10337920,72.37927107096753
22587578,93.58375609705446
20862766,500.7208475610394
18996738,45.603956026302605
16555259,250.521508173424
28227966,71.51901714037601
20639792,56.705448799115
14665418,231.21100724260623
26104572,122.17801014791091
25319973,216.31323746223413
529007,241.080702715985
27990274,82.25200355065205
11712888,102.82398925508151
24757583,66.24565647266836
26634128,112.17737711750037
29036162,200.0744796491136
25948353,122.85008520814074
16241244,52.24023916260352
25745948,282.88368707299315
29486344,117.80032808125243
25371837,147.89351559644595
29594650,286.4020432346063
10962068,110.05050506815356
12852979,80.25121229583506
19830557,72.63636079057835
594193,274.60792775349137
8720070,170.13765114855676
8848215,81.33904484156513
26188604,498.9819262121858
3208188,413.86083634506423
27575673,161.34408357444389
12897946,77.9858835036814
850338,211.18300590118045
18993398,176.0153403419606
9118604,65.24858649917392
28559272,155.2883872548886
7227614,148.27528126895547
26945309,75.06680437908064
24912783,181.92481160903102
182069,143.10279684499884
17434977,115.27594175387208
28430186,93.08830762088836
22986519,105.18523759148381
23131155,118.43822210215713
18431566,89.3707691807724
632744,254.97768047828058
26386244,73.15862042260571
23430085,92.70054665274192
888583,137.3347739138272
18719129,57.433665014556915
7253330,125.10681603011524
19713074,157.88998825237766
11553908,175.52044088184368
21998700,80.28125913527384
28889399,398.24060190091313
23979579,238.49026896483483
19365218,74.8732294674654
19574919,164.50585111157977
25512379,67.33566612772412
23399379,142.19545792215055
11690836,196.53112588001147
25545677,143.2485608807139
18394653,71.65267113588379
23668740,227.21421587248383
24312535,72.7730397198205
26564665,165.95215171022758
25100219,301.1879148636558
17023591,55.384747332967585
27082561,502.12550648364004
4782252,157.13983364628413
3194049,359.86057831489694
11802086,186.29198934292515
15175161,184.58280672421563
9010782,108.44600599553745
18173787,71.15845469937388
22205765,375.35218279900664
7801023,65.75699050624712
7987212,97.62965337216922
9765897,137.09218526644963
26010424,142.5093467848056
21436341,150.79988467706357
142069,153.48294767196433
13235417,191.96801943167966
20503658,132.3185443370219
5238491,58.753242922968205
19711512,146.03421975886872
23375874,205.80809839699978
23021186,68.2503087684221
16807749,70.99461931746363
1205103,113.926465672897
18392528,67.40377796041726
29184093,58.16441111936222
11341728,114.30672028275582
19197277,244.59301817301164
11069291,57.989635152920414
13548357,92.19501012448178
20996673,62.46064737882492
3278436,412.0136327939024
12950997,69.52408541971198
9716175,66.35425534938669
7244923,213.47112019812235
10117649,73.34234810978997
17689998,112.05690758325102
8610093,110.33991820772506
6833911,117.25075924561118
16229089,77.68162307267333
24804386,153.09358338156065
9837205,59.02195402871042
16480273,126.98562471893355
10000137,159.55547298962745
22343429,187.0402640279456
206957,112.61870027753541
1598785,162.43691061803167
1469955,146.12881564543895
29630907,116.75963917114056
21667615,193.3378503143243
20869897,65.57200272115293
16192835,157.53942463595664
16164264,74.2833803094738
27759,186.04173744500622
19415114,148.82810345765233
8143588,201.60449375240947
21569763,73.4808191375415
2598087,88.54131133020087
24825136,233.44430293562155
22781825,396.19667486732993
7870258,87.8976656959577
5913433,130.0527443810571
19070571,110.20995724155036
4574224,82.1612848680019
25055293,108.56727168795531
4333942,177.88184302137472
12825700,211.18059953037042
21042474,127.64028131840477
20959094,574.5740577706162
2487073,151.51428491527437
26632930,133.8361798921069
6785290,125.6752535512558
19746779,119.66643512277075
16451278,61.53237994833552
24259754,165.100270316809
6812690,56.49000526566213
17236095,202.16414040256927
927408,77.9996006040485
15056492,101.22190830824172
26956080,82.52125275084448
13721612,203.17865147212788
24581661,68.8631821460325
28380968,50.121343277137385
2686002,104.54806086415839
13417080,159.49149880299507
21785354,70.3269681349516
4504813,103.86325554908477
4179420,62.119545762725515
28968371,71.4278847960668
14713835,72.79631082457921
18745487,96.66803745267805
26979835,148.9835083942414
17133664,124.09194167556105
26223279,67.38936867059962
27636326,60.808269195295416
1507845,186.2625378517972
27612876,58.65185334576908
12304938,134.21870128661695
14300750,42.815569952629595
22971238,61.1195827465485
16685410,129.61911361703847
15065696,196.5327029538166
23729988,175.03540327164418
7174361,197.1481301948726
17828438,98.43429064377968
4190301,110.16458834919841
14767195,69.41070688959209
21012649,202.78516286007252
27237607,660.7780992304569
63154,149.72161692320208
18763188,516.283704899482
2332284,70.30127841825332
450577,195.79102937096283
9798242,152.5731834905406
1546518,224.08951373048356
569255,136.95938763141578
514548,122.75047300873423
10423846,120.95744223807374
10054040,124.00762800777113
13751603,117.71708415697553
26165109,214.7079714528937
8367271,139.13216629832314
5175054,187.60173677040711
19545851,50.66974211435453
3946201,70.75664472845008
27735701,67.72928761752287
9061145,74.14436864442422
16067816,134.23963025878766
15529336,101.80559203696912
23824319,305.4351860655657
25293702,71.60731112044853
12336343,188.0557149009451
19670093,61.521327504310534
16335101,109.23912783309633
18635370,74.82536304063773
19068598,201.03259490791763
25347654,190.46005321529194
18895016,130.1958425614798
15774266,115.2944770524814
24962971,58.57466911906268
24162681,50.34034857204281
25664867,344.2685113277496
28402125,68.06521690252184
16840727,55.14761811725149
26776101,105.52085682883352
21450408,61.904900460637414
16086949,242.0661694544112
3090922,80.82872554539586
21995200,64.47488269598351
6843145,279.90996254664736
4246888,103.3448865263299
16675507,151.85500262508523
9697969,208.00830252905175
479867,172.402713249137
4756125,55.75789550439922
13311392,56.665784664498375
28986143,195.68797294996202
18477519,137.10262422232896
21327397,61.83475277152777
26012836,70.6294926895307
28917462,82.23807437982673
11675341,109.11619012634098
12869662,195.64711062183832
18914656,63.11636128304568
21736522,65.4352573225271
9998930,65.83355808593956
13138261,787.3029892041668
238208,169.87498005533476
22209969,116.3232242531232
11396922,136.1149127864288
18753411,79.15852908613918
7142361,90.77770931586701
17234955,206.78011913727968
14252537,83.4968751998541
5805319,74.51167449633142
2011692,97.77639042527618
12024963,121.08930238681722
2778250,75.8057636657321
5048535,106.8350247605166
7808356,165.22199321333684
16097690,48.70254647669929
1346530,124.32984234248464
24498346,57.98645701768646
945297,100.68985810304135
14124987,43.53113014507799
6236257,113.85746049625358
26814697,614.4241056842321
6713911,225.6590685349761
22226620,65.91505232217727
25996204,176.73016757263045
22264268,209.85344323909374
15958726,134.89685374764252
2788298,153.70069878933916
7260012,146.05924615176608
7310413,179.57894086039698
1307930,130.40454447889275
12888849,194.51284956399726
19766387,58.68943885461374
17699556,58.39003114664007
16395966,186.85541660165146
25085348,167.24417991490998
4841363,282.00650226953917
8290210,118.23143305892872
20054053,155.97919976944692
22028251,73.66536531282168
16403092,122.39667447311915
14803168,223.19669592071645
19168601,58.757110540475736
28087456,76.2974646406438
21602731,114.76656096684542
12735969,48.63417250805705
21351641,121.57277901116605
3473305,116.63895656189054
18491689,176.38122054593063
24389552,71.06752185215765
29540440,214.19746404975362
26600090,63.83651044565797
26086126,98.70052867677107
21764778,127.02502075062056
7839096,204.24056433119335
15734642,73.16372682704815
24604281,99.1473285982565
28386112,151.40581560425335
20587057,127.36458559096961
59121,171.73566373414147
26447954,139.11710013547898
7851047,444.66139728775823
565701,65.89191651686552
19306475,296.870099325162
27906346,137.26560876906703
8783567,168.49204480137837
22120170,44.61029119962139
25255214,222.75413783494992
19758402,114.95125739876346
16797352,74.327397214562
11121739,197.97301552318967
15956162,111.25551305208
18561200,86.8725497813222
26600003,84.95815554284799
8829421,547.6037210912868
6701706,55.32945081942665
14281111,136.133494662667
29327591,218.03305028438947
7911571,250.95838113592677
19175513,90.74398603596408
22358519,71.2685704314928
27956226,87.79300594070298
23466099,130.6370352502523
25948078,112.11099246262434
11226811,116.86664517402984
24870818,87.5107721295946
24959305,125.33672207899262
25834067,88.67769284135022
25493033,255.75255298978786
494296,87.83723543854013
29462316,187.71309335555748
1729286,95.4137659812025
14355431,48.45401216424849
24409604,168.5001271540025
26302084,125.43367326400266
10704981,148.2169788556426
24526035,68.3078865146896
16374783,140.819944705664
21575436,94.17622406672525
25447032,433.6882241738577
728708,229.24942672034572
13189500,174.62630228897672
21242698,183.61969211793192
27874304,193.24620850314093
14832329,89.54833550012069
29591011,72.03796561396797
15423725,58.82907486318694
13615270,172.82408185568852
21470099,164.11712292127538
7681478,65.3140861817805
369567,89.22381361771056
26193643,182.4497160571223
28587227,90.91378930799517
9488878,235.5218782967322
22001385,78.01703742217092
22397992,89.5674963796868
19018464,64.82572118404698
24469112,99.84719780533182
13723312,216.82890302996134
27602234,106.66950857243216
19163888,116.44063278512981
7914401,95.09614305861821
16221430,217.05257971516912
9541094,187.61817056263
25519944,99.78677321371488
6201730,91.20840706579419
12434953,212.1868310660226
26755449,62.10139405743049
18411446,106.65790669162497
21239226,257.6739289244802
17158871,174.97420369993748
24965880,79.77708211239585
157442,113.6179033529869
18458174,100.78718554292023
221097,169.83036064234105
7843604,163.69768545351852
20033434,74.20311517300036
20850006,77.84692651606127
25036166,135.68151351868332
11573269,165.52627157918883
13854483,97.53818938179506
21558144,80.48153731252502
2122613,307.78904814483207
24080238,118.47091794215123
12133746,55.47463203895995
4632852,55.078652271389814
22825784,405.0380288197382
5418312,141.6961144830621
16296678,116.64895416130638
18108849,63.35693043573881
16860541,122.62596842700259
29130658,250.23219127955414
16392756,192.359942866703
22518123,102.5323446872746
23230395,105.60232179614052
4119794,148.7154856230435
15677473,173.43437198158313
21768676,99.36560344478362
17922181,145.2778301021785
4122052,118.77871306552838
11548744,143.3935090326652
6988794,60.12871118959319
21293,131.0308038544154
16189170,127.1513254092044
1984486,125.57701982085489
8486894,166.6230260773881
18088349,82.85884829093537
12084100,236.00715893936504
20744490,76.9974983724456
14468845,137.43282572908353
22352793,182.3402656848214
7987167,284.8359197587283
13573215,231.80875861326726
10084117,139.046467445436
29455,154.50171756486193
7346434,77.74058488849313
18568268,75.11643293105601
25452588,205.66091309744556
6046279,160.51993289096754
10310874,117.78081711924104
7760566,55.693800113004535
20246349,150.22225520639844
17390481,82.69132729284111
4681219,87.936713793882
29455932,71.73607742503715
8125640,115.15961901105867
16332242,131.23392112911316
29011190,136.22232140991676
6142461,70.81668915984716
11484596,289.26881359218345
27937564,136.688123832605
19696746,52.466430562987824
29495710,110.91297359066266
25911137,54.612790142406254
19135548,123.86008748054223
28557199,77.34230111957801
28775221,61.99790113048923
28254842,73.98342295930932
29613339,175.24119148745004
3227002,182.5159723517148
21411274,155.85836931972452
28782341,95.41804842561355
26451569,86.50287215337538
5454050,208.25924376791298
21370014,97.5416033174349
12519645,79.1773490917038
235651,116.03131878755515
1343532,67.91400431281306
8668932,116.24961065399047
21541104,89.37732210489418
619122,80.17245916631445
27570585,182.47613510939536
10549650,609.006528298751
26201913,154.03153054622632
3580577,139.93971285116567
956412,201.18478281738626
29492132,134.1351153298431
22420996,67.5378540481306
3625117,65.26852746139731
18599296,150.52324579472
711635,217.99698831695437
1747405,82.40031753904974
12302429,118.58734309163532
18016642,129.70223414685526
15511749,171.68028464635213
22212028,135.6219778550875
26958633,69.91043336762903
1471952,71.67953413136149
21926993,67.1959323723078
19653056,263.3045823678743
20688524,196.49254084824497
2754006,124.08514326775202
12972533,213.46697602585255
3507112,62.80502361770408
7760808,252.443973067544
26978574,63.18842179222229
28965759,95.4905202320741
29278627,88.52174919474642
635114,175.98474366988526
4777063,74.60021969404907
22868847,151.47389846505598
15206331,61.429312389683254
27770423,110.63790313777707
13093642,202.50877005580196
18628909,73.43077756807071
20636888,65.16284365816539
1961288,220.38500702054685
19236716,78.91482664724948
20587853,236.348043112635
294259,204.1624242957937
1408406,168.63544276135403
24920525,306.8919839551345
10887847,86.7652953592805
17463059,313.23611824306386
13802521,59.42055861553084
28661332,50.13876287108374
29624414,73.51904274323694
19522525,535.2332484350081
7158916,126.33712439606417
28461316,202.6925840364412
25346963,305.3035542475081
17752493,125.58967046351383
14655999,172.7664303301999
28954692,94.54089665677024
28433202,55.96745045754883
21595950,92.95324006874445
3545137,85.88063274164237
4720142,81.07011852024009
11059197,81.48982411891696
13289834,152.49534293227563
19058927,302.93976525261286
16242765,141.9156072442413
4162519,78.8645193093168
7843320,164.99185983082373
21451138,58.26523787651445
4083049,270.93928226963726
21233967,189.44147531601584
4196039,134.81884721023857
26352984,65.14620543931102
24246704,61.31711352370223
3897761,119.78117364249879
20202650,183.58127646252072
21552755,166.67801983908808
13045257,63.84416979743852
21629751,94.82333435705813
20407903,184.0843815914565
9807059,68.25775645403127
21623097,250.79181716487196
9586086,237.6247992747254
28717173,349.36090711951493
7835680,203.21679973516044
19044895,62.566343366961576
16145871,249.53668573005532
757187,71.527732548672
28046851,74.64288901070962
28608084,188.9234592823616
8012976,128.69092760729004
27655930,68.89489277327586
4135876,101.84595127002802
21212045,199.09016208901357
29682189,68.98252592961545
28963441,75.67642587508828
15115983,57.71037422042983
68974,474.2669225456635
21184343,96.39899359236476
20754847,72.18266705315027
11639083,114.32629559792194
16837941,330.02700030724435
344092,121.22284823818195
8886421,254.12092465475448
5040653,132.13097978287502
6700860,184.68800734519513
14733825,254.61490344630465
5164045,67.50733335074116
7308927,53.53181673262471
9654190,260.10296186032014
10016353,92.44165109334661
22811514,60.35270544807721
16164613,192.5477843797427
24618542,474.9336222005879
3003228,176.5923412602946
13941785,111.1776859403061
20308212,121.05565486532534
28893365,89.41514996396533
8686886,251.67532229552248
19945196,70.19607655847489
13435569,246.47887123522779
6784873,219.75498736110436
5362279,145.72427617241388
12705519,210.04392593485343
9927666,157.19190065026007
19803017,223.04431437905325
27891791,167.62365950634657
10629713,209.05431340923474
22518141,134.95117573618998
16391247,175.38770861853195
11529467,121.7223998787263
15663646,75.94714561945842
10101013,233.63715700761622
22579026,149.2689109243257
15257524,54.76326101010857
841484,156.5601908934876
22035333,59.53355188289851
11063065,108.16675786271998
13549391,159.54485088286944
28198899,131.70025245118612
27578897,97.3214447949674
20858519,124.61982364649809
19312705,275.1080149399167
6556848,178.12812030308896
7327833,101.8938331781581
984721,110.1408216827806
18196999,172.41849442515482
7382564,90.87287060977735
24207650,55.23316801008644
23668743,149.438651322963
4243150,100.16385285437394
23633175,69.74765865780391
8409542,75.67669713986743
19046687,81.08316340188325
532749,219.5294297278077
10038695,116.69552733379537
28187115,229.14504684020935
4624521,89.94963302253461
22283056,183.23047391168407
16261570,99.13745188162083
6572344,86.0241585121097
19997686,90.97840420144581
29451949,52.331696224319785
28584690,81.0582875156659
21713358,62.63456543702093
21104475,52.61246535556239
20231737,69.82927063233899
29541790,145.3108328472441
22178070,154.40996189964463
26734288,44.1222535034856
8274516,94.85906514330514
25583165,78.08007730421058
15250371,184.38910212578972
7871441,107.63383639993258
7716489,152.28560458022994
20998921,67.13564646680071
27153716,105.09505798133945
20185035,72.64021589066313
22230375,101.52326523800166
28739090,41.16937996394449
15832752,112.12010457976749
20592120,790.2052536650714
15720448,110.86839689519371
18109817,132.64165678464468
21298222,195.33839521278819
22789686,63.52110711463333
1054201,139.5980958925697
29391564,217.05766743553434
20832952,85.43886995680901
10088464,120.94821832787154
2051013,115.6467954907378
26440960,227.76637471844683
19618401,105.63246821083307
26669620,31.487585109244986
7584885,78.6242240573629
4187387,133.27144171996122
29599669,401.31295682605605
10351593,139.63823151811948
7819636,203.84187154762606
6766894,75.98771490911467
11046995,148.15874989749133
13732047,310.6173250377037
28172338,50.561857145070384
5882068,111.42255904726642
13166495,205.15266614317343
25142331,278.4060700218435
12679291,202.25966250125126
27700795,209.36360251999963
23237246,69.69958084939172
747605,168.33698669530182
26775087,66.3797542714861
8014173,192.38446910609335
359982,65.71730867263808
28667548,107.7805271647358
16558982,194.2597951209378
678663,66.14833913064653
9879235,224.89339895522892
3286369,70.60877070396675
17365947,113.54326661158
24260404,177.84801129679522
25256827,125.42735790931933
4564695,95.97510032261812
23753611,158.81938076032415
26814729,768.4909205665053
11618338,58.78932805746016
6541214,119.29867572294124
19281846,222.00889428789898
18875426,58.63081530033156
13130036,139.0067024062446
29100338,138.72817680588062
4325538,183.15258405587937
20333471,67.69438543138972
21733545,138.13207577204702
26737188,46.11246097995767
19915657,61.65349076636762
68765,228.83279094086114
29362785,68.97612898429664
13398406,46.01539187871983
4984951,65.79842619251356
24757612,193.0394133534127
99070,67.60649672969889
22434861,294.2512364750018
23344008,44.98434883678457
4556760,87.28696961970775
9820533,127.09823490537565
23916900,149.46120473190663
9594397,173.17508651670218
5569302,106.66287333891596
669939,93.16309114403509
22026647,164.50302478564308
9783,49.564172101410996
28934813,76.87800035609591
13169769,219.03961363597662
19407781,75.4400527169674
74073,166.52854540332592
4620505,170.73990826674745
7894907,151.48840407879848
16630172,143.9371235623646
7698722,145.327260223425
10477767,179.98288522376518
9415828,191.40445305569412
26094506,96.07468684521969
3513138,58.78249932391345
18957522,168.79147227798083
22485685,396.7781167694952
28184147,208.2711460261136
12409508,195.32908458617882
13091737,205.7825175691693
29011920,177.32687165775124
8101258,123.28045168994298
3939535,78.28853652558529
9937558,266.4317979223296
27248349,54.98706056017945
18887372,184.64074724873322
1907058,114.5196425522709
21457989,193.03771769918498
22388570,58.92382899956257
28100131,242.5755451122278
21408195,58.118997053812244
15474504,55.24505936580837
20028846,251.4705101486035
19912495,171.37967329597666
23339298,127.69826207170712
1281054,196.4453394887796
15999129,97.74823545336494
5002867,70.74286570295759
16261522,70.9714504360732
310338,62.47144686014656
13129120,89.81603105187465
25021912,116.73129397613941
22123603,106.56629942344858
3312417,61.388503368988744
27737158,235.9753569074678
25721731,163.11446098597062
11005300,156.6035730724853
28258594,70.07947956145522
24965618,79.77708211239585
14841755,180.40548406628974
21596493,244.57398235696238
9301562,78.0171125006372
12650991,50.560990083588585
12211396,81.90019644884889
268392,189.55680679830672
23750623,190.84460473286182
18586142,83.60030073688593
23696307,169.55011176078662
13098627,221.04235706482814
21646774,51.16580698276105
5143959,73.3540932554215
8940685,196.82594133521766
21098848,215.35424363891048
2362357,70.33362805025506
17666011,122.1202569420048
21138818,184.59556304719862
20303322,55.70024480584499
26134376,102.1489763542587
25745465,190.32572901731905
13313377,95.13359780128802
4165278,99.61264868107044
7418874,259.86745574922963
25184591,69.3130194830465
22357792,102.18119393178786
26514806,338.2700520876212
26574893,59.70790298788928
15798872,189.44730721121073
7180015,83.23907378666291
12089812,109.51828506196985
5070437,186.95023679333607
14713599,84.14083109810599
16552108,171.76950974441047
17045905,150.605526904071
10403199,224.68408107875902
20690341,70.38774403190293
12356873,158.36459929826597
1793091,163.37596570754985
19033383,370.89649555361484
1445977,244.32543661925683
22477997,71.94265146922048
23996948,67.1061574196177
14468,116.8405822278292
1301321,233.28677835320602
7563487,66.65266205690948
21826282,60.80615399481514
14720550,61.88462807064963
13532767,100.77331053310816
20835314,115.61573610975893
130439,86.85108644779545
9415225,135.5629642402883
15421244,132.66289386382448
21762481,73.66806031070286
21062611,116.88143245506602
6914516,111.0838666378001
20567374,128.30522246712198
4032229,52.8296178312523
29184981,72.54718958334428
875189,161.12134399010412
21435622,139.21707355430283
14154356,92.04348628693043
18973676,98.69238735451313
21765498,78.15535524168307
29375028,384.8249996240345
29653243,130.96754612680192
10947986,95.74492942866442
13770680,75.33478672964046
19428065,69.18480192827063
16296071,151.76862978209905
4777745,229.2317059963428
19785015,66.69546335590992
22360132,270.5174894034022
16149186,47.70851904214191
16273164,100.96625030553339
28990673,80.40866459833184
7492539,79.86785583439017
24232076,168.5478202115356
16071145,95.76935418549498
3737684,193.74960638982918
3623201,115.17600538080039
10086029,537.8456825242074
29514521,282.8826583903892
26119170,100.04629964683716
23837898,200.44419102905513
28697997,48.20061429236205
830840,45.506148019416536
21094022,89.35767436202302
9096938,79.63009043196162
27984354,236.60826504096622
28944586,550.6875881648739
10880196,53.181022915629654
24713163,105.41049601054424
22667649,89.6943104373441
5944801,251.60500659296113
5370580,60.40122779027007
11927300,45.46873744587038
24594591,86.61979266725352
12600300,89.44088766987959
28081246,117.36120862697094
21647932,48.89616858085998
15100883,53.46771728384882
28312880,221.16306808778026
9842239,319.5296095239328
21383712,64.5834546499711
21504818,206.25551153077114
15327553,102.72212370362864
3220178,57.32305468352133
21124488,61.817064909388726
21069115,163.98513171269715
13346091,219.06984334149547
4226535,121.40466035334947
11362569,97.65168766342026
2599963,190.22541628052468
17715702,85.67517420238892
15461512,55.10934574119204
4392066,76.68536910652843
20745208,64.9204497223102
9002096,78.14283413981859
18273542,70.96613833923516
4549930,161.73958174098405
10542658,147.83382482263002
6820637,157.34667248205298
11173173,179.60499017536816
26862879,132.31688788237054
851784,153.43777704559503
742795,129.68687544171974
587519,74.6709501748125
28915796,55.63408386714554
18486698,72.34462312625128
16526927,97.85317676791806
5789606,83.5310160881537
23026309,63.0796838179423
15851599,181.45802951790827
4998103,67.1814431389658
550297,113.10342087957338
14698446,79.3139597925854
22263904,177.7370768443052
22309866,84.65003032876906
23679128,94.83685030505399
19634067,96.54227020558517
26450731,182.8662689261479
2467814,138.74810065619351
20448558,113.95381382648138
16826223,213.67797144799408
7858468,96.45873708190095
3206379,269.6824404347146
28910899,120.28154032602156
20960203,164.32957028860335
343276,98.25309145164726
18342361,187.98924565728075
4033521,114.70732091846214
5465270,161.57632052064028
24475908,228.77030453222676
17301780,107.67685755220806
19314909,178.00577419539468
6799999,148.7869151210099
16974155,73.40430739229494
26985140,249.08885187541082
11279590,150.22648629084583
16476403,63.05850664803703
4404818,191.28039944887806
16518377,175.90532538591847
9821359,67.11785166448972
16519522,160.739339499635
26869417,114.8340667211639
720274,110.82220178482726
9092557,102.08303202368118
13167453,42.965228668708015
28483571,206.20679879682586
11168007,167.35824102337315
12210323,274.336681177412
15301748,51.65614340865934
21058648,75.21136596189194
17366528,148.15415667136563
28892979,75.97884541734709
26940434,192.5208385324398
19575925,216.53515947337402
358283,182.925810652711
18992672,116.08087605482764
18196763,72.47008212359871
20996474,185.87110605248344
24988009,225.38175192645943
22226334,57.70926315568608
23435040,113.46763223191958
4058701,114.47461499189423
20084595,188.89225994875878
28074740,101.4411653810407
18444575,183.5239887176485
19323759,93.4604098106136
21869065,69.48648587300487
990130,243.93669756520876
811950,93.89274842406856
24676594,285.798009299531
24544454,317.40236994401835
23946427,114.89292989450492
19141396,177.8803754964399
26370425,202.26865217016885
22332573,57.841245228941744
16242067,70.37222009245419
248717,79.8758158564481
8421771,70.70409007789185
465267,91.73294889627738
27723558,62.69804949346778
8838932,160.00767460313332
9510385,60.13639685208279
13987302,197.9864769577035
28438180,100.45214437473264
1614869,118.27209949255416
5491149,193.71798340161521
1039946,263.0791366538482
28687014,248.68838114118208
9862364,60.058468942075194
659952,161.87185513613815
9215569,339.64859236716046
2659961,156.16481078346652
14628876,243.6874828398617
21714569,99.38222500592859
859596,90.65734433465438
13000483,170.0117478838148
29240369,150.97997457646838
530576,121.62454492189198
24561311,116.34978834209166
13030999,163.84888690026636
14965582,122.69950252962037
26874451,137.01055129299868
13395329,93.68103009196085
1197135,59.68566388251916
11295356,61.28573362816133
2219294,176.90150988681918
15547078,70.02415389930171
8924966,120.09166603388341
23894215,55.05638734134169
24714351,129.44472076061754
26832941,49.438682897930015
22280404,50.952742743519934
28994671,61.307662503846934
13559570,79.25660922519859
9201458,94.53074054418043
9508202,227.35183148297475
6247466,75.01428534082548
22275214,189.10875654224682
23667332,69.03738720796643
9427868,533.2404408690134
3915796,124.53279264718242
1869533,139.02515721153415
19102698,69.33220123493697
6124097,233.85587684135353
8783094,138.57131527016136
14886702,63.906854450188824
17808917,100.58578767570123
75635,156.70153419220418
21139869,98.41635762613315
4227554,132.39077874083634
23702383,64.27653948134552
94783,122.50675092754763
13781801,221.69894755832925
21878080,147.47639992372194
22402647,118.15599966378151
16331645,138.01248091722275
21845329,293.2367285284082
20995454,99.37376336877651
27425007,238.49681585514793
6627650,127.3759754634164
8757726,116.17982488945931
11671236,78.15858332654456
2028272,278.9738431227629
29491851,146.33595721801956
25450142,525.9540291322659
13590879,155.97202876054152
17986678,68.04110424141568
16830241,181.53531397050287
28568117,92.95600047076012
13061422,90.8223285236706
16206313,95.79330148810978
13972708,135.73729227399727
15569019,63.8629745679764
2281147,184.4625888453301
9969565,186.7642602700997
27028248,130.00446539010642
28836976,133.5877927970864
9108699,267.52294288899304
24624154,115.71610872449209
23862431,30.4313239758541
11850900,173.86458231288918
22214268,107.14827554797894
6384560,58.144940053290945
23701894,268.9951083200476
4879530,136.44961773446585
17075535,89.15367800750629
13680539,90.05408319715578
23606434,123.43183034771114
29727132,68.98564129684455
20012591,257.3335575043598
14357698,367.33632903600375
8517554,183.6448381237873
18858192,94.09316770749234
13567393,99.05315331289039
12601900,108.79515330131596
16821,92.31428953477389
16241951,81.10927097172114
301034,90.76778799432252
21817395,227.40921912034045
3687172,203.94003437251055
20032597,58.00154160844483
11784410,66.32117512151068
3908094,77.71450639693872
22753683,62.74957136238445
17587338,58.43939156351127
22423659,51.136516750319686
15430830,78.0365885337098
27785327,59.45471722222977
26076424,72.06705622622837
20900984,304.28351742914924
12932111,131.86712794785268
8623922,108.37594742661487
28340606,110.40699946470757
15544672,66.48018018344646
21243447,196.434953212855
14167624,149.3276209090252
28105512,201.224940048795
13727297,275.5486087075155
23161182,107.43429918643143
7800905,78.83143290957078
5432828,71.25003699227507
24700567,199.82087598601674
20753634,259.42611398703434
13726934,103.74360492488631
22175928,71.28816650043383
7330488,93.35010725572177
21982000,56.68523237959767
289288,206.24483346421516
16608718,57.47149393247404
11340694,112.95689599567383
4040926,187.61178679178548
6706355,205.41511374215577
16644223,81.6851201405429
5761564,90.08163223267586
752616,263.5734177147636
29486604,136.28546836352243
24754162,167.37048880900312
18253290,141.5297120411054
28513070,679.2054838036164
15644644,64.2882898680579
16298763,118.23179831930763
26750638,78.83002586038793
17383253,195.53353620031714
1107092,443.9617051358152
9231791,62.53783500253201
29731583,178.6001653235633
60611,149.7519405161115
17730964,76.96720926169064
28586190,133.67317602701246
14072298,81.31513473443702
20800449,79.46639560045877
7236990,204.34961606049205
3728303,210.4310270724143
27396110,98.10743626517446
3748684,208.58010728649165
17186648,76.1006683889821
16706875,57.573008512703666
2949826,46.55476718501935
16353637,118.63095857661033
28196106,108.23360428595993
6157276,56.28615415022358
12864356,454.7426018213744
7023583,100.30040385851851
5133942,129.30137750961134
20798207,173.25486093858126
26924878,192.40316797152641
18179365,200.84522469362045
13623256,571.5860217307146
25852415,146.8531817044339
23429074,82.65298615171348
3832444,54.540043418673
22252779,142.570207213564
28916312,71.0997655671806
19283124,179.77182513964226
22322524,145.225718686331
17329054,66.82407030319517
29364139,117.0813399235397
7178887,84.98746302950941
27951475,111.66328747850247
10055149,185.13456673130915
11873498,51.20483632880245
20451914,263.1796637089614
3985673,267.9847982076282
265036,79.16189033534393
6765570,242.03346768876438
26458835,94.43233593436526
24992835,421.62780744042874
690675,160.26995053871534
11359148,132.00568067953554
6543581,413.0033538602272
11672539,105.21327638012838
13539892,207.9691991107635
22020827,91.48479313631128
7247763,82.10493479400135
21505126,192.7725885651479
2055819,187.28354810322023
6146081,151.10052895279853
13294856,90.8427301988212
23437793,120.93550112271673
13900712,113.25091870438435
22754373,58.28704678294971
5857212,134.0066041296773
24918305,139.1198603798788
5500197,156.22003625118631
5179556,318.8046992735329
22842989,139.70573026925862
29434293,85.7706640436226
27312914,54.82828155573816
21199473,118.33931834988691
9346505,78.52327109622625
4759680,73.06325433738287
6196265,189.22091248343304
12870344,137.75293475954467
28130741,113.79667859001127
27434658,57.17532620310334
14966692,126.29069440998059
21695589,62.41298670567901
22207978,187.8726308515863
28662264,111.94550117235785
10282307,123.27251568520029
28951711,77.18608147445491
26320074,221.05544416223515
7652181,94.15337506823842
25519674,172.49993526590993
24430682,98.8089738386911
9652413,148.938695256564
25758906,88.48974304802476
21307577,162.60864680629234
7616651,61.582178307589366
1486099,127.72065035923617
16439426,68.21831420756685
11381526,197.75769135679388
9563266,262.03733135775565
12132022,195.63016457163062
22407389,71.64869674127566
8986308,82.61782643101913
23216187,62.74233334458152
20331995,120.35578631561695
28178226,307.3872210074273
28986906,71.3068130979832
9693080,115.01233438639274
28986535,146.8709152996873
11775179,234.80817866515596
3404873,84.05476570714946
14913167,72.60438585326825
11985793,258.61405616028884
24297250,220.67807698649688
29611826,256.3463730238234
18018752,88.60173391988478
16390105,120.81901089809146
9937547,400.1068485830976
16258672,115.75032470945122
29463521,82.12735983488899
3041785,409.3946405522393
7988259,70.53011910268457
1941439,90.28583189167234
20539301,333.2987245074085
29518861,71.6090213794887
27552471,120.24640877701997
21254336,132.45722494792085
14318774,144.12264945146072
10753780,148.18294560613955
14010651,289.04945166311126
13681859,181.54496667405604
12867918,121.0284551783476
28817832,118.08420343261908
12220661,139.80239510910903
2098338,66.66057154595391
21123280,175.1209227200035
21937111,106.04979543216818
19856802,54.56474797849092
21169968,80.32916933388691
10412006,243.0637103267624
4699123,113.39381551511399
21978019,197.95697029273114
29079345,101.82571947807936
22295957,237.7878454713272
13412918,134.24802088918514
13883029,69.51822673357132
23698480,70.30277066296449
22224790,126.40050289976882
10568646,168.19632229009846
16100032,657.5281325855332
3494791,82.64743491117461
23150033,115.102720414188
21924554,172.77754476933796
14667339,160.33384967715446
6883406,52.75158970165737
15615473,84.02130532036811
12322999,99.7997839830221
13921462,81.75401584883787
6712618,100.98639458555255
28361047,127.54904220759978
21646375,110.22725433621298
6546016,80.08959299798482
28224871,184.027903748633
7028199,431.8265930035973
10805767,272.1171514354985
27518599,477.3876437789249
7159227,174.7126026570527
28223260,234.34140012209704
22921175,177.8855178871049
8630001,74.75548602766362
28284205,64.90561083943037
26048920,53.79663998775036
22267217,64.84618156477445
8613285,59.956285848850776
20051114,175.95528483071712
22191500,42.37589551729737
9317779,121.39111889528533
25311463,103.82378441989182
16244843,91.27294221873721
4567518,161.8249872587168
29344835,163.82718613485045
25132414,121.70175032903246
17877512,117.0786187675913
26798874,74.94104472131842
14440066,140.4382155803012
29651211,166.89398574352617
7036862,184.8867253100583
7174695,718.6157343419842
12370347,60.346686065735206
24117055,62.9445012827556
21047121,720.2920785400862
21923390,109.313665080391
13449233,162.39834536277817
25998068,59.47205712536991
12243598,134.7423350336587
5124475,95.40134672678936
8868762,74.42440190454433
2883054,160.90264499013804
17224372,49.22992435822559
16854754,146.51883028160873
13082319,273.31189649418565
17107963,300.9725839809709
24755753,409.3205753272523
7730865,157.00171015694426
25262976,38.09333838622829
25622052,113.57637479253397
11984115,113.23178757830954
25728700,168.79233048786259
1598863,176.3810615369523
21786958,166.37699931677278
28835678,135.91613593346938
4481427,105.48408080858269
23505157,63.746515922925994
2867463,256.98026411898024
13729862,73.28289386130831
26278851,173.87350199567814
15377187,59.72682829004204
7275655,161.2584564957439
2987465,151.85663551732856
29509530,164.70351537857303
7501794,118.49806039949124
16163275,102.5851846658768
13426171,252.7567944945187
25912841,199.31015412313096
19745952,72.31517035232123
23575012,108.31825669911798
11046598,232.30394276821895
21435529,87.99986097277481
16214404,75.27212700105403
9039236,100.16420742594859
8075854,211.3803025284673
25415092,68.32737454221792
13114072,249.3547928049649
54158,210.84836585005596
23310309,62.223037239715126
12252205,98.60656829138033
9791355,175.58052261208866
26685314,76.60701637527877
15268598,487.22465342848574
3341682,70.98400258392292
28158237,71.8213648557416
20636416,158.81396607819863
27534625,56.985655313067376
6555586,196.86292458066944
28698113,184.46928101102807
9493324,80.87934099458023
25126466,65.6328935186811
7661020,173.84902769291816
9513686,160.60065927727035
4041189,151.83518970672444
27100997,141.7975511747221
7790838,150.5273485792471
27700753,263.8079777133701
23268810,87.35043009287817
23856563,120.21949144086675
16678571,130.82185012679153
1347175,65.76300375309923
22796694,77.56562447352434
9906768,112.30900791825927
10789121,68.50151822677225
29704955,80.80559905916431
10277010,277.1442657804435
16063467,140.16346411245948
27779135,67.62867460077108
29312438,177.42908398172514
19997141,60.73101569180688
25683401,153.6850299797458
11442670,55.27147912218157
29008906,225.1243104249887
21471116,110.42532510975998
13618537,200.1453074138345
15757847,114.22072815988406
28458448,141.96597455973688
28984193,76.81837729363544
27751020,64.07487817263473
15774210,125.16855295526773
19139234,131.49318369612573
13674879,67.99620718249697
1360932,79.68153288506807
22057103,132.48124422645984
25224320,75.85049313617425
28933403,77.52759533561213
10452249,504.9654948913362
1370405,48.244348510043665
27006,278.93590786586293
5806817,57.04378108082702
10728179,104.98878017990063
20949050,80.58757477631497
8194194,61.57474045535355
16791336,75.86346605806041
7956149,189.89066358339247
13514387,114.08613411748377
16795470,75.853213893218
24701210,338.38831709207267
15720224,134.3742169407575
3819946,64.06455529195996
9157504,171.9883447990929
4588273,157.2300946699402
15807846,61.79618578709818
27394284,64.6283796840761
25073155,74.45502684461528
17905550,131.42183309264283
12542909,115.12843926210262
16236939,112.68601650512564
18076589,56.00750149548878
29520126,189.76573770009122
27465493,146.36516533766385
22454253,189.40011536678526
14824160,214.44316116585887
13550629,227.56807327681614
5278927,129.5335130830297
8842667,137.85500534562436
21213775,59.40560196489423
22751480,67.72422710834084
25521864,69.74881957320109
13389756,100.38334928567367
23544265,413.0993614421629
9125862,185.2728557332188
17252944,69.15278082212707
24805348,66.0047086943805
9026203,67.0148957192443
14499123,219.23119504928195
6337725,139.73317617857595
23106220,72.56636922680815
793951,85.8831795092715
6702693,780.5825089230831
7125294,195.4279965893992
2069027,474.0129366007738
20999491,140.30725712914173
25978638,79.62394852963094
13859473,118.72868878688958
16972627,206.81962680191862
23990128,74.52200147523968
23980921,61.3495707160619
15625556,96.8783147167474
14802377,68.69240005214543
22019218,63.501811502068655
6525622,177.9389485430247
19209752,62.43053463851805
5939117,203.21568838715777
1953816,111.72089308693971
13207586,163.19956249573025
12590077,354.56651644629056
27220165,95.77086807192943
1077375,65.06977615612227
12560942,175.93258473539336
20016469,116.10082452327022
944049,213.9156397126416
5916713,65.14596551354173
16422375,109.76271605249256
26871123,159.9625353040859
18342727,56.734678355690846
2260342,500.3198091788343
15693063,275.38345530618227
18667184,239.0171922487184
3710162,131.0217937409983
23807689,184.9790244073754
12380306,194.95408864641163
28637994,69.51185986034821
18737641,111.60723561206623
22274388,81.36185141069163
18668322,54.32189548028458
18908051,80.2452530177053
10751336,163.32687044761914
10433460,94.94342298245198
1262053,166.00191094135565
14716586,56.89916377632034
12019883,187.07859444185587
26472276,196.78452042749555
13651583,96.29279692643786
19711328,87.6712712800282
4982969,65.25146116051191
3288625,121.9864131689023
21347381,82.2700018375562
15329781,406.2376531679817
29204717,176.86326487210798
9768313,290.2230829516417
13184939,178.27286173572807
19873067,102.30145162813763
15034827,113.26163901122345
16688119,129.5471106434139
10700683,226.3381365413089
27758562,111.26786898723685
6883404,207.66316858202944
7895928,247.36770558635234
24581281,81.79788072535514
12542544,224.9320309153505
6553257,114.90473310402554
8321495,68.03386520733311
26766865,132.7209970638819
29727681,218.78950002723198
21771041,148.18101432184665
3100156,136.86311703947752
23652689,83.45779488324787
11554255,61.123014396388974
29546132,168.72175405319635
9755384,117.29186646149681
89621,98.1661523730442
27275110,137.92063957365363
21458972,131.28704744722393
14548280,125.94792776464197
24242557,336.1597401653323
7799689,163.81483738929114
9111561,79.56547515408398
29205481,92.06554324431899
2453739,153.79990453417864
20474285,122.91594257600427
12250653,51.50843835739582
801260,73.26245872836206
9415109,173.4761601439135
23595620,111.17893372083508
2447847,72.40473040953647
9130275,159.58852186021377
27754773,106.51455764054619
19261682,405.4036722489234
19195173,69.34209131382073
22750161,57.45355959161776
774791,66.20748253518873
17982313,234.19395074782605
4293652,73.43361270919162
8440866,95.64781674375729
13606337,81.84940178665512
28539464,305.44418079176916
1841356,103.99433627150972
21808855,225.89664403452215
13261616,194.55495393792157
7687937,181.35203789492604
29734919,354.7872425262296
21676358,147.87423144785313
1225060,109.07262551564067
12026418,54.950657909085756
12630337,150.01766074748568
9635607,167.01461406164626
29369017,86.63126452051411
4550747,78.86084506572628
20710508,122.68069921792761
3309572,50.260487342368776
11851288,113.9749199636944
19750031,140.58227909929352
6781648,267.82567643327326
19951170,146.18478618809087
6245521,51.76100234590127
27468634,85.04820582427998
29461019,66.10861823467148
13623618,71.00364821138965
593292,177.01599652936298
22408799,108.70175385643118
24153494,123.54222576405483
26303788,80.34991761731492
2424342,78.35702965612141
26450823,184.3995224627056
5060771,135.81909101971806
1810457,134.56180635128376
29655436,157.57532293353106
29095217,150.11693380318357
27894795,67.37205553903267
1239293,53.20153547850225
24129295,178.99541414318387
29336271,362.97013447865885
21174772,66.00780655504255
21568069,114.02635867650956
22746971,165.24626247206632
16130748,57.99151322067855
4988190,231.42632350639988
25638961,100.38912423973414
19389677,58.7870122941186
11864530,52.157636684876536
16190823,86.91171464217837
15683086,107.37740944091884
9566218,43.089363620507264
21137981,253.23512804266343
24035779,218.16576405926148
23766986,208.28815894271966
217660,98.2906871313417
9519514,772.1560998743489
28956663,67.88548867799939
7065748,123.79239391353686
7294225,252.73235475396737
16191967,59.06047045100639
13883154,100.51019640660444
29183583,458.5668634804262
27133123,155.98127979660853
28958246,235.9370155681482
20909252,61.21211559611231
24408845,51.53230380017965
18526162,125.88366859945262
2763564,121.57671714078036
2933772,324.96849750558073
24670932,151.37837611264175
8408768,71.0332208967899
1802838,185.27600281394618
17285375,139.02958856969647
749108,470.88103101319786
7134343,129.24463032110452
4334513,153.82853153287328
8882549,95.2687017664315
25169246,241.12441812855482
8588357,74.80688756826011
22371082,98.10858990491242
9116868,190.4230986325141
3258183,107.67689867480324
1866051,216.13694976828992
24983307,72.072997445978
12189797,38.56670351899563
2422991,244.3136757951576
16756480,270.3614142553244
4576244,88.10180370395703
24286695,127.80423823070379
17045788,57.288654214517784
200955,154.64109267046172
29209998,94.78960164768175
9461317,130.32955110121034
18721341,95.76894908314198
6400482,132.99172818992773
19532907,64.43586995816509
29237692,58.30843793723543
24324891,142.6115238945812
24397019,236.95679421397145
5606587,80.4339032121302
10710179,103.66005148597826
6660511,190.19013156302128
3324203,113.07465253658522
18728915,109.9125908489595
4891701,138.82300551898987
13018248,144.39013849412802
29594412,244.65624386931628
19073356,58.513443224214406
17864665,154.30996708622015
24360196,130.91914497531508
10069376,82.00841458702745
1267945,54.02943195487254
24512714,462.6034624330334
13586614,350.87337051644244
4587905,219.77596370914998
10226511,105.69113576145223
21849509,77.86763442443394
15546982,133.53038575253717
4546721,156.59810043271514
721663,214.41092452071416
7874958,217.59910254625117
16014578,278.38213348833125
23668747,159.99239170672405
21081721,98.57952215887038
1068505,62.90253795762445
13733926,162.67357482391705
10280345,58.54254990429285
190968,177.39795322677787
28329243,185.9413370039547
28813184,185.32307393820074
29648584,74.11382849744022
4760107,111.87019617906321
13914201,192.3892074827485
10100121,217.2425246747256
16823923,219.873655825552
22255089,186.5163141027825
18191934,77.17527665477382
27030230,134.2232100378882
14490842,172.2311455990609
17515674,174.8844242214914
25356696,110.62995589996093
13915699,131.5750472465417
3455337,191.11478597180175
6303611,194.7993378915481
27832962,81.62358167786276
21440047,115.12866728803715
303462,249.30388095119898
22505049,54.50420671899488
15223454,70.23709501686704
22122723,52.94061465131961
3527764,57.3687763649339
18605919,103.04380639342577
21623668,56.182280775671636
10446429,171.6258532315898
19246021,66.29622958973196
27783611,41.26624705967327
2713477,44.79181595197348
3496384,83.0165094586169
741456,151.13521296947673
9607952,314.1655039020889
29059768,327.647904297328
16148051,54.04263734912765
1853765,446.58873633401873
18719602,119.23481364902246
7660853,63.28358322733203
9625266,330.8904908378974
24419138,93.42114223847535
9835950,56.068330115204354
9945515,71.62999280935007
8603083,93.12727083822874
23895775,100.65039778670668
20896952,101.95162414394399
5131879,190.0851997863452
25075209,179.98385068068046
6323975,106.7783085200564
9466003,155.28896682689074
17806646,142.54524086706013
14254221,192.90264203984327
28758401,87.31727835709823
23053597,92.71580329448152
29412920,126.42696604709516
19570996,162.17473530747642
17860959,66.17847904790938
22409935,205.9502384127712
28368234,111.63075841743695
9436311,182.7538726250976
3540370,103.74833204528358
17460510,135.12698189295148
12884594,187.9531225551243
17010314,157.39939702846095
11293006,96.0096386763848
14918642,63.829604842858224
26129270,73.79905793078414
8576371,60.1464147087969
14324811,50.024069585791146
24397657,125.24230828964487
16112268,163.31998062170908
7243098,112.21467540278381
4720752,92.96887116714477
26929354,69.16372541872501
3581153,236.46069083537563
18424091,197.43875177829003
14195524,124.62553243314926
5793707,140.55964508564395
13725897,182.3623023475969
7675781,62.495861946000765
27657263,62.083607616076954
7500903,65.1955750044121
19412140,67.53768683624429
15542745,118.4415230489314
3272201,208.17454149663158
27737403,308.22835242119686
16687386,83.54916324119743
13934790,202.03136330272466
21366268,83.28279991573818
28561620,95.37627102002172
1032610,153.22792309236453
19791924,201.5308588224318
20570956,131.64089826037932
7725573,73.65089772743585
29060447,218.21030134964178
29081288,102.4814897041507
20148331,281.801931454053
19312560,74.13739959825978
15296557,55.73934727346283
8130341,172.97000690613132
8499719,69.52583947323616
8141967,89.8423258834381
27369599,280.7712977452013
1732498,198.46560660818443
6885369,65.79992639393669
6242600,56.75927278116925
24351719,573.0489337818057
23167568,167.98955172793688
19978946,240.259869147352
7325293,204.4965270607792
13875442,49.99713365076872
5014194,360.06036757308334
8013358,224.7794934668018
3549074,65.95420831012363
20588208,117.35513008879589
21515249,87.07365658023605
23041766,154.31679181677936
22296114,47.0774789473785
7054797,117.99139209137387
18004335,225.8660877550108
19292987,215.42619312632516
29390841,620.6678234802977
12862929,121.11243841452723
27063416,78.64532565592124
1521091,56.655344050078575
10829701,64.5043554289828
19532225,91.83334817931738
587740,294.21001650503666
29336085,148.8879282120133
7083264,108.32024714032661
2856890,77.98984902266947
22568389,111.59945556103298
23773044,113.05479355125398
4814810,55.39814580841423
5227024,112.01383540733285
9897820,224.83405583697808
740947,151.83912346868635
9923887,59.26786089127594
15019476,78.46723504842412
27053692,130.72255598540806
19328148,65.75426057442981
21677581,195.994735585542
27633968,229.712308235479
12131147,225.70320836772999
14809302,54.215487589713746
11415906,171.9833411719135
16257710,236.41270985253254
20229296,570.6550513756669
8325605,88.33772961484873
27111588,166.45820239983536
6466301,458.28875965400374
29212717,383.80999805371215
4994352,79.43573531589108
23836159,208.82064937683754
22017621,170.73767480094537
21709010,149.6549943267236
28184101,136.66438774381683
9936873,66.73828778027725
14772328,129.37626245371763
27962373,91.89931968713898
417685,155.48391993951984
19123306,129.25771229656573
27682933,82.23048245361873
3838388,128.51327909744654
16929145,85.72813021218543
22849615,68.82028124467287
29590847,73.11931904369322
8190190,106.490360340027
28315011,119.90793408655493
19477677,88.69220005583206
12326470,167.59745742653615
14768563,115.15382181455801
9333533,58.940261059066906
20574057,79.28831815159218
1106284,271.8999245834441
9212510,412.46161789758906
4663122,159.3162357325647
20621413,598.0034912414344
20889280,145.19693370964004
16945834,56.16839972981305
9393213,229.22194678761102
27368990,216.1677946859827
18031944,32.956361151417205
21834484,207.84397736667293
15758511,112.4002298090935
261344,92.5143783485159
21079505,92.50851985666928
16027606,70.3611590848568
19505620,118.43490799810415
16425205,59.5575867687675
21058573,183.90502539448426
17364675,120.52466368718024
5639763,51.21747678355819
1989838,589.8534008544966
6300353,68.20693439812015
29632018,395.1166692802185
19271120,227.53297338417747
27192502,67.089231612674
8772365,75.58535489581872
24852364,157.14779084358352
21645769,118.62119745787732
28985951,56.85344523114882
6052129,142.69298472546666
10104984,78.26222267945263
613528,144.79107131184136
2804065,68.2119035268392
18827666,93.26787407960205
28396,92.88002959119994
9352565,140.22598017695842
22400368,94.1264216659665
9679289,61.38980301928888
17774954,69.78298295751982
15665485,65.9197397592562
20256027,134.7222151272075
21753743,237.60269559912396
4227161,480.53632390676734
24057189,80.36051658875623
3970936,148.34121900433277
11389773,316.3613523390249
24846816,62.86636788426338
20914216,86.93642347342616
11178582,91.88194818885931
18331097,55.43488120195435
19488192,119.64876058663522
27326744,73.10005543538041
17123353,155.90490824789734
20137347,151.86727367152062
13434030,109.78912870998545
20628186,48.1930777509943
26159891,161.0553994901546
16011441,128.3903459060134
23218152,86.76182613293724
255476,89.18584441865112
25372671,192.6496463865166
28814812,89.94089107126905
12556300,224.74486028766952
26096404,456.9658179043333
2232495,107.37709655590345
17540291,155.98441550665564
7462108,134.7970975292903
16238583,229.05573328712228
9677744,116.90319432433323
28635035,109.39069050342694
22360921,155.73796127892743
7219544,122.7925374887763
25031387,139.477436272258
20482768,67.58121608166653
863225,69.82041026963059
6554879,91.04490291488439
10032495,97.43197319841676
10753552,90.22608998049384
23129776,110.20317273311998
24858230,35.16971316526065
187488,137.06595524894624
1583335,264.55905295329507
13398011,379.09404011799035
25187576,66.54390386817
13262386,54.14093620700327
6635179,180.53662121326192
20052940,76.1071072673313
13914226,123.88389220730858
4483517,50.50234896549992
24539964,235.31450850351635
25221993,168.6110168462591
23394249,139.18316819264098
26786913,67.21006061332714
20964409,65.56083604798734
27624476,94.96671220494115
17654277,71.24588136671353
20257385,47.19944787309533
8929521,70.6722896879163
24964123,64.80552630155204
24917852,50.20439884696606
5060481,254.28739001144945
27096053,73.58470429241628
1932491,130.24176465864147
27280790,59.70612546329513
21688734,62.52868736976102
9510158,232.68935987658253
8909891,106.48854954886178
26554732,75.26122471545824
8485571,196.23783111035178
14824875,130.44317389346648
24784400,81.38339496338072
20883200,314.762828947002
9219569,121.60740776906312
6764999,329.0543346774006
4093399,54.62823170151112
15550900,168.5375385751007
11321410,126.59119657213581
1397705,334.4827817567344
17513576,340.19381443153844
23609456,101.06981829788708
21249869,133.2857303238228
3066892,140.2480242929431
19280895,62.79407532763698
9470554,87.79589862408734
13027960,122.683472978582
12864095,86.06600588118812
24305330,125.47351649193892
21983066,78.97568157506005
3278631,73.26311902794207
6989436,78.32876283123217
9575562,141.31389274263697
16429830,51.749038514035554
29215541,118.76836980379761
16289576,91.82517466416857
25504198,57.34575132119438
24854646,72.0496072604122
20848925,208.92814160046044
10193005,174.08807484593137
21963418,198.48154371212604
6370032,154.40087491419533
28915824,110.84507125895387
23710983,69.0209044490178
9049607,80.73776958139955
15431463,144.9063775563658
24812564,359.04156559569725
1614817,177.09923870988996
13130332,68.55924200167435
21068875,143.33692064227426
18495224,299.43562475272034
21705948,86.4779709335131
28108863,187.43768803998066
10011763,69.6679280131387
2465962,114.10400038042734
9165244,179.81927107664993
10540383,105.62528352322215
19422870,129.44824323261773
13786155,52.27380460608893
2262148,232.5957622471682
23809109,74.63455617725344
14949281,110.45744163725236
9795890,145.98112008513127
18548561,127.05782043512288
28961203,68.61623462050305
19212024,142.08365100097208
10546568,217.65545597652962
13847244,173.2040626826101
16381870,67.50150377788155
22802275,150.05543594340983
29383762,307.3663269215224
9988714,150.71581409794695
27290912,316.2600545044267
4581255,54.046402824830466
6168568,554.4053183912257
16404914,283.46716392653826
14176201,81.93923107752845
24021408,63.45541075407675
19313064,208.9276965291202
27776926,59.36687344458303
27090376,66.00984649520164
24354112,104.36901998711117
11833497,144.31291239292725
6884509,78.8221265817573
852949,196.96981315875232
27924615,78.43528231983167
24469327,398.6941566458172
16498335,75.88020451770599
3603134,206.86280750458658
2969803,122.10474974440639
21579960,70.51721975081274
27782486,80.7921038962128
5934108,126.07549414281384
9881195,164.1262879239096
14299104,267.20348549266316
233638,57.855343743212394
10041002,131.78456125522717
21461901,81.25417339186656
16178928,225.65439051063444
10092851,139.1118599154861
1114409,175.99561018800742
22260546,71.70820967649763
26837124,158.21749583295139
16595723,66.2979841920743
20759183,65.24905596915441
19664555,74.87408073592961
18123155,142.22322615694506
26814302,150.25550291513517
13488659,55.850484237491024
13075169,435.7148995377723
20278184,51.413013998383015
19887540,54.70068347128436
8687556,109.59893680290288
9051314,111.94098087707205
2017397,127.8078465101053
5211296,128.9084365883618
12428243,87.11264480186598
15162388,215.7414708318128
19114231,110.55366345151236
15681476,94.273708641069
20775370,90.89474028391975
4775742,175.52141338933384
6958652,62.31193580597115
25325714,139.1726731526754
14422298,153.26700907511034
4068760,170.86740355200655
23925502,69.20477819860108
23772356,127.56082323973321
17369530,74.19745159530146
1975168,95.77136072112113
27255003,293.66440244650033
8250925,100.33243747293336
24523422,65.64617281087928
3319483,63.51334446926695
5478741,415.35251583939635
3674757,71.36061131632492
28608920,171.02761865228376
10019587,85.38063288432257
20690593,85.6705695908501
10192593,71.14156726214001
2349715,177.01529001078418
7006695,71.35331832165143
22965846,63.81429791852573
23256023,81.41287169916608
2653415,148.7371187801522
7853561,193.58633091500863
21770277,62.281815775372394
5036261,53.410960987337
25215547,80.38514769151647
21838962,142.69922363230683
14152806,202.5723601579375
25285159,60.593822456942014
7581456,86.07937847757943
23622168,136.39100681735013
2864637,128.79480161192518
26061532,204.75182460882004
21864653,75.76502739982459
22437451,57.82374296124084
25314051,163.92769263819446
13170777,324.2882343742768
23611515,109.08462668827104
11798453,140.01270017919077
4695243,70.67202663925094
25844697,80.5603301970642
3263974,106.27132783019697
12966225,92.22404257469492
27973831,540.7524628110349
26270749,185.21533828418777
4303825,202.5780948373449
15099135,182.78632519786288
24099964,150.38371859638377
26980415,70.39800838538669
502132,111.7218056900736
29538875,61.39312982249666
5878382,88.7729939288378
20770969,168.67431177096626
23926896,174.85173825542734
17685791,133.81137281777913
9132956,134.93282282056853
3735483,62.433742552695314
19885300,163.25470535652653
28154635,162.7743732535669
9811997,178.22523658672117
4013339,77.81926693911043
28941589,209.6130884432878
15952702,189.85081602471345
22543061,70.81122055746671
7834712,113.74486463931476
6186628,118.385649776992
10909422,164.64182508585273
17385892,188.70459967805598
6654304,64.45525672303886
7828204,66.61036237505165
27757169,92.24780184580202
3882103,284.5456658828267
13410478,196.5183864931423
13206869,301.3672176352411
6627254,88.52184505299367
14796369,85.2320916928265
13582811,106.76034494950765
26588716,71.1913259638029
12806940,205.74891300222671
10224832,70.74978786851072
24080339,157.33290285294711
18275605,180.27895694494646
12774249,142.49563089608372
19387536,118.35083974742618
16442999,155.16020703931062
29758802,162.19390896581845
29161511,76.609582748972
13073701,167.37036337292363
23964830,103.50947420219067
27273996,55.320313629810244
6657454,137.9392651295965
4183801,122.92724704259331
8502567,72.26051214941812
1336390,184.09214088437292
19571657,121.28171825374936
11418715,151.87206028219157
22101647,61.89326695377745
4881017,377.93688690307266
12342269,106.47105310672106
28159060,75.07143177986686
27429103,264.3142051336759
28369910,54.14136147035157
205735,55.127963744811666
2722983,250.61746201478093
28631338,205.8757963720631
2389329,98.50828976434241
25724871,79.78530440741118
2249464,101.41560931893254
12929687,274.57052650002305
16135399,90.43853464878568
20640353,69.65356224536303
29514909,351.83051298350705
28309976,71.83971615263435
26358423,82.76387477885756
26884353,188.86557854885993
28604409,187.4539448390291
10407723,124.2682743384321
12223159,186.34594837303143
9235437,233.22052244890813
4294969,174.35975417130544
13673951,101.0458370872113
14654573,132.5747976745183
20572271,76.51077760734749
2958412,430.11775037536023
271128,79.70425600246843
18094196,166.2069344003337
4493526,123.82301786433386
22180116,197.16734080892113
9219588,130.42395073066697
29517676,71.18315060029937
1401826,130.99378018848336
20192804,206.34723367556717
29389774,81.21351786668698
27237533,660.7780992304569
27504048,61.62291885587336
413876,181.00985698875203
1016004,55.197686330234035
4978214,77.62649078380265
23000563,169.970460304694
16995234,71.0723026919691
19805513,57.103044975306354
15411988,132.5329346886526
6249740,244.2102138525985
20627478,65.78919972831302
13436132,158.0041832951626
21503830,67.49025328357281
19572579,68.2992065859054
5319785,167.40455764033513
11284626,72.17795589322391
29301424,121.58353439913374
22119092,70.68868973050616
14629018,102.3121227398728
607735,146.46338825281558
24304881,116.58070614751476
12089931,149.0293457586196
2586923,58.0070606103266
29012259,76.19065140542894
27304915,68.66184936475148
28460904,154.10886247474104
157162,262.9368559443355
3328706,96.46032313025297
10899004,166.1035104070089
1655824,125.75777195914849
17971100,55.59712751783446
11638050,258.3159045312081
6809562,267.4953586616652
18898808,35.89941328745194
8117729,149.2016438989717
19986637,64.0999759061482
19284253,220.3262531204857
19997586,195.91752986164042
8402207,54.4568552576263
1937323,220.94673287814354
21609701,285.777894204185
18314930,61.14638593043788
24201129,188.69630978874576
23990767,292.6376995399143
13260699,162.0313450226256
16491731,112.44521752431255
14010699,72.0424325708238
13782517,50.5426673044777
23363336,77.46857345211886
8184502,110.50536935803039
10828230,68.26421398114269
11532023,88.84167392132572
28971081,280.38840365393054
16394179,69.85379120924826
10035950,154.6717506774613
28713532,178.71487814117506
17026435,64.67507783072739
15238740,91.74785856456981
8793503,65.84192970163953
26194075,102.91559404443292
4482584,172.7022842737682
4791389,196.45512652360995
21440185,110.43134014354676
6331598,168.99321452228034
4121879,129.5075196581753
24781822,394.23774944908286
4931807,121.82133345641877
27104568,80.84614038588852
19906528,66.97897584056517
29393371,78.02815423290137
13631232,155.8762889317843
456190,205.71847769878528
22175113,73.58237168962519
5548012,182.39070249457794
15576821,63.7747153060069
22210721,203.44783127425274
7995140,173.02075583458046
6031895,92.16759134948353
22166650,70.87117977634476
6345728,219.31408424085294
14464699,81.04645100191125
20171578,110.9811832549659
5406167,59.232470534641344
10782718,91.37221508972847
16365302,417.44714833235315
21225817,114.47755941173473
8758534,564.263936353343
3093240,63.19703796445077
23090298,65.0264832426064
170420,158.76722108014349
13766690,71.42957001651959
18254225,349.55101950848575
26953332,461.2922474723236
4573728,178.24479701830262
16361507,516.0753643346771
28108511,67.89707188376552
4386598,168.69150014138893
2495596,194.77556521255516
22088784,126.68548182803507
27309857,197.56948308016123
2452769,76.81310445315766
6703106,70.42003838704956
15156627,56.8140559559053
15902775,125.37406179477348
5384971,93.04071549596905
3802218,61.29113911922084
9845284,153.649551852489
28243109,184.4263329174993
15845669,102.8676940951474
17905460,61.11510190038791
27195600,146.38544726927864
27436615,221.364520702887
6722799,307.39867113617885
29038532,145.66837762255182
8664615,112.39566527973018
9675064,121.16170911203399
13971160,78.3367490123053
9436038,104.49415026879471
2735650,152.26493289469843
15693896,98.55176885708285
10771369,163.38960632019837
28976867,204.07875257983665
10086307,86.61857924478397
12309858,74.65675757867038
5811500,76.56286665887897
6784406,146.3299323655681
1021491,98.76923550967375
28462811,73.41532314118352
1101035,145.75236442726535
2700296,85.55378342220011
26943835,150.36686176006523
20772204,75.15530158460524
24229203,187.14601914709058
19056694,158.02130227709145
13669942,76.86110141458464
16233577,55.48336792069304
12410912,72.59289036664968
3609762,185.79942844046096
19952060,74.48291780465341
16992922,195.21323051680267
26072801,70.40440577291622
24037808,142.30845358838
20738991,69.17808292834036
12568634,262.95165351847464
18010406,147.15112235066874
27002850,98.9778937533902
17095290,58.83920260415882
5639584,136.93946939667407
16834485,94.79200909295007
21753002,103.53921622702234
23149791,161.43934047758978
29063276,57.04821853790784
20432888,167.9385767553875
24034953,83.5514378058001
18347330,121.92287257461612
29651529,195.207625017622
24588491,129.400400660322
19560789,509.99747843657906
2611869,119.0093002429361
20045641,86.26093702723296
22016391,57.835490729966615
19100892,155.35070789598163
13926664,77.96483017767541
21440922,73.10383275596993
458154,73.63749437253024
27127722,69.94250923764906
29570887,51.52389311576125
21998466,278.26657114889025
7674272,68.96707660272774
21851201,134.155825604792
29700382,182.02853394684385
16664669,136.35979047925522
26387779,64.09300918102375
8151925,144.4973213475006
22160759,73.81418132514021
7782340,224.73989788528786
19592223,226.26980286016305
27278623,91.72128115067903
17382679,946.7564742157757
9862831,158.59226512219476
13463837,132.09663719039577
17095971,134.78996177670447
25188490,173.19690039467764
3281606,162.80612981984982
4541187,101.68125423447765
18735653,162.55001284558523
1721115,90.36813894895685
4197396,61.64480224312271
4907749,79.6930886403393
15611196,194.46189976076525
10104123,99.0080717163098
25471574,52.750077265943105
29588870,120.3747946744897
7799045,181.2058834464176
9422573,124.41938089376993
1313340,73.34778133355833
29629244,154.40185282341815
5873309,125.56452096648711
9840280,198.2509439702022
19138477,125.31549788446047
6543687,60.27732993399593
29215529,245.6543108461116
29015698,208.1910135134784
6269945,99.85939041803961
28335955,51.61676627375948
294280,204.5210847570561
12674680,115.3738130967647
369831,59.689985928837366
1922448,85.466960756565
27336951,185.74122364518348
5756643,68.06768548094298
17904788,195.3756853269531
2528636,142.53293695216982
11531154,123.61977186332747
15835247,100.54232023098405
21202563,159.62974225006766
13638026,170.43777036303223
24970999,105.45269628321267
21965755,120.05696786402473
378852,168.9408705570106
20981701,75.11219621374421
27365146,137.54472567455832
18175061,603.618747693274
18024849,367.7712692909875
22309603,130.11956460177586
21139541,59.73010765941826
12465732,107.90816109554254
27508517,88.5305443298587
19017889,233.6280635468008
27052657,175.35114971400958
14723697,187.85985816188258
22226376,65.65806086012175
12897133,106.35672065033846
13030610,58.780246081829176
5231104,52.37084940004118
26126570,222.87352960022318
20826507,289.0889758796349
28336062,103.52793161248964
805028,235.75057241480067
25189799,102.14097073688357
13712165,239.78324263752916
15328018,64.0036365561803
10886971,75.90333722553822
19691525,52.10296548228169
15265988,115.88266577216568
26816685,505.42175502060013
19891485,93.26189847305443
7582706,427.5326770492098
593000,143.07278826898468
22616842,123.766042368194
25428463,33.12396953453227
11505446,83.25619866622856
11032957,115.21021373686743
21343258,262.93572943471327
6569350,127.98312943560926
21914314,216.39435274045331
21257726,106.19712331116011
11801825,77.13469746722052
598254,119.75728550574824
6396519,122.96965387465774
205043,175.12514400855858
18565588,68.19505122130703
3836199,130.71485902242458
5316660,75.01143929882487
18359018,120.17744309132644
13623361,222.4456370756212
18745314,132.56682146846066
11511431,238.71258896397424
21313582,103.46858355815239
22400181,202.71163635098912
24449820,184.25618350161494
12402601,274.398777600529
9201479,146.08257440456322
1023529,58.075787157537036
1073635,149.6714505205854
18120094,100.32972363621418
21781515,83.51958113713847
1836381,74.36988709146549
13278125,354.00029066222345
25804768,154.64914025351877
25487254,158.6890738852538
22180193,106.39320695847653
24312253,75.72588840118617
18615020,50.24549387888593
28687834,314.69366635278914
26185195,73.70000225600982
26096547,119.72865542283675
27366771,75.07143177986686
3522513,262.60140066049735
3711039,52.81297718108942
24528199,313.107637281197
5284341,76.52911244955862
23780896,83.43544654066596
3755474,201.000123227668
20980192,82.52600276771767
867721,57.55898291188149
20773084,57.38035917652616
16722762,147.90396825707626
8504263,85.04685872128591
26718625,62.33998461158041
26031698,82.64532423442195
26224487,78.77478962619288
21322208,62.370979309638464
1175400,92.12992658929761
14840323,107.00093831277574
1263964,70.70521412461518
9706724,61.56985581773298
23538694,90.36645929353314
1456142,201.8959212650287
26811414,147.2468997257886
20855939,338.77432494488727
25452119,89.3494614260577
20439721,82.51184996799277
21816278,68.57819185324435
7982483,123.45303340750438
26311285,39.105806490769794
26255392,154.5369928123418
16123943,65.2163481117526
10838743,61.32837517251635
24632456,206.0926489704499
3404472,62.692330275682274
19790011,317.29973065003566
24624070,56.8188109425242
21188555,50.84478224731663
13045196,64.96871871650399
1438870,70.21576924469356
28364587,140.9286593319827
9823636,94.66525891743872
7662069,115.86511126821676
20245122,232.99662582756585
4287589,137.0257368360258
2636396,113.62445660685766
891117,70.09641726305244
17855771,74.14568516660275
21476656,59.589754015573895
27250227,92.98854325546598
19432091,198.13162807210787
6347729,115.9763247925414
14714093,87.0868495624912
15968041,197.31438773192022
22859928,50.5642869923898
12190880,96.6078549343223
28609762,79.08067567522279
19288847,73.78668234040225
16158314,183.70414624284058
16214199,183.21062721681378
12156541,65.5218302399406
10043483,83.33903836184123
19915204,68.036352032295
14914739,163.30613505090847
4908078,92.7939393144941
21811097,85.70397212034037
9155475,227.97947362355058
14783394,59.04018870266947
9698691,108.1913370303868
29231785,60.04759663057454
10253367,117.78656476870833
26431441,46.64411055900479
14182884,90.69683311749446
29185398,85.17848508499192
19744093,151.29522200521822
29539167,46.95737118362962
16917319,78.64944270185688
21549850,83.4031231532288
27653304,153.7686423147596
19067226,71.71153467698706
15497229,447.69834182141614
1141120,123.11685134737046
8283646,81.10436584953327
4225745,130.85721141716343
23858353,67.70633397823974
27499097,50.29729607790091
19730536,150.54649018060448
18853435,66.5329140921046
22306883,101.27791505718545
3201696,698.0902285702538
13577416,67.8587637530716
3984168,194.87118826500932
21620322,68.95779560122834
29709145,387.76369787883505
21921707,55.786113353220195
13192876,95.90082466723486
29596175,110.58039526836103
9390084,227.33547507001052
22157396,173.61281352526188
25872255,150.58072360293718
23835978,422.4945486652248
26541911,256.2418943551914
26563874,69.69015669157852
11244921,225.64178251583976
12186043,95.88190419575851
26523155,96.04342911366136
9215307,108.45533390955347
22189806,184.46517891001326
9424314,88.8870291052322
282863,116.23503430541494
22958680,158.7730765083311
53470,159.3982319289927
17962354,72.90744682003937
29128548,244.68487841704282
16427854,167.67306988545087
5678143,111.84891984702251
3611813,111.15200762492259
3614159,85.03727210175153
21393948,54.22866075484067
10117624,169.76928355737587
4244476,62.68023956333352
7547481,51.30975889027365
3917007,148.15321288781772
27832008,174.7665281653096
9370538,185.70833425924556
1766846,192.64303367884636
14549226,114.50562740007003
19720780,223.71437021066387
28879557,125.12105925972445
12749596,109.88856608349256
8523688,152.7224329722281
4315934,118.28878920363375
16019660,73.59139205661835
15844840,50.795922377088516
21139389,302.317722368416
20014614,227.4964894076345
21813407,81.90611752072658
21227069,67.66297830584008
25450885,188.3800913322091
29512260,417.6979011541886
8750901,245.90927038588552
7025113,51.07765071487588
15723889,146.88146872053665
13507748,82.85389636024966
3544899,115.48325093913026
16194815,137.1134314811816
13880509,71.08158322262905
12670809,172.1935907623147
7600297,186.47324843118236
24289209,53.62106933624455
2193902,185.8221394211307
22432585,107.15078099185497
14322170,70.17373565696425
276216,143.317136551241
19331686,104.82608041088888
21241829,114.29193994809907
9630526,78.37140585369035
13763917,59.194929243365685
2467680,592.6220837644261
21632690,211.09893638921164
14497942,329.83584153714435
22937095,151.42229224381853
28518910,100.31541245396897
9768159,75.88642298808665
3251148,278.6161470591586
19387402,162.29149929262505
5894720,202.97996750194162
14137639,64.6579202299916
17434335,64.24909647898174
29050962,73.38729763587078
14655004,88.48836096093555
16499824,242.0889346864404
1462341,160.65476618524724
19176790,64.37072841070146
22463886,500.3673000024223
18463869,80.07856889553143
22714192,72.26928141594608
6433621,175.42299654267495
17943774,117.34793936663935
19422474,379.27337372291487
11057550,315.4366666906595
7546039,191.50802881766649
19122217,462.20933869615266
28838614,106.47306448548618
25837478,55.07794278835783
7679094,172.91556131080847
18136685,124.8484768246564
29484503,223.67923791581697
6500587,66.23396773133918
462454,99.6571242590485
13724284,106.5830431743452
20284124,58.57141099726329
28333941,79.09016986430137
13689162,97.87876620760932
789606,69.13872188107972
16037576,94.7098442906264
23417781,598.9403413170864
14297989,115.74691348343897
26249582,246.3313475879833
13637050,63.936220433509014
28183270,45.83148857283734
1519621,59.90578942563224
25444463,87.80920610075083
18842507,111.72472426983641
4405156,139.3675580576388
26671982,206.15816167770268
19675738,194.5033537762354
8663101,119.55049052926141
16560739,189.6886442462413
6627472,190.60796468695162
11775347,171.47997191669955
13443640,640.3745334442395
9788435,121.08309393560194
16685246,64.27621486216226
21869057,186.2179893930619
8990988,129.02771195387132
4135848,79.02412303296921
19388828,218.89880186404355
18224656,76.58498843874365
21015751,134.91426693030465
20623570,142.34744439511869
19963733,374.60344099675626
26155827,68.59576715239335
23252443,391.9538891229604
14359772,72.20005784318364
29277982,92.86910024546734
22232031,66.60011150876441
21527485,64.61465203429317
24508446,560.6014903575202
23978220,79.60383068061803
12953158,193.22640308175505
16846462,175.21927489123638
2108178,111.25412442798485
24541964,224.49771405104897
29457770,67.95192734349637
5861179,138.82999370033056
19021031,79.88554607406807
20539875,109.2632271285208
5618341,187.7859998690858
18580576,250.6244697695436
21630319,74.6734088085543
27394159,145.59440894927693
26080980,149.03248842701655
4342581,53.988349619810386
5725698,201.23851221876808
19970216,163.59912304442364
20572472,150.0364652133292
10001022,149.36153249871475
19609107,71.71476530541706
18896824,83.19867062793456
27131137,158.7471154304238
27142225,135.3545291324215
23092921,288.4388821201225
26363727,131.45186999339003
4935717,105.41318263377373
20711342,78.1120323968623
18293288,54.16896651603138
28966170,70.5804736451982
21891856,179.73120022038952
13657030,88.16012208652775
8869383,67.1323887492045
24248741,120.03754611359052
25235760,42.83596266972892
24335248,66.20874144176302
22630194,78.98631851730322
22681018,184.82670631344297
25187461,281.33060751309193
346248,116.18066626563645
801281,197.339696305054
24843435,65.87187837045302
7281309,74.6864464621255
29163083,307.07518402628466
11620062,138.6879938760078
21120942,292.74352122774275
16171868,57.09141492586807
12730600,79.83755000654759
17365005,183.54831760262536
5640394,117.00920275446697
24367577,185.8865358670165
15832098,59.41170233530669
12022098,72.25056420785084
25922009,184.21559995520667
4701425,124.7259259983457
810681,262.39873054527465
770893,154.5774242508239
20920531,99.0241105616801
6796031,71.14224034062427
9331114,130.48921259962074
24468390,64.5895657618882
28431239,85.6811346064136
29233145,86.2010468462732
19896613,98.99560532774528
17810048,87.99201058001977
13544987,171.0082506654555
19639687,260.9737445260377
22957510,600.8707947003727
26584254,56.31174210697936
4163020,94.41618227138804
22449860,258.9878727992462
8391035,72.61685216773402
9694001,180.19911343771864
3200522,207.84809581322807
22033980,64.8688643054013
14068646,260.88914186587704
18391905,306.1116583798252
27703666,237.15238663560066
21949305,50.601180644850054
645942,211.46905500142907
13065655,103.67915766637127
18686269,150.43298943251963
24179763,54.65955528299947
20581903,62.72253472500875
11604885,76.80938017203972
21797928,112.09040649976424
640813,238.1440485963134
4325284,197.03773769615836
15774166,89.71423494276769
553565,112.45101201400753
9609825,190.16431431849762
7402303,125.70462387070357
1028366,63.559390651004186
7322,155.1883628110429
26748374,149.21762598016815
9330884,239.64857534841676
19274249,58.64115235449597
70095,81.20751472250264
22387260,152.44137434971296
13036622,139.02471078002435
27251043,613.7070693675699
15842191,65.77109750669051
22086531,67.15979736388012
14605243,66.54346955892741
4129513,67.59416486877814
11514023,84.55121307304807
15418764,121.1537026716552
12081327,73.98317619460884
14278418,63.039248084240135
235515,58.67337366472188
7746872,205.51169845341167
3237602,234.18685082480116
9525335,82.80682476893965
20679666,315.8081553193226
16504513,175.47271838921048
113265,67.30893490536775
23203149,64.40084107408642
19976803,68.34203451508431
24920874,94.08700531775715
24260247,364.82659258464287
7785451,137.65795956412822
23232087,83.18551885480855
16282085,398.0989421499791
15486268,245.92500980518693
13091684,179.19649238229943
4311648,209.83569957951454
14124508,146.00968822146808
22566815,74.6936597262798
15679326,91.25761834583635
2385779,153.57484415869268
672490,297.6695487833268
27955426,494.53871254359734
27852611,147.67506371697775
27056796,63.81489666139006
24604480,160.82585818714387
27141455,68.37298116809013
9445789,101.0118907898588
12999396,486.58171815618124
9813715,78.92361644683756
15374796,92.02130228865099
19825552,214.74977497653163
8210686,74.19689504081545
582372,68.29824996737887
14006823,160.0002975231957
5038299,106.22964938010773
20549878,126.56281755039578
22032984,61.9522521059103
18688588,162.91585642155846
17992512,108.75645234934534
8472045,137.00695922988072
16545940,88.1056310588063
21984170,198.95014410208114
17435948,91.08270748171265
7450047,126.87801879973313
23671975,79.89888351056179
19018581,69.01032598609093
21783251,289.84683679818755
27339855,112.48107253264784
8920816,59.18463164987234
28834703,155.58412950682109
10962,77.16024842033914
28982976,119.1209828360739
13974,204.64024693396937
14968000,171.36575961052895
25804358,88.60145240089109
29612907,214.61932624013193
27875757,123.12929142324464
28963068,112.22684499373543
27392874,156.59308613883496
28047666,123.69406263650637
595321,82.91674014086367
16916510,63.57535098314711
24491450,136.2609806937802
22088180,62.680345039056014
23465208,67.59340984528787
539160,307.9828840863348
7279583,578.1706257679131
13903497,82.46820652417415
4725852,142.0884802480314
18836754,123.41399069655044
23594975,260.5561608043792
4500615,319.32240563337837
1229630,230.15262734827704
27938207,50.2867570719765
22436168,76.00067541585503
3751919,81.84084825320582
23702074,181.11479873974687
66718,173.2352448426127
4218098,122.90178023258038
18449005,242.3071339384221
15042361,59.42615454531028
24251311,226.7551260264075
5707711,67.24934166900876
23039069,269.2267936347337
20635939,373.18137287923554
803778,603.9539341744386
1855846,142.99064196564947
6601606,137.94174204557714
20282044,59.10603008649139
14801621,125.31910957301774
29411009,309.0176333980119
26222639,88.1487775454362
7483951,294.38744388144806
12069335,67.51679871613602
11602050,168.0578412473342
5869197,190.7624512159762
21288588,69.7750510933911
1221962,160.2938766013658
7025026,207.6960967570061
1257994,92.28933181329246
25113440,132.35305754008513
14184222,71.25691754311748
17450040,344.090181862796
23576986,74.51145434194638
23358691,67.28002255197303
19501242,96.57321942741639
26374486,142.22129536938752
19274462,89.27184697223566
29660842,104.2001197435694
13246949,91.8846042468766
371138,173.66465333683573
19922859,80.93154233006742
18851906,180.35754878318699
6625406,81.42796653750355
7695043,133.3826399661015
20029021,151.54749378759936
4205816,103.22744098641482
21967259,502.29668701587326
3626699,108.28429704267916
17880254,65.86474695858672
12128193,90.9547841806139
15852984,250.53107406380147
6699912,73.95624472032692
19123481,64.58485136135657
4994058,117.32074644187792
697499,172.6972197732408
6698963,266.5681275594987
29240070,250.47929829335416
20572019,200.92451493326928
21547325,112.46389524798862
28941710,84.9890945532549
11801942,159.46683785495077
4209595,205.81438372647142
25450831,179.67604966728155
20308965,239.87066731796645
21950290,178.66831149423808
1932110,107.43847188409138
13788701,187.20055320050093
20085006,149.44864055109005
13127582,67.15426488077799
10385262,183.7459714700352
531258,175.44199458613608
20745174,102.7598064442924
14464084,379.5207640354917
13259442,108.86007668796401
7364008,97.79345761673967
11593365,306.19044499510966
10735397,151.54073649622467
6076202,162.1754700287129
11020841,93.38684028932396
7871985,108.60600462381647
1861493,179.40922106724375
14549056,164.38126358434081
7421930,138.4002906573903
22361004,492.04030205395793
10049711,110.46738047539306
21724762,55.55320314426185
10155159,104.72253372327008
22900443,128.88185187086526
19524259,170.10298535721395
25448979,60.04024498395381
22258326,204.96963044388258
21475999,104.5558885504751
27874671,91.86646972414782
6706788,191.246319150091
25895230,139.59635880308062
20133864,51.13952907741302
4802299,103.2218465255695
21947260,82.12197933622578
10016601,169.97790935515198
6004786,268.31176470533705
15629854,202.6952336528043
8444227,105.90417972187691
7475708,319.4525173195852
13533165,182.59110216828867
250323,161.91291134495793
1895705,110.85288530350353
29711772,233.77414239951904
20689498,204.1517477564283
2889387,63.83601985044283
25324506,119.60976673661598
13970722,197.19323583846744
21869495,238.28477292000306
6780509,222.9179439694545
20216170,128.67004825889921
12765391,107.25312843651459
27051470,180.58432207810313
12740226,78.14085358217757
9773892,301.6754000266338
18671835,55.319595935356176
29533616,302.2580026931401
4108799,143.7379221597437
5783899,77.23936658124894
19245830,55.331800428641515
756312,310.86866310309637
21419387,305.4370968953927
10573225,129.6825913408778
22868760,115.62077493923057
12155351,104.22526144941759
20223912,169.5520833010259
20153406,87.19924718651468
20254247,69.69028974517668
501098,87.76790715921975
2519112,109.33532281468858
13306156,90.19941111838425
13124637,95.35094771586311
828130,69.64177304737645
18485386,176.76089377404233
21260337,92.75211476467403
14708,83.94398060706958
5590966,55.04769356186736
7269771,143.95835688654776
9104108,126.61552472197344
17043468,124.582034540865
24164953,64.47640566397426
13993376,60.68551926263402
2104910,120.24228277859442
17601960,179.26383716638279
29518915,77.38072473292414
11611809,197.8000298719255
14335179,131.6473013504658
21476604,159.76844271799797
25477608,110.64572733288662
4729374,65.59754617026015
8419475,86.85991036087755
18475204,79.95745543170824
1582263,123.16712044951309
7645359,151.02811942104333
6740840,77.61915750373745
4643199,175.66482374966088
8754560,98.64257144171081
24597944,174.63690810384182
25027222,176.50710188538537
17751871,91.57293515399857
19847087,117.40081178350772
24497202,139.874895872676
15767882,200.85787566953823
9132807,236.67383914376876
21865637,70.88873595306238
22619073,70.54804915668403
21859065,284.4261639250439
24786393,122.61033241762864
20369044,243.20518865453457
23255874,75.1530285200157
28492950,228.79943003694174
15423962,52.295584326106216
11168411,69.59836095013465
19621811,189.68228062514717
7525463,80.93519521324448
13625610,143.16506857159752
3544273,269.40232327375173
380416,112.63564150701791
16542864,396.1047891120133
25258389,140.2102433698349
19066236,158.7518127081742
22375827,133.57901519838555
14995382,63.78008926693284
24525290,254.8210975638142
10082054,327.642709817901
18332345,93.25758059850386
14369177,156.6288769257301
29078405,285.83703030225337
21867598,146.27827439960274
7430588,133.07615075261364
12774975,74.26127374307009
5078232,165.44829253204782
19734492,101.09636392544564
19326011,171.15302473979568
25770975,170.76001590228273
28074111,102.4596443843513
5806803,73.22651831836454
413504,90.28269756427092
29034041,235.2031884264492
12835664,286.3632691668261
24275320,190.10787177155512
13004967,322.0785049106582
7410868,135.30126964485984
4157064,60.226856641197884
27237572,660.7780992304569
28735958,168.27423377428
8615012,62.75041459760542
22157553,53.17728126647086
12467421,203.93219204059645
25355282,43.091568367276984
16998689,222.56241076327817
9925373,90.52227086137981
10412649,75.48313046828092
5424994,162.3670276546479
26011563,224.87597606401297
9563873,55.69953686196164
18156252,144.36694717934606
6848001,69.95730485992965
20572858,95.6469112298023
8794624,68.04285953985514
924658,39.48990824838802
20304291,87.73631094890357
28860221,190.13704171782237
20191258,313.38580914169785
26192702,79.29024250642807
28636781,82.94518053504616
21980723,797.1290040970507
29306210,488.9958761370862
3968610,153.38186826243182
12596422,70.04931845640216
14007809,289.4845208631314
15590617,174.8489765922477
29396275,73.85156829031926
28964397,137.1733997180814
13495558,277.84830054765
695216,162.2904927954976
10500222,247.33199856843476
24201802,97.56394384279776
19438695,116.45566735525114
21936080,68.68990869251384
1091840,89.81594876894997
17751792,144.57747323501243
21824864,96.98388774641887
9129371,143.98642238225503
12846033,315.37622364864126
25783739,223.99488250789932
13264012,157.19092827759326
26518547,84.12914241000014
28670432,51.93053396357933
24284744,167.92825669602277
19413339,126.43227658904804
21619277,191.58653260199387
21358087,146.29901808979346
19695709,155.99731713409082
10076836,179.41729711976336
12704039,45.74631201612027
15984446,316.29836117991925
24449621,188.16176731114874
5492696,105.67085051282487
9710538,94.3196273129309
18050070,68.0694489765058
19020812,96.69424229438805
12368109,70.9085489761466
29517831,97.33021030465534
26661650,60.75562680693535
7853110,72.12629444944507
4541102,127.24375468485452
21984189,323.06639858119365
6703091,190.76769455092403
2105163,149.25116052862572
9975682,63.30231866182376
16852061,162.0282843472473
28909110,122.19607136524077
11380956,137.31323636365957
29623659,139.15992421776542
4240861,50.71262284957123
16618049,56.57767143223666
13114019,177.42455686576213
29329801,218.03305028438947
12004547,202.11666087298488
8719948,98.5643871190869
20761768,248.20699972200433
28345654,222.45949698790346
19692726,118.29064618544835
6837529,108.53475899011767
23055624,90.76907582364954
21648513,176.93974271984086
11627123,53.80132867131004
23664751,118.65147896587534
1312228,59.229531758673424
4137306,107.67536471504938
9976264,78.76527485460645
29061500,158.6293047837643
24945663,140.4176254258135
7900908,212.1278666991393
20353738,148.85515536834217
936218,73.65183386782262
25161732,95.89452005986006
7144807,71.10587061687885
18745141,53.55077425055896
13640476,56.996950169301925
16612424,66.95282830184998
27546295,75.90664246495335
19891602,114.89999283972695
4704939,143.05950809415538
26422007,285.4818208736461
7955984,65.1261671472139
2836845,137.51754811223284
21240926,158.132286082362
6776299,89.84662548849752
26770455,105.11204719100753
18272753,80.5272903100596
14237346,76.78553412091344
17073983,164.3503490598201
19891482,171.60304071084627
16361439,113.36214090578578
23164790,96.33575373126143
6804983,67.11856255960484
26099879,162.45314485280096
925010,154.0060088579476
25493246,94.23527268912339
411525,98.79691778358448
19134112,196.1793956905315
16287863,151.36934629786762
9855028,227.73286470288716
17576849,97.92816930876437
24377683,115.09551404252413
10671589,136.31599740388899
22508242,85.6780749808891
25519971,66.18313469190912
20185472,77.32461278544928
27173512,148.4699431251507
28047011,65.49530916501702
20523876,179.88360650609397
29073462,103.69003399793932
9646874,129.72620115881725
20630178,70.81311179121751
7837952,178.94939776352794
24006208,50.53688332315844
22632338,191.46051283261124
16405737,52.79057223530233
4977140,122.00599423477404
3963635,205.61370925679034
25894828,47.26256443811179
21863411,202.22257982461693
20330081,45.46738948115861
15419911,61.99382258812657
13208365,63.013147247762625
8268716,257.7760394440592
4439664,116.59027918055439
5424042,229.13386605495268
21762711,517.2799578858961
29412276,64.42100739023284
19012370,218.1400978070582
8211632,106.37621886442349
26985201,93.24381145210333
23668742,284.0179269660282
5873714,115.38454304563493
8029907,151.5210745055834
22339259,75.36641855296197
24276835,79.09052507470842
27453970,94.75369120090016
6425071,363.0909997407941
21828339,240.0533581419918
6324345,141.78625054601088
20306746,88.36747353837785
17214699,188.04554104047534
19488246,73.5971494801648
6421011,104.86400751545189
19049956,67.56401896331516
21693544,241.06166950589386
15114433,103.56349245937777
22106087,59.99803199871724
15509701,75.33432177572531
3625075,196.3249083119539
9878369,362.09696231540994
4839805,106.18660419769729
18450490,60.22406144191317
3411912,134.63262754653337
24299542,133.99007605026273
4662638,100.19700832365157
28544505,62.66364760994989
21176417,75.94144040594375
21098387,118.63385904533256
17842170,125.54866927473911
16368793,113.56550236649888
6851700,80.39245359195216
6599689,128.4599272494293
22107371,269.0881704639071
17573354,153.73364066410258
19604361,72.987665956937
8691258,124.86253661579129
22248615,100.2126094909159
14692459,183.34379182358933
13371473,63.30223047845479
26728369,81.40478917613457
26278372,147.45645805523804
15018397,85.82135875402878
23271535,115.79012077922077
13276227,97.9974221450921
7791635,61.35308107489296
60680,190.5187829166949
5418807,61.420385217563854
28659172,57.9262190326425
8994423,175.34240475226537
24966466,87.76231441138977
14787179,86.48366316244285
26080154,85.11261041595158
17937664,123.84340948754523
6424961,131.99348214004874
13082957,63.2592308156588
12782109,199.14326637312934
26229385,179.3417325099499
6304803,231.9165261728539
257787,71.94201522333289
16697657,139.3387329893219
10037369,92.88330383831187
24997250,354.1981132648307
2232600,192.77979293274703
17510150,188.1864518469508
22845148,415.37892366528826
18340599,109.692757584881
24632399,386.5332402769986
3122230,110.68347542324734
28633104,122.69042382577727
1330056,96.13557054021857
12345354,74.24537910792323
25070598,136.3490380052081
11753066,83.15633754658876
21883659,247.92661816311912
11132775,75.3620288319589
15035565,230.92089603273044
20833958,62.78871484468372
21449446,137.7475680551836
923722,263.29540380105607
14463527,51.1912420141471
6371373,134.09580622951216
16912640,64.96458371180417
20960316,75.03352450020998
18579416,252.54804202934238
24935780,209.05255175516723
17848877,191.02435477471377
24653197,64.09352452133957
14697382,78.72959561648698
26323877,194.82958305472496
9793665,237.1691982032637
26254270,93.58757002408272
22085754,49.45021498668436
6766908,111.04899116297581
11695338,50.66104945636372
2071446,79.87512159688038
25940006,102.53795672701511
23789250,483.4630662499214
26841248,407.4142817666387
12070985,156.97294376454997
27395757,104.6501541798288
18035611,64.71798207842693
9902932,250.43623678001893
4579642,306.31758572523023
16071234,297.7894881215098
9415685,58.1576735995889
25248774,95.34867726328974
4387007,85.74936338159876
27494148,175.23639290403005
15480677,91.63260450500029
28631315,217.12494907304355
12765858,64.68870365517324
22343909,130.86181049284514
11573695,78.63513553498552
18852048,81.53782102447812
21798015,111.58394093289125
16232783,101.00359498081203
22655068,187.1661452194277
20786029,88.27189412239677
18502830,45.179131102274035
28762364,76.66767554718936
9168009,89.07311219599075
1863930,170.59658654812918
18729447,71.32816336796182
21175160,72.31088838467835
8294525,89.84741752590526
6828889,66.30719255943241
28609557,130.13193668091017
10857454,310.6021760584418
25441022,192.2724916215168
19811442,167.01332124731212
23682306,102.29485262879918
23434675,141.4763919604645
20182193,225.55000660410474
13122712,109.30721394312327
23851659,86.08388515629592
29701654,413.63842671118135
22533156,57.80459746514333
18176456,157.07472301682841
28181575,174.17994231992142
827719,80.22179308226254
9577006,50.68330190929252
14763045,135.64519516987878
19691108,111.6401688772329
19785737,117.7278634225964
63003,111.95442702405687
21809687,314.34012628481975
7397649,138.09913204671133
2488227,149.03546783171953
22542113,84.18185209766416
24943283,350.4740255776292
28227693,90.40414240648171
7002915,209.8682674178829
15266140,63.63591045213321
22212969,229.0869476070516
15714121,132.8500360179478
11720001,141.64985559951222
211974,191.04266349359182
26782911,181.950272241417
6262562,66.7503389588427
26713286,229.31916519585138
44229,72.63965929528544
7435882,46.72962684624116
22600968,78.0573119406478
397034,188.11210820966926
12751037,108.53617342671619
2636534,87.1683009154998
20788674,325.117958260621
15813342,67.03823738778878
5411787,125.78927774024821
25188029,297.8344215139155
306799,69.83096525140319
22511108,169.4277497714161
28835887,209.21201355604168
1979848,119.94464963536787
5066900,66.005982722799
29654321,181.48497673308634
28406990,159.8102885058561
13511798,71.63416065261197
4651112,211.67947878889026
15062944,61.65965286256733
6115341,236.99309368467934
4412533,106.69906567829916
9999252,129.3595102359645
28312520,67.90163152950724
16163672,78.14289467224376
21308590,107.82845016291391
1256768,176.43711038395838
14349588,178.1589965613838
12087608,238.81007362523323
22675417,66.7634209830087
24983084,626.263270699198
21785453,109.30862461458462
12243378,361.1398645865311
27336157,147.8234841603778
25376315,54.61906699403212
28541825,58.295535914785795
18517477,62.63441137841276
20932773,89.1192601137359
9103098,103.43761135310235
2015586,124.02097884173283
20437891,111.60645923678798
23668736,208.8049285780729
16345072,187.1065913104475
4958223,88.07641296243128
4758924,90.0104834960082
1167658,57.84879786842814
16708143,72.45136815659437
9728203,73.39941499488076
587698,72.6313090874109
17641480,64.03549217539204
26474045,265.07502112944127
8951083,168.0290432053537
9014126,120.06656181700733
4905118,288.74740829592446
3111416,141.83556070962658
2545184,45.33576279561913
21392524,115.38546026906454
2371632,119.910531653289
26431364,122.99780053631487
20853,298.9447346764013
15269281,64.1977499274533
15354260,106.7315742169755
7348008,68.2778460849354
22887406,101.009551022016
8903147,65.02609437171121
10011850,164.99520475636024
10252921,105.34441855103061
16241334,185.72293581364445
403056,82.76244893793694
21515431,174.37267810975257
16058082,62.41125702024723
3851623,175.31494863862224
10106768,64.30545363283058
6692574,96.87588871490196
25184077,101.72164405104398
19894740,66.99818451798892
13725208,96.17770973860758
4685985,84.97356333164412
9369514,42.02406949494897
2156230,117.08643570523509
22076192,59.264503211426906
16205491,142.91734256995807
6128992,196.64116038093343
18095883,130.48164779318685
27782804,317.98705694752573
8568841,242.6969528215873
6249050,73.1187076964099
19410331,207.83778196227786
12497757,81.10253518565447
16491214,266.79825192668164
29650405,275.9958675760964
19345240,119.12593676775494
9832827,134.57129753477463
10900130,78.7576432073675
28422780,61.63753481043286
8272818,257.4247676635308
9401453,249.30550657345248
3760592,116.12748411563224
27244093,75.69080737701863
24669955,359.9819647288436
25841637,109.48403597140862
9684998,166.57086974755475
4755815,103.80662457611578
1096326,137.0214093694943
22179180,121.30298170001993
28690870,156.1453740965217
21205294,75.62836636382438
8024915,53.93922997474761
1087215,426.6328837724845
21491304,223.37007185228808
26865983,113.21486682240477
29460178,233.3590765005464
11653913,109.21090625904624
26463420,165.94093072987076
21474497,117.70552356371248
22557026,227.26775564353844
6882689,180.77848209560457
2661098,49.44328917100862
2783468,195.8280374955077
19450906,120.85000619496928
14774206,102.70217676880732
7389120,151.69408783993387
839336,197.98984697461182
16476956,110.27590442470235
27492039,215.47655947078135
250537,279.33596230152216
12814997,71.6000543497593
20982168,63.916112497139004
19567868,244.67430573756397
22098233,225.75479435051543
6673773,75.89313221238451
19961368,192.27781353985037
7242823,123.39228669527036
17084539,110.13535757052733
13313846,43.22379068786214
9051437,123.19707376329536
15735305,450.75687714086234
21607402,70.15731062273316
778706,167.03145922039198
29037588,205.80995279069745
21826406,390.4641481963251
25587783,136.49274543493917
12835123,160.39483381506452
29697411,60.933504973808056
20175518,142.1301405988809
8292864,382.38765271117063
3368441,325.0698488384894
22674532,208.719972973601
29357553,209.81173586790283
27802400,88.4560033323203
19431197,228.38578875588482
9504843,195.85582713793897
18221723,226.1722284356412
287421,173.44771156261663
22270195,77.59469671490643
7345333,85.15763553646197
1633924,133.40953142456968
9954585,147.42324335643548
19880329,565.2276848133364
19244550,177.11562935392587
6195564,80.5339405993642
12757980,228.7839411806966
18448446,214.04739058672226
11272815,62.834563959553094
15984242,64.3003208132746
7844193,59.931434109719284
21471540,62.68860470032956
29656806,194.64882935758502
4324129,83.21857348290087
15436836,199.8858510885075
17638265,79.10208434391501
24014159,66.11941460606626
2515876,53.255758142052166
25782107,56.164272385555456
6105342,75.22070366232263
15772473,311.803642393765
17095296,57.70199313605557
16190549,117.2346177700246
260451,127.72798707838957
25847087,139.43747458856123
323706,372.97924211269134
9113729,109.53448639850372
15098786,195.18305988527845
10585707,88.77774572513981
408491,293.8295775215814
23633872,61.155358486381516
14486539,59.431827053212466
26871230,347.9298658944909
14043849,74.48904806120294
6093459,86.08904449838468
21027999,61.131671743479735
14633272,87.3402504982576
26844413,174.4364920828635
19182044,288.98206684153405
3511934,113.1404367156005
24095408,80.8508230385359
17315299,77.37781584254006
19054001,57.40000887342285
4081800,146.89946811317796
21850636,181.45691794770065
13921768,68.97905067887478
12964477,58.202709135327716
838677,112.34630041139762
11944668,77.44494915038719
9880049,227.73286470288716
28738069,79.80119433508881
19355878,203.99017390573508
16617217,191.58242524255368
14586448,176.84254968741268
1340982,164.24631691169364
10682290,52.51943200508978
18637270,60.731953012465375
16351180,59.47789234215173
847591,107.93487398053412
21042534,146.63395257261905
3829261,84.66463683627869
12626567,57.03293753598472
437352,129.98623205362796
9316143,62.00061707342027
24878293,115.58522175610678
3715638,97.57385848910714
24725306,230.81218593744396
198786,195.46778869070872
5297660,59.54343879202499
21136851,113.41414639276603
19873887,507.7300774796826
20744284,65.64936666907504
3946239,185.2125252200682
25816034,144.67828354894996
16162832,143.34453085327138
1961020,177.01976268032203
24200871,173.06162022086315
29153508,138.00761398653364
23006397,150.5229318140966
25736189,112.15919848090721
24288844,176.08671921863265
23809758,61.86979947975619
22437457,112.72278158915786
29160599,141.76305082202262
23582263,161.02045964819513
27068250,237.60492585557165
8496622,139.71768298268663
671402,232.74304097810682
23359999,195.03599727701314
9921366,122.06123637223902
24679901,140.60526171056708
4950357,83.27526252910803
26004343,94.79875474710298
22807825,154.0206480700091
16439249,65.30869070243715
13297200,128.44427154110625
9683691,67.2559627569097
13278181,233.17103720466096
13173415,109.08289530489937
4141868,159.97141975397892
12951417,71.31411983226418
13182531,196.47939463098382
22564190,316.0986003922685
21973767,200.2471729413846
24945511,183.22954138233328
13623187,148.24732497405844
9092845,269.9641450616861
17041225,251.48058693957043
16365878,124.8363332665524
12672036,126.94326503018179
12134113,66.7546692962873
29703038,246.39002523168838
26228255,185.31570811362303
8880524,63.471549114931314
15423552,179.4470172297931
19452119,111.44862289858803
5526210,172.1772735158623
8308683,84.70484847075826
21188847,267.53555879370487
20844935,105.48205838665233
27724217,62.54182422541293
6314794,82.06930909844264
16095062,108.1244630080654
8942367,56.814137055623284
29308938,419.62983213544277
17042235,279.53225545438204
7460748,105.62725057627767
4469679,236.95475403373166
9211534,65.7433485758748
25320440,159.07383679228164
14521738,67.45532143143
21355217,631.4314125796816
27569888,98.06005743156216
4162511,90.21252280914739
26640881,75.76386410172516
26440393,61.56639881896467
17774731,119.36341062504111
15374777,78.48086913561616
26560159,110.2992538766468
13213869,76.54209914395642
9393873,489.02769859194103
6043671,157.07179221493936
25937108,234.13554899950887
5029573,80.50424228714196
3903173,192.947129679945
21029378,187.00122474347495
14243671,129.7589937918144
5192219,73.31727404917966
23606605,182.79807169016874
29262635,179.96212997106875
26484308,44.882355656104416
13394404,118.74309135820738
26540634,128.88115992412034
21891406,116.98465453856026
6776698,52.80121720029617
28198715,126.46340973718536
26655705,168.3993816338897
906829,205.44228028750214
24667021,240.94557497443097
22898351,103.54774354625879
28207149,119.43678608213342
6348972,79.02250598123977
8441969,82.47985830865919
29614352,131.7564962700164
13615840,141.77294707421845
29710266,90.93066527456698
8846293,67.39222365381688
7821813,77.63481000676325
10695321,75.93563461762305
16929407,163.23531292702535
17839469,57.80879581688267
1745658,189.3612720611611
28012942,169.25377815307954
739811,64.18522398719857
4311233,188.5275740106905
14527923,88.98232752177199
21151399,176.33345597169455
5051597,99.07374300414857
23650008,64.55900207261851
15230053,404.00799320731244
11199622,264.47381907210473
4897673,51.584259107195514
21254802,60.57650340819672
6908209,223.08705887836553
15833471,99.05348764189135
18283646,61.32609034906394
21170173,248.61822467153252
20548717,86.67144290938352
18878391,59.846807821775506
3662949,196.30882108813094
28317888,162.6027529411633
24765844,182.7107459686761
24041916,106.59782009525587
4767139,73.92797774973677
29678364,121.76173472324753
4235843,77.33672722974836
7227492,151.92245242035918
19072201,82.25476768318413
7380251,99.12815760019281
20608040,58.04922076136081
9089397,71.6402395400981
9197311,234.3072469826169
16175674,160.0720576141022
6827028,275.202113006831
17477830,61.77600609305811
20523843,68.7008420181918
27609355,63.6426507386498
22339165,67.78462764676654
18024380,56.27798281635719
29711508,84.45284608846946
26329644,89.8137327175436
13252254,109.97107050229219
22563606,208.72699424337455
25211872,72.3933275269965
22907591,239.0140529214926
8423666,85.04630072293837
1871311,179.78789072524827
26165670,148.05714675481457
23713463,69.23465955456349
29390543,234.85067586372543
12056517,165.19516168381165
10039083,233.1005897812278
26425504,77.28173850096202
18091036,308.0044777926925
20248246,58.780678514207715
8629731,165.85202711428926
5077231,198.53377004382799
19228313,80.05716348990823
14522966,499.63605071769393
16322547,68.39328750926397
25669472,110.87277718766516
22205622,74.12438407072315
21818296,207.9165849118905
1377134,130.55513215775815
4497294,68.61778241799165
21883990,231.30434147622987
22812985,50.40467279830488
27007189,67.17432283788067
2659477,145.72817148116695
21966434,39.57333845493724
8193608,150.90374749263358
10016503,242.52830429454153
16312970,69.81795751758385
8521692,187.91111859193902
27696495,75.32446772271713
3896579,210.75735710445642
11651505,54.20528376969363
27807509,123.07353632949021
16599472,208.1191066772951
9902915,126.24126298950718
4879911,88.16595846097131
2222428,257.53061182402973
15372508,200.59009367902468
9079542,61.41777600611507
16454703,174.5663032835016
26597239,63.463825993943225
4163804,268.63281910310866
22399042,63.750866945982494
7515594,113.35728310884393
3010988,54.41040249683749
6452585,107.30750897805645
18039329,249.0530253801638
7218561,81.44904238012857
26417009,44.54717114977205
2716762,284.98459486595135
22026881,151.39223444563768
8047711,73.00347435044358
29430890,694.2457869684641
22550289,180.79906161156646
14989101,122.69617537454677
21349548,77.49426427704026
28891558,68.64871654357326
11651554,163.25520793743604
22341035,41.88470803187929
26995950,59.91302436382813
23488488,144.71908857872833
14671123,76.16674629642011
13392941,112.55974223660711
8634024,63.21741542449704
26874350,273.7688904226059
14382631,137.03366924290322
26538883,141.3691379662167
1391024,64.03360579646106
16154904,111.94078622666704
906058,103.3415503585601
10368055,421.57634747776666
17764691,138.02226287940837
24942483,66.26303218386762
2631224,61.06564852888209
22097438,272.2197327044827
16177837,149.58287829475108
12812544,236.30444448154628
6491278,145.10866691689418
3601900,68.31251176472887
1935175,143.66454149689253
22818498,72.44459808008178
20843577,94.01804832953434
25635420,62.71883751295828
28129053,135.5765231939931
23237952,57.252016861576415
28671495,48.20732758629231
23861801,42.88809605388044
13109413,216.00845915409332
28864751,107.9017259621387
29132306,188.53925989996335
3741530,132.31339259876313
14135904,104.90469135267917
3623158,78.6485757767909
28736839,189.12273804937277
13137219,95.25203828376823
5760510,172.7061468428046
10011009,217.0064258243784
19876256,122.66226112863326
25448758,77.82937687089075
28467015,63.79308484902614
8720865,315.4450955132423
14051403,89.02528230718805
2523629,119.3568084574755
28567561,76.01213193887753
4991895,58.35862849020581
13441680,84.74247173652607
21908850,86.02559530663599
2345266,70.1650504967938
1239017,386.625875591187
6601194,74.50095366933644
21984130,266.58262028535466
12738790,181.6189541244988
11216918,226.06683463481804
9978722,103.41477561583754
21845187,72.80821256084596
6051044,65.00859470156637
23257611,91.97378938275999
5739031,72.85772533138365
27707579,59.33479021837996
8139311,188.8843361576492
20887992,56.459803090523316
6494312,68.23554698480989
4991235,69.15164455242189
27082824,142.146984341271
24129287,58.45623980465802
16845648,220.4334969010379
2671737,58.66160326000115
20480110,181.5508203834685
13082582,57.58245240745398
22594239,126.4105341877255
20667684,109.03169548891348
2419438,124.85375619403077
24937941,182.4485741159857
23580351,136.34408322625197
4951097,223.72871054548844
19051760,96.68195954999236
7349064,312.54668023582803
17512553,134.10489255369126
4198153,208.96104316183607
18737594,337.23779674225403
10024702,219.38482797143243
5989528,257.6921052027323
12155727,132.73551249700287
27387286,120.12579663116291
25168638,183.04836729413887
11497938,123.25990720760672
21785426,98.53990451920504
22385723,61.78845614980773
11677431,68.95504307484639
22208315,117.35850910551967
463042,212.29394543845228
20812365,176.7354284612879
6561509,72.17470153311761
8207003,146.88327325129342
68900,88.71274650986254
2291893,67.15109031925887
13130313,175.08130850649732
22465657,193.47730706858843
15985491,184.26871786335337
16604913,81.85350485858231
13444042,180.2898844280048
10233563,204.3641259273279
4416984,86.14392599453191
7483034,181.87033847643684
6364404,285.2498069681239
18253938,94.18772053237262
14162696,63.62183454072692
13168252,177.21308980752622
26946208,75.60440130790954
19736798,80.40656912352476
13102409,173.04311400154666
15937164,295.5080702630314
19901516,267.73919006473824
6343641,55.46609337094037
29398819,248.92326480608736
21621231,109.336354805884
261674,135.47334044124761
1079675,164.86491371365713
9610258,69.31045026407176
18735449,60.60608557016358
24377526,120.61183121143866
13444884,246.98501532772676
25110602,62.33435909202958
6993265,280.8538634994097
13920697,116.43668963939545
24018783,135.24993537868912
6913431,132.23730038577833
24856606,76.09865715129224
2248580,508.09564753592485
12342004,150.10105185306682
20990431,86.90162839515096
12403252,172.15350992409984
21913782,271.10701637012903
14854002,73.13659699351895
26987854,75.06137755306146
24599215,275.41284028249623
8168670,181.87880360302958
23703407,104.64261627463635
21201654,79.79538271272156
23522986,75.84984525966969
22376619,128.90063130610656
4369737,174.96075844774586
436510,184.84660883741677
22100318,269.0067915745801
8934898,65.13538155433018
7629563,67.20305825841724
20679181,212.1130736446233
24580422,150.14151986180153
9343466,89.30237858747005
28839448,93.2391492233548
19601,402.5082009057696
9745297,126.58320724609973
16991994,144.27623729003002
27660427,99.77149315707506
25209293,237.34070477983565
7900957,66.32329383356851
20748152,53.08624913829174
15393668,151.83856890964088
1005416,90.56642364342001
20955493,67.1221419533458
17263550,112.44960676601725
29367652,172.53714608057797
9155212,83.14677891196173
24281831,213.22213708616187
8589299,91.81731905920782
22246294,631.0079989804193
22470605,69.62988770665216
28661500,68.20326824625784
17545775,121.74679990980194
17679000,76.74501706933415
7979237,80.61682356995351
1183172,152.69648770142499
14787406,76.18865360959855
13044964,63.98894957579595
25155248,129.49474587163692
28291780,104.19158091117363
24312275,164.5533856844054
24286497,187.08347099936415
6628193,86.90372889785726
7326480,177.86828346581612
17512261,167.4944677732968
26148956,77.1821896339888
6966635,228.56477416487942
4868048,73.58405585535775
15734793,68.0560194287168
18139702,102.8869461143593
28712018,100.40767391497525
638822,102.78931837101602
14784557,207.36944537696715
21098555,159.08757404162898
4686678,190.38152739080724
15624363,67.18380140509255
13084019,344.0601428379202
28194147,102.57356886866835
18695409,301.33273646851177
153780,136.6105610181692
26689797,181.50103531313994
8506013,74.176978658116
4449611,132.83807582903498
21562024,159.52804177447828
21437509,87.54094138100963
11320482,85.44280225586442
3831962,123.42040249862788
13094020,126.21118382982043
25129037,138.89614775477477
15819242,137.18449253226
4404951,162.6378813859115
26948057,172.22739727959927
15133612,132.61676308454778
22372893,61.589560919748784
13153856,129.78793463713998
8963968,59.83451169579657
9707426,236.52755789071298
16454273,129.05082792083087
27424610,68.63900678635872
9495205,133.3033258218728
15913986,221.84414657947787
19342315,76.46524566617283
13152876,72.41797024960098
17573027,105.26100682683591
18931423,61.03038550157541
8505892,354.79486240322086
10031336,218.38110518501117
2863530,189.93945566684548
8409459,111.74808154233152
18412055,179.35330131589743
6977204,81.56393383350644
17366679,65.03094166988647
1740311,162.46519616422458
3250685,68.51782808888053
28390924,125.50073979567934
4824361,84.77306858276586
8195335,95.03467409646755
9615815,213.76875077581784
27651319,61.16532722909756
24203813,258.9432712211291
8549106,310.49367072337446
13495691,69.03537189673993
16011299,67.37842392878356
8957301,419.2010362391058
8412352,189.64239225226666
13511347,105.440602823392
2031495,111.33376558787073
27953641,156.52953930915146
10120021,255.04934052630634
20355471,141.2566607692362
16751768,147.31333305824236
1126492,91.15048556280351
3704067,144.42381464378252
25815764,87.88011399755051
21826537,254.45322206463433
19057018,72.12507429319021
21771454,135.54242165486303
3663178,234.88838912021103
14444988,229.6850847430585
6093352,68.91294561067768
468613,92.74411110911365
20936537,57.030924946061496
28849818,186.49622694682725
3939086,48.82679351014453
11377330,453.9999984739302
4820760,81.25610957950745
10502523,44.612988526699844
20121308,127.32027725459945
27125757,56.993726274541814
6029156,183.31678250288607
65019,189.1508428685988
22267590,148.85293850635253
12019589,161.63728980100302
21996228,145.17725855447569
28221653,104.30538482481533
1727923,146.87777936422137
6622389,126.77478906873607
13562635,224.38767814458132
28779900,50.04916570434946
26124342,295.7103977484464
21880038,419.598884232453
9367923,166.25443737295214
22769828,64.74513832172123
13895437,70.52284620918674
29009808,208.18891925844346
13250230,354.7536739816276
22126048,53.098228742819465
254790,73.53635953355597
21266810,172.83843699580112
17231838,131.6651254332791
29492381,116.67475043957347
21027995,82.23375900303004
11503509,468.12646628461795
29183932,54.7353321936417
6360639,107.62391143085746
6395433,105.59285670247523
29646622,264.6140615081542
29090883,132.41744561528338
20898641,116.91954610928194
22325617,73.7080782180819
8372650,235.39223708301412
3812554,81.11422846613888
18891508,77.54270785928297
18111901,122.68744776052456
